# Blender 4.5.4 LTS
# www.blender.org
mtllib oblisk.mtl
o oblisk_txt
v -0.100000 -1.000000 0.100000
v 0.000001 -1.000000 0.100000
v 0.100000 -1.000000 0.100000
v 0.100000 -1.000000 -0.100000
v -0.100000 -1.000000 0.000000
v 0.000000 -1.000000 -0.100000
v -0.099999 -1.000000 -0.100000
v 0.000001 -1.000000 0.000000
v 0.100000 -1.000000 0.000000
v 0.000000 -1.000000 2.458578
v -0.100000 -1.000000 2.550000
v 0.100000 -1.000000 2.550000
v -0.100000 -1.000000 -2.550000
v 0.000000 -1.000000 -2.458577
v 0.100000 -1.000000 -2.550000
v -2.550000 -1.000000 -0.100000
v -2.458578 -1.000000 0.000000
v -2.550000 -1.000000 0.100000
v -2.550000 -1.000000 2.550000
v -2.550000 -1.000000 -2.550000
v 2.550000 -1.000000 0.100000
v 2.550000 -1.000000 -0.100000
v 2.458577 -1.000000 0.000000
v 2.550000 -1.000000 2.550000
v 2.550000 -1.000000 -2.550000
v -0.000000 8.115491 0.550000
v 0.550000 8.115492 0.000000
v -0.000000 8.115492 -0.550000
v -0.550000 8.115491 0.000000
v 0.445711 8.115491 0.304289
v 0.304289 8.115491 0.445711
v 0.375000 8.215491 0.375000
v -0.445711 8.115491 -0.304289
v -0.304289 8.115491 -0.445711
v -0.375000 8.215491 -0.375000
v 0.304289 8.115491 -0.445711
v 0.445711 8.115491 -0.304289
v 0.375000 8.215491 -0.375000
v -0.304289 8.115491 0.445711
v -0.445711 8.115491 0.304289
v -0.375000 8.215491 0.375000
v -0.000000 5.115491 0.550000
v 0.157838 5.115491 0.550000
v -0.157838 5.115491 0.550000
v 0.157838 5.115491 -0.550000
v -0.157838 5.115491 -0.550000
v -0.000000 5.115490 -0.550000
v 0.550000 5.115491 -0.157838
v 0.550000 5.115491 0.157838
v 0.550000 5.115490 0.000000
v -0.550000 5.115491 0.157838
v -0.550000 5.115491 0.000000
v -0.550000 5.115491 -0.157838
v -0.000000 1.000000 -0.550000
v 0.550000 1.000000 0.000000
v -0.000000 1.000000 0.550000
v -4.991226 -0.995201 4.977923
v -4.988973 -1.000000 4.988973
v -4.977923 -0.995202 4.991226
v -4.993886 -0.997521 4.979943
v -4.987301 -0.994121 4.982439
v -4.991296 -0.997053 4.986942
v -4.983820 -0.999238 4.993165
v -4.993165 -0.999238 4.983821
v -4.990326 -0.998607 4.990326
v -4.982439 -0.994121 4.987300
v -4.979942 -0.997521 4.993886
v -4.986942 -0.997053 4.991296
v -0.995400 0.994845 1.008569
v -0.990000 1.000000 0.990000
v -1.008569 0.994845 0.995400
v -0.993687 0.997360 1.002924
v -0.999924 0.995991 1.004734
v -0.997985 0.997704 1.000940
v -0.996134 0.999245 0.991713
v -0.991713 0.999245 0.996133
v -0.996769 0.998755 0.996769
v -1.004735 0.995991 0.999924
v -1.002924 0.997360 0.993687
v -1.000940 0.997704 0.997984
v -4.977923 -0.995201 -4.991226
v -4.988973 -1.000000 -4.988973
v -4.991226 -0.995202 -4.977923
v -4.979943 -0.997521 -4.993886
v -4.982440 -0.994121 -4.987301
v -4.986942 -0.997053 -4.991296
v -4.993165 -0.999237 -4.983820
v -4.983821 -0.999238 -4.993165
v -4.990326 -0.998607 -4.990326
v -4.987301 -0.994121 -4.982439
v -4.993887 -0.997521 -4.979943
v -4.991296 -0.997053 -4.986942
v -0.995400 0.994845 -1.008569
v -1.008569 0.994845 -0.995400
v -0.990000 1.000000 -0.990000
v -0.999924 0.995991 -1.004735
v -0.993687 0.997360 -1.002924
v -0.997984 0.997704 -1.000940
v -1.002924 0.997360 -0.993687
v -1.004734 0.995991 -0.999924
v -1.000940 0.997704 -0.997985
v -0.991713 0.999245 -0.996134
v -0.996133 0.999245 -0.991713
v -0.996769 0.998755 -0.996769
v 4.977923 -0.995201 4.991226
v 4.988973 -1.000000 4.988973
v 4.991226 -0.995202 4.977923
v 4.979943 -0.997521 4.993886
v 4.982439 -0.994121 4.987301
v 4.986942 -0.997053 4.991296
v 4.993165 -0.999238 4.983820
v 4.983821 -0.999238 4.993165
v 4.990326 -0.998607 4.990326
v 4.987300 -0.994121 4.982439
v 4.993886 -0.997521 4.979942
v 4.991296 -0.997053 4.986942
v 1.008569 0.994845 0.995400
v 0.990000 1.000000 0.990000
v 0.995400 0.994845 1.008569
v 1.002924 0.997360 0.993687
v 1.004734 0.995991 0.999924
v 1.000940 0.997704 0.997984
v 0.991713 0.999245 0.996134
v 0.996133 0.999245 0.991713
v 0.996769 0.998755 0.996769
v 0.999924 0.995991 1.004734
v 0.993687 0.997360 1.002924
v 0.997984 0.997704 1.000940
v 4.991226 -0.995201 -4.977923
v 4.988973 -1.000000 -4.988973
v 4.977923 -0.995202 -4.991226
v 4.993886 -0.997521 -4.979943
v 4.987301 -0.994121 -4.982440
v 4.991296 -0.997053 -4.986942
v 4.983820 -0.999238 -4.993165
v 4.993165 -0.999238 -4.983821
v 4.990326 -0.998607 -4.990326
v 4.982439 -0.994121 -4.987301
v 4.979942 -0.997521 -4.993886
v 4.986941 -0.997053 -4.991296
v 0.995400 0.994845 -1.008569
v 0.990000 1.000000 -0.990000
v 1.008569 0.994845 -0.995400
v 0.993687 0.997360 -1.002924
v 0.999924 0.995991 -1.004734
v 0.997985 0.997704 -1.000940
v 0.996134 0.999245 -0.991713
v 0.991713 0.999245 -0.996133
v 0.996769 0.998755 -0.996769
v 1.004735 0.995991 -0.999924
v 1.002924 0.997360 -0.993687
v 1.000940 0.997704 -0.997984
v -2.806709 -0.094845 2.819878
v -2.819878 -0.094845 2.806709
v -2.838048 -0.097202 2.838048
v -2.811233 -0.093699 2.816044
v -2.816647 -0.096950 2.825464
v -2.819839 -0.096538 2.822670
v -2.825464 -0.096950 2.816647
v -2.816044 -0.093699 2.811233
v -2.822671 -0.096538 2.819839
v -2.828110 -0.097812 2.832110
v -2.832110 -0.097812 2.828110
v -2.826554 -0.097795 2.826555
v -3.180326 -0.004798 3.167023
v -3.167023 -0.004798 3.180326
v -3.161952 -0.002798 3.161952
v -3.176401 -0.003717 3.171540
v -3.174636 -0.002866 3.165414
v -3.172609 -0.002458 3.169655
v -3.165414 -0.002866 3.174636
v -3.171540 -0.003717 3.176401
v -3.169655 -0.002458 3.172609
v -3.167924 -0.002136 3.163562
v -3.163562 -0.002136 3.167924
v -3.168500 -0.001956 3.168500
v -3.167023 -0.004798 -3.180326
v -3.180326 -0.004798 -3.167023
v -3.161952 -0.002798 -3.161952
v -3.171540 -0.003717 -3.176401
v -3.165414 -0.002866 -3.174636
v -3.169655 -0.002458 -3.172609
v -3.174636 -0.002866 -3.165414
v -3.176401 -0.003718 -3.171540
v -3.172609 -0.002458 -3.169655
v -3.163562 -0.002136 -3.167924
v -3.167924 -0.002136 -3.163562
v -3.168500 -0.001956 -3.168500
v -2.819878 -0.094845 -2.806709
v -2.806709 -0.094845 -2.819878
v -2.838048 -0.097202 -2.838048
v -2.816044 -0.093699 -2.811233
v -2.825464 -0.096950 -2.816647
v -2.822670 -0.096538 -2.819839
v -2.816647 -0.096950 -2.825464
v -2.811233 -0.093699 -2.816044
v -2.819839 -0.096538 -2.822671
v -2.832110 -0.097812 -2.828110
v -2.828110 -0.097812 -2.832110
v -2.826555 -0.097795 -2.826554
v 3.180326 -0.004798 -3.167023
v 3.167023 -0.004798 -3.180326
v 3.161952 -0.002798 -3.161952
v 3.176401 -0.003717 -3.171540
v 3.174636 -0.002866 -3.165414
v 3.172609 -0.002458 -3.169655
v 3.165414 -0.002866 -3.174636
v 3.171540 -0.003718 -3.176401
v 3.169655 -0.002458 -3.172609
v 3.167924 -0.002136 -3.163562
v 3.163562 -0.002136 -3.167924
v 3.168500 -0.001956 -3.168500
v 2.806709 -0.094845 -2.819878
v 2.819878 -0.094845 -2.806709
v 2.838048 -0.097202 -2.838048
v 2.811233 -0.093699 -2.816044
v 2.816647 -0.096950 -2.825464
v 2.819839 -0.096538 -2.822670
v 2.825464 -0.096950 -2.816647
v 2.816044 -0.093699 -2.811233
v 2.822671 -0.096538 -2.819839
v 2.828110 -0.097812 -2.832110
v 2.832110 -0.097812 -2.828110
v 2.826554 -0.097795 -2.826555
v 3.167023 -0.004798 3.180326
v 3.180326 -0.004798 3.167023
v 3.161952 -0.002798 3.161952
v 3.171540 -0.003717 3.176401
v 3.165414 -0.002866 3.174636
v 3.169655 -0.002458 3.172609
v 3.174636 -0.002866 3.165414
v 3.176401 -0.003717 3.171540
v 3.172609 -0.002458 3.169655
v 3.163562 -0.002136 3.167924
v 3.167924 -0.002136 3.163562
v 3.168500 -0.001956 3.168500
v 2.806709 -0.094845 2.819878
v 2.838048 -0.097202 2.838048
v 2.819878 -0.094845 2.806709
v 2.816647 -0.096950 2.825464
v 2.811233 -0.093699 2.816044
v 2.819839 -0.096538 2.822671
v 2.832110 -0.097812 2.828110
v 2.828110 -0.097812 2.832110
v 2.826555 -0.097795 2.826554
v 2.816044 -0.093699 2.811233
v 2.825464 -0.096950 2.816647
v 2.822670 -0.096538 2.819839
v -4.817155 -0.992483 -0.007517
v -4.805590 -1.000000 0.000000
v -4.817155 -0.992483 0.007517
v -4.811780 -0.996304 -0.001769
v -4.816072 -0.994463 -0.002722
v -4.813785 -0.996855 -0.000640
v -4.807500 -0.999069 -0.000897
v -4.807500 -0.999070 0.000897
v -4.810822 -0.998357 -0.000000
v -4.816072 -0.994463 0.002722
v -4.811780 -0.996304 0.001769
v -4.813785 -0.996855 0.000640
v 4.817155 -0.992483 -0.007517
v 4.817155 -0.992483 0.007517
v 4.805590 -1.000000 0.000000
v 4.816072 -0.994463 -0.002722
v 4.811780 -0.996304 -0.001769
v 4.813785 -0.996855 -0.000640
v 4.811780 -0.996304 0.001769
v 4.816072 -0.994463 0.002722
v 4.813785 -0.996855 0.000640
v 4.807500 -0.999069 0.000897
v 4.807500 -0.999070 -0.000897
v 4.810822 -0.998357 0.000000
v 1.008569 0.994845 -0.110000
v 0.990000 1.000000 -0.110000
v 1.000000 0.992686 -0.092686
v 1.002924 0.997360 -0.110000
v 1.006380 0.995088 -0.104043
v 1.001885 0.997237 -0.104411
v 0.993137 0.998930 -0.104052
v 0.996134 0.999245 -0.110000
v 0.997649 0.998462 -0.104418
v 1.003248 0.994299 -0.097716
v 0.996791 0.996258 -0.097725
v 0.999922 0.996876 -0.100488
v 1.008569 0.994845 0.110000
v 1.000000 0.992686 0.092686
v 0.990000 1.000000 0.110000
v 1.006380 0.995088 0.104043
v 1.002924 0.997360 0.110000
v 1.001885 0.997237 0.104411
v 0.996791 0.996258 0.097725
v 1.003248 0.994299 0.097716
v 0.999922 0.996875 0.100488
v 0.996134 0.999245 0.110000
v 0.993137 0.998930 0.104052
v 0.997649 0.998462 0.104417
v 1.000000 0.907314 -0.007314
v 1.000000 0.907314 0.007314
v 1.000000 0.904637 -0.002677
v 1.000000 0.904637 0.002677
v 4.972511 -0.992483 0.092483
v 4.991226 -0.995202 0.110000
v 4.988806 -1.000000 0.100000
v 4.978987 -0.992357 0.097615
v 4.982306 -0.996302 0.095000
v 4.987174 -0.996300 0.098840
v 4.993863 -0.997524 0.108351
v 4.985831 -0.993351 0.104020
v 4.990727 -0.996601 0.103069
v 4.988246 -0.999079 0.097847
v 4.993094 -0.999231 0.104871
v 4.991668 -0.998416 0.101398
v 4.988806 -1.000000 -0.100000
v 4.991226 -0.995202 -0.110000
v 4.972511 -0.992483 -0.092483
v 4.993093 -0.999231 -0.104872
v 4.988246 -0.999079 -0.097847
v 4.991668 -0.998416 -0.101398
v 4.985831 -0.993351 -0.104020
v 4.993863 -0.997524 -0.108352
v 4.990727 -0.996601 -0.103069
v 4.982306 -0.996302 -0.095000
v 4.978987 -0.992357 -0.097615
v 4.987174 -0.996300 -0.098840
v -1.008569 0.994845 0.110000
v -0.990000 1.000000 0.110000
v -1.000000 0.992686 0.092686
v -1.002924 0.997360 0.110000
v -1.006380 0.995088 0.104043
v -1.001885 0.997237 0.104411
v -0.993137 0.998930 0.104052
v -0.996134 0.999245 0.110000
v -0.997649 0.998462 0.104418
v -1.003248 0.994299 0.097716
v -0.996791 0.996258 0.097725
v -0.999922 0.996876 0.100488
v -1.008569 0.994845 -0.110000
v -1.000000 0.992686 -0.092686
v -0.990000 1.000000 -0.110000
v -1.006380 0.995088 -0.104043
v -1.002924 0.997360 -0.110000
v -1.001885 0.997237 -0.104411
v -0.996791 0.996258 -0.097725
v -1.003248 0.994299 -0.097716
v -0.999922 0.996875 -0.100488
v -0.996134 0.999245 -0.110000
v -0.993137 0.998930 -0.104052
v -0.997649 0.998462 -0.104417
v -1.000000 0.907314 0.007314
v -1.000000 0.907314 -0.007314
v -1.000000 0.904637 0.002677
v -1.000000 0.904637 -0.002677
v -4.972511 -0.992483 -0.092483
v -4.991226 -0.995202 -0.110000
v -4.988806 -1.000000 -0.100000
v -4.978987 -0.992357 -0.097615
v -4.982306 -0.996302 -0.095000
v -4.987174 -0.996300 -0.098840
v -4.993863 -0.997524 -0.108351
v -4.985831 -0.993351 -0.104020
v -4.990727 -0.996601 -0.103069
v -4.988246 -0.999079 -0.097847
v -4.993093 -0.999231 -0.104871
v -4.991668 -0.998416 -0.101398
v -4.991226 -0.995202 0.110000
v -4.972511 -0.992483 0.092483
v -4.988806 -1.000000 0.100000
v -4.985831 -0.993351 0.104020
v -4.993863 -0.997524 0.108352
v -4.990727 -0.996601 0.103069
v -4.982306 -0.996302 0.095000
v -4.978987 -0.992357 0.097615
v -4.987174 -0.996300 0.098840
v -4.993093 -0.999231 0.104872
v -4.988246 -0.999079 0.097847
v -4.991668 -0.998416 0.101398
v 2.819878 -0.094845 0.110000
v 2.838048 -0.097202 0.110000
v 2.838241 -0.104359 0.092786
v 2.819245 -0.101789 0.092676
v 2.825470 -0.096952 0.110000
v 2.820239 -0.096137 0.104041
v 2.825812 -0.098191 0.103821
v 2.837778 -0.098338 0.104061
v 2.832104 -0.097812 0.110000
v 2.831750 -0.098938 0.103830
v 2.832114 -0.104260 0.093468
v 2.837849 -0.100952 0.097773
v 2.831751 -0.101126 0.098236
v 2.820007 -0.098675 0.097711
v 2.825170 -0.103320 0.093427
v 2.825711 -0.100355 0.098212
v 2.838241 -0.104359 -0.092786
v 2.838048 -0.097202 -0.110000
v 2.819878 -0.094845 -0.110000
v 2.819245 -0.101788 -0.092676
v 2.837849 -0.100952 -0.097773
v 2.832114 -0.104260 -0.093468
v 2.831751 -0.101126 -0.098236
v 2.832104 -0.097812 -0.110000
v 2.837778 -0.098338 -0.104061
v 2.831750 -0.098938 -0.103830
v 2.820239 -0.096137 -0.104041
v 2.825470 -0.096951 -0.110000
v 2.825812 -0.098191 -0.103821
v 2.825170 -0.103320 -0.093427
v 2.820007 -0.098675 -0.097711
v 2.825711 -0.100355 -0.098212
v 2.838241 -0.189932 0.007214
v 2.838241 -0.189932 -0.007214
v 2.819245 -0.187140 -0.007324
v 2.819245 -0.187140 0.007324
v 2.838905 -0.192208 0.002606
v 2.832114 -0.189762 0.007965
v 2.832041 -0.192662 0.002644
v 2.832114 -0.189762 -0.007965
v 2.838905 -0.192208 -0.002606
v 2.832041 -0.192662 -0.002644
v 2.818138 -0.188980 -0.002654
v 2.825170 -0.188742 -0.008006
v 2.825063 -0.191579 -0.002665
v 2.825170 -0.188742 0.008006
v 2.818138 -0.188980 0.002654
v 2.825063 -0.191579 0.002665
v 3.161759 -0.010068 -0.092786
v 3.180880 -0.012618 -0.092483
v 3.180326 -0.004798 -0.110000
v 3.161952 -0.002798 -0.110000
v 3.167903 -0.010198 -0.092011
v 3.161489 -0.006626 -0.097773
v 3.168079 -0.006070 -0.097709
v 3.181245 -0.009149 -0.097617
v 3.174895 -0.011130 -0.091900
v 3.174731 -0.006917 -0.097656
v 3.174636 -0.002866 -0.110000
v 3.181042 -0.006292 -0.104018
v 3.174643 -0.004142 -0.103751
v 3.161560 -0.003970 -0.104061
v 3.167925 -0.002136 -0.110000
v 3.168084 -0.003359 -0.103767
v 3.161759 -0.010068 0.092786
v 3.161952 -0.002798 0.110000
v 3.180326 -0.004798 0.110000
v 3.180880 -0.012618 0.092483
v 3.161489 -0.006626 0.097773
v 3.167903 -0.010198 0.092011
v 3.168079 -0.006070 0.097709
v 3.167925 -0.002136 0.110000
v 3.161560 -0.003970 0.104061
v 3.168084 -0.003359 0.103767
v 3.181042 -0.006292 0.104018
v 3.174636 -0.002866 0.110000
v 3.174644 -0.004142 0.103751
v 3.174894 -0.011130 0.091900
v 3.181245 -0.009149 0.097617
v 3.174731 -0.006917 0.097656
v 3.180880 -0.097584 -0.007517
v 3.161759 -0.095641 -0.007214
v 3.161759 -0.095641 0.007214
v 3.180880 -0.097584 0.007517
v 3.174894 -0.096289 -0.006742
v 3.179797 -0.099564 -0.002722
v 3.174271 -0.098202 -0.002267
v 3.162422 -0.097917 -0.002606
v 3.167903 -0.095578 -0.006631
v 3.168367 -0.097641 -0.002228
v 3.167903 -0.095578 0.006631
v 3.162422 -0.097917 0.002606
v 3.168367 -0.097641 0.002228
v 3.179797 -0.099564 0.002722
v 3.174895 -0.096289 0.006742
v 3.174271 -0.098202 0.002267
v -2.819878 -0.094845 -0.110000
v -2.838048 -0.097202 -0.110000
v -2.838241 -0.104359 -0.092786
v -2.819245 -0.101789 -0.092676
v -2.825470 -0.096952 -0.110000
v -2.820239 -0.096137 -0.104041
v -2.825812 -0.098191 -0.103821
v -2.837778 -0.098338 -0.104061
v -2.832104 -0.097812 -0.110000
v -2.831750 -0.098938 -0.103830
v -2.832114 -0.104260 -0.093468
v -2.837849 -0.100952 -0.097773
v -2.831751 -0.101126 -0.098236
v -2.820007 -0.098675 -0.097711
v -2.825170 -0.103320 -0.093427
v -2.825711 -0.100355 -0.098212
v -2.838241 -0.104359 0.092786
v -2.838048 -0.097202 0.110000
v -2.819878 -0.094845 0.110000
v -2.819245 -0.101788 0.092676
v -2.837849 -0.100952 0.097773
v -2.832114 -0.104260 0.093468
v -2.831751 -0.101126 0.098236
v -2.832104 -0.097812 0.110000
v -2.837778 -0.098338 0.104061
v -2.831750 -0.098938 0.103830
v -2.820239 -0.096137 0.104041
v -2.825470 -0.096951 0.110000
v -2.825812 -0.098191 0.103821
v -2.825170 -0.103320 0.093427
v -2.820007 -0.098675 0.097711
v -2.825711 -0.100355 0.098212
v -2.838241 -0.189932 -0.007214
v -2.838241 -0.189932 0.007214
v -2.819245 -0.187140 0.007324
v -2.819245 -0.187140 -0.007324
v -2.838905 -0.192208 -0.002606
v -2.832114 -0.189762 -0.007965
v -2.832041 -0.192662 -0.002644
v -2.832114 -0.189762 0.007965
v -2.838905 -0.192208 0.002606
v -2.832041 -0.192662 0.002644
v -2.818138 -0.188980 0.002654
v -2.825170 -0.188742 0.008006
v -2.825063 -0.191579 0.002665
v -2.825170 -0.188742 -0.008006
v -2.818138 -0.188980 -0.002654
v -2.825063 -0.191579 -0.002665
v -3.161759 -0.010068 0.092786
v -3.180880 -0.012618 0.092483
v -3.180326 -0.004798 0.110000
v -3.161952 -0.002798 0.110000
v -3.167903 -0.010198 0.092011
v -3.161489 -0.006626 0.097773
v -3.168079 -0.006070 0.097709
v -3.181245 -0.009149 0.097617
v -3.174895 -0.011130 0.091900
v -3.174731 -0.006917 0.097656
v -3.174636 -0.002866 0.110000
v -3.181042 -0.006292 0.104018
v -3.174643 -0.004142 0.103751
v -3.161560 -0.003970 0.104061
v -3.167925 -0.002136 0.110000
v -3.168084 -0.003359 0.103767
v -3.161759 -0.010068 -0.092786
v -3.161952 -0.002798 -0.110000
v -3.180326 -0.004798 -0.110000
v -3.180880 -0.012618 -0.092483
v -3.161489 -0.006626 -0.097773
v -3.167903 -0.010198 -0.092011
v -3.168079 -0.006070 -0.097709
v -3.167925 -0.002136 -0.110000
v -3.161560 -0.003970 -0.104061
v -3.168084 -0.003359 -0.103767
v -3.181042 -0.006292 -0.104018
v -3.174636 -0.002866 -0.110000
v -3.174644 -0.004142 -0.103751
v -3.174894 -0.011130 -0.091900
v -3.181245 -0.009149 -0.097617
v -3.174731 -0.006917 -0.097656
v -3.180880 -0.097584 0.007517
v -3.161759 -0.095641 0.007214
v -3.161759 -0.095641 -0.007214
v -3.180880 -0.097584 -0.007517
v -3.174894 -0.096289 0.006742
v -3.179797 -0.099564 0.002722
v -3.174271 -0.098202 0.002267
v -3.162422 -0.097917 0.002606
v -3.167903 -0.095578 0.006631
v -3.168367 -0.097641 0.002228
v -3.167903 -0.095578 -0.006631
v -3.162422 -0.097917 -0.002606
v -3.168367 -0.097641 -0.002228
v -3.179797 -0.099564 -0.002722
v -3.174895 -0.096289 -0.006742
v -3.174271 -0.098202 -0.002267
v 0.110000 -0.995202 -4.991226
v 0.100000 -1.000000 -4.988806
v 0.092483 -0.992483 -4.972511
v 0.108351 -0.997524 -4.993863
v 0.104020 -0.993351 -4.985831
v 0.103069 -0.996601 -4.990727
v 0.097847 -0.999079 -4.988246
v 0.104871 -0.999231 -4.993094
v 0.101398 -0.998416 -4.991668
v 0.097615 -0.992357 -4.978987
v 0.095000 -0.996302 -4.982306
v 0.098840 -0.996300 -4.987174
v -0.092483 -0.992483 -4.972511
v -0.100000 -1.000000 -4.988806
v -0.110000 -0.995202 -4.991226
v -0.095000 -0.996302 -4.982306
v -0.097615 -0.992357 -4.978987
v -0.098840 -0.996300 -4.987174
v -0.104872 -0.999231 -4.993093
v -0.097847 -0.999079 -4.988246
v -0.101398 -0.998416 -4.991668
v -0.104020 -0.993351 -4.985831
v -0.108352 -0.997524 -4.993863
v -0.103069 -0.996601 -4.990727
v -0.110000 0.994845 -1.008569
v -0.110000 1.000000 -0.990000
v -0.092686 0.992686 -1.000000
v -0.110000 0.997360 -1.002924
v -0.104043 0.995088 -1.006380
v -0.104411 0.997237 -1.001885
v -0.104052 0.998930 -0.993137
v -0.110000 0.999245 -0.996134
v -0.104418 0.998462 -0.997649
v -0.097716 0.994299 -1.003248
v -0.097725 0.996258 -0.996791
v -0.100488 0.996876 -0.999922
v 0.110000 0.994845 -1.008569
v 0.092686 0.992686 -1.000000
v 0.110000 1.000000 -0.990000
v 0.104043 0.995088 -1.006380
v 0.110000 0.997360 -1.002924
v 0.104411 0.997237 -1.001885
v 0.097725 0.996258 -0.996791
v 0.097716 0.994299 -1.003248
v 0.100488 0.996875 -0.999922
v 0.110000 0.999245 -0.996134
v 0.104052 0.998930 -0.993137
v 0.104417 0.998462 -0.997649
v -0.007314 0.907314 -1.000000
v 0.007314 0.907314 -1.000000
v -0.002677 0.904637 -1.000000
v 0.002677 0.904637 -1.000000
v -0.110000 -0.995202 4.991226
v -0.100000 -1.000000 4.988806
v -0.092483 -0.992483 4.972511
v -0.108351 -0.997524 4.993863
v -0.104020 -0.993351 4.985831
v -0.103069 -0.996601 4.990727
v -0.097847 -0.999079 4.988246
v -0.104871 -0.999231 4.993094
v -0.101398 -0.998416 4.991668
v -0.097615 -0.992357 4.978987
v -0.095000 -0.996302 4.982306
v -0.098840 -0.996300 4.987174
v 0.092483 -0.992483 4.972511
v 0.100000 -1.000000 4.988806
v 0.110000 -0.995202 4.991226
v 0.095000 -0.996302 4.982306
v 0.097615 -0.992357 4.978987
v 0.098840 -0.996300 4.987174
v 0.104872 -0.999231 4.993093
v 0.097847 -0.999079 4.988246
v 0.101398 -0.998416 4.991668
v 0.104020 -0.993351 4.985831
v 0.108352 -0.997524 4.993863
v 0.103069 -0.996601 4.990727
v 0.110000 0.994845 1.008569
v 0.110000 1.000000 0.990000
v 0.092686 0.992686 1.000000
v 0.110000 0.997360 1.002924
v 0.104043 0.995088 1.006380
v 0.104411 0.997237 1.001885
v 0.104052 0.998930 0.993137
v 0.110000 0.999245 0.996134
v 0.104418 0.998462 0.997649
v 0.097716 0.994299 1.003248
v 0.097725 0.996258 0.996791
v 0.100488 0.996876 0.999922
v -0.110000 0.994845 1.008569
v -0.092686 0.992686 1.000000
v -0.110000 1.000000 0.990000
v -0.104043 0.995088 1.006380
v -0.110000 0.997360 1.002924
v -0.104411 0.997237 1.001885
v -0.097725 0.996258 0.996791
v -0.097716 0.994299 1.003248
v -0.100488 0.996875 0.999922
v -0.110000 0.999245 0.996134
v -0.104052 0.998930 0.993137
v -0.104417 0.998462 0.997649
v 0.007314 0.907314 1.000000
v -0.007314 0.907314 1.000000
v 0.002677 0.904637 1.000000
v -0.002677 0.904637 1.000000
v -0.110000 -0.094845 2.819878
v -0.110000 -0.097202 2.838048
v -0.092786 -0.104359 2.838241
v -0.092676 -0.101789 2.819245
v -0.110000 -0.096952 2.825470
v -0.104041 -0.096137 2.820239
v -0.103821 -0.098191 2.825812
v -0.104061 -0.098338 2.837778
v -0.110000 -0.097812 2.832104
v -0.103830 -0.098938 2.831750
v -0.093468 -0.104260 2.832114
v -0.097773 -0.100952 2.837849
v -0.098236 -0.101126 2.831751
v -0.097711 -0.098675 2.820007
v -0.093427 -0.103320 2.825170
v -0.098212 -0.100355 2.825711
v 0.092786 -0.104359 2.838241
v 0.110000 -0.097202 2.838048
v 0.110000 -0.094845 2.819878
v 0.092676 -0.101788 2.819245
v 0.097773 -0.100952 2.837849
v 0.093468 -0.104260 2.832114
v 0.098236 -0.101126 2.831751
v 0.110000 -0.097812 2.832104
v 0.104061 -0.098338 2.837778
v 0.103830 -0.098938 2.831750
v 0.104041 -0.096137 2.820239
v 0.110000 -0.096951 2.825470
v 0.103821 -0.098191 2.825812
v 0.093427 -0.103320 2.825170
v 0.097711 -0.098675 2.820007
v 0.098212 -0.100355 2.825711
v -0.007214 -0.189932 2.838241
v 0.007214 -0.189932 2.838241
v 0.007324 -0.187140 2.819245
v -0.007324 -0.187140 2.819245
v -0.002606 -0.192208 2.838905
v -0.007965 -0.189762 2.832114
v -0.002644 -0.192662 2.832041
v 0.007965 -0.189762 2.832114
v 0.002606 -0.192208 2.838905
v 0.002644 -0.192662 2.832041
v 0.002654 -0.188980 2.818138
v 0.008006 -0.188742 2.825170
v 0.002665 -0.191579 2.825063
v -0.008006 -0.188742 2.825170
v -0.002654 -0.188980 2.818138
v -0.002665 -0.191579 2.825063
v 0.092786 -0.010068 3.161759
v 0.092483 -0.012618 3.180880
v 0.110000 -0.004798 3.180326
v 0.110000 -0.002798 3.161952
v 0.092011 -0.010198 3.167903
v 0.097773 -0.006626 3.161489
v 0.097709 -0.006070 3.168079
v 0.097617 -0.009149 3.181245
v 0.091900 -0.011130 3.174895
v 0.097656 -0.006917 3.174731
v 0.110000 -0.002866 3.174636
v 0.104018 -0.006292 3.181042
v 0.103751 -0.004142 3.174643
v 0.104061 -0.003970 3.161560
v 0.110000 -0.002136 3.167925
v 0.103767 -0.003359 3.168084
v -0.092786 -0.010068 3.161759
v -0.110000 -0.002798 3.161952
v -0.110000 -0.004798 3.180326
v -0.092483 -0.012618 3.180880
v -0.097773 -0.006626 3.161489
v -0.092011 -0.010198 3.167903
v -0.097709 -0.006070 3.168079
v -0.110000 -0.002136 3.167925
v -0.104061 -0.003970 3.161560
v -0.103767 -0.003359 3.168084
v -0.104018 -0.006292 3.181042
v -0.110000 -0.002866 3.174636
v -0.103751 -0.004142 3.174644
v -0.091900 -0.011130 3.174894
v -0.097617 -0.009149 3.181245
v -0.097656 -0.006917 3.174731
v -0.007517 -0.097584 3.180880
v 0.007517 -0.097584 3.180880
v 0.007214 -0.095641 3.161759
v -0.007214 -0.095641 3.161759
v -0.002722 -0.099564 3.179797
v -0.006742 -0.096289 3.174895
v -0.002267 -0.098202 3.174271
v 0.006742 -0.096289 3.174894
v 0.002722 -0.099564 3.179797
v 0.002267 -0.098202 3.174271
v 0.002606 -0.097917 3.162422
v 0.006631 -0.095578 3.167903
v 0.002228 -0.097641 3.168367
v -0.006631 -0.095578 3.167903
v -0.002606 -0.097917 3.162422
v -0.002228 -0.097641 3.168367
v 0.110000 -0.094845 -2.819878
v 0.110000 -0.097202 -2.838048
v 0.092786 -0.104359 -2.838241
v 0.092676 -0.101789 -2.819245
v 0.110000 -0.096952 -2.825470
v 0.104041 -0.096137 -2.820239
v 0.103821 -0.098191 -2.825812
v 0.104061 -0.098338 -2.837778
v 0.110000 -0.097812 -2.832104
v 0.103830 -0.098938 -2.831750
v 0.093468 -0.104260 -2.832114
v 0.097773 -0.100952 -2.837849
v 0.098236 -0.101126 -2.831751
v 0.097711 -0.098675 -2.820007
v 0.093427 -0.103320 -2.825170
v 0.098212 -0.100355 -2.825711
v -0.092786 -0.104359 -2.838241
v -0.110000 -0.097202 -2.838048
v -0.110000 -0.094845 -2.819878
v -0.092676 -0.101788 -2.819245
v -0.097773 -0.100952 -2.837849
v -0.093468 -0.104260 -2.832114
v -0.098236 -0.101126 -2.831751
v -0.110000 -0.097812 -2.832104
v -0.104061 -0.098338 -2.837778
v -0.103830 -0.098938 -2.831750
v -0.104041 -0.096137 -2.820239
v -0.110000 -0.096951 -2.825470
v -0.103821 -0.098191 -2.825812
v -0.093427 -0.103320 -2.825170
v -0.097711 -0.098675 -2.820007
v -0.098212 -0.100355 -2.825711
v 0.007214 -0.189932 -2.838241
v -0.007214 -0.189932 -2.838241
v -0.007324 -0.187140 -2.819245
v 0.007324 -0.187140 -2.819245
v 0.002606 -0.192208 -2.838905
v 0.007965 -0.189762 -2.832114
v 0.002644 -0.192662 -2.832041
v -0.007965 -0.189762 -2.832114
v -0.002606 -0.192208 -2.838905
v -0.002644 -0.192662 -2.832041
v -0.002654 -0.188980 -2.818138
v -0.008006 -0.188742 -2.825170
v -0.002665 -0.191579 -2.825063
v 0.008006 -0.188742 -2.825170
v 0.002654 -0.188980 -2.818138
v 0.002665 -0.191579 -2.825063
v -0.092786 -0.010068 -3.161759
v -0.092483 -0.012618 -3.180880
v -0.110000 -0.004798 -3.180326
v -0.110000 -0.002798 -3.161952
v -0.092011 -0.010198 -3.167903
v -0.097773 -0.006626 -3.161489
v -0.097709 -0.006070 -3.168079
v -0.097617 -0.009149 -3.181245
v -0.091900 -0.011130 -3.174895
v -0.097656 -0.006917 -3.174731
v -0.110000 -0.002866 -3.174636
v -0.104018 -0.006292 -3.181042
v -0.103751 -0.004142 -3.174643
v -0.104061 -0.003970 -3.161560
v -0.110000 -0.002136 -3.167925
v -0.103767 -0.003359 -3.168084
v 0.092786 -0.010068 -3.161759
v 0.110000 -0.002798 -3.161952
v 0.110000 -0.004798 -3.180326
v 0.092483 -0.012618 -3.180880
v 0.097773 -0.006626 -3.161489
v 0.092011 -0.010198 -3.167903
v 0.097709 -0.006070 -3.168079
v 0.110000 -0.002136 -3.167925
v 0.104061 -0.003970 -3.161560
v 0.103767 -0.003359 -3.168084
v 0.104018 -0.006292 -3.181042
v 0.110000 -0.002866 -3.174636
v 0.103751 -0.004142 -3.174644
v 0.091900 -0.011130 -3.174894
v 0.097617 -0.009149 -3.181245
v 0.097656 -0.006917 -3.174731
v 0.007517 -0.097584 -3.180880
v -0.007517 -0.097584 -3.180880
v -0.007214 -0.095641 -3.161759
v 0.007214 -0.095641 -3.161759
v 0.002722 -0.099564 -3.179797
v 0.006742 -0.096289 -3.174895
v 0.002267 -0.098202 -3.174271
v -0.006742 -0.096289 -3.174894
v -0.002722 -0.099564 -3.179797
v -0.002267 -0.098202 -3.174271
v -0.002606 -0.097917 -3.162422
v -0.006631 -0.095578 -3.167903
v -0.002228 -0.097641 -3.168367
v 0.006631 -0.095578 -3.167903
v 0.002606 -0.097917 -3.162422
v 0.002228 -0.097641 -3.168367
v 0.007517 -0.992483 4.817155
v -0.007517 -0.992483 4.817155
v 0.000000 -1.000000 4.805590
v 0.002722 -0.994463 4.816072
v 0.001769 -0.996304 4.811780
v 0.000640 -0.996855 4.813785
v -0.001769 -0.996304 4.811780
v -0.002722 -0.994463 4.816072
v -0.000640 -0.996855 4.813785
v -0.000897 -0.999069 4.807500
v 0.000897 -0.999070 4.807500
v -0.000000 -0.998357 4.810822
v -0.007304 0.907304 0.560000
v 0.007304 0.907304 0.560000
v -0.000000 0.914142 0.550000
v -0.002635 0.904803 0.560000
v -0.006181 0.908279 0.555092
v -0.001925 0.905655 0.555246
v 0.006181 0.908279 0.555092
v 0.002635 0.904803 0.560000
v 0.001925 0.905655 0.555246
v -0.003545 0.910746 0.551484
v 0.003545 0.910746 0.551484
v 0.000000 0.907503 0.552595
v 0.000000 -1.000000 -4.805589
v -0.007517 -0.992483 -4.817154
v 0.007517 -0.992483 -4.817154
v 0.000897 -0.999069 -4.807499
v -0.000897 -0.999070 -4.807499
v 0.000000 -0.998357 -4.810822
v -0.002722 -0.994463 -4.816072
v -0.001769 -0.996304 -4.811779
v -0.000640 -0.996855 -4.813784
v 0.001769 -0.996304 -4.811779
v 0.002722 -0.994463 -4.816072
v 0.000640 -0.996855 -4.813784
v -0.092696 0.992696 0.560000
v -0.095858 1.010000 0.550000
v -0.110000 1.000000 0.560000
v -0.094911 0.996993 0.555109
v -0.097732 0.996264 0.560000
v -0.098402 0.998818 0.555258
v -0.100358 1.005108 0.551473
v -0.096060 1.003285 0.551473
v -0.099231 1.001715 0.552582
v -0.104052 0.998931 0.560000
v -0.105500 1.001473 0.555108
v -0.101826 1.000266 0.555257
v 0.110000 1.000000 0.560000
v 0.095858 1.010000 0.550000
v 0.092696 0.992696 0.560000
v 0.105500 1.001473 0.555108
v 0.104052 0.998931 0.560000
v 0.101826 1.000266 0.555257
v 0.096060 1.003285 0.551473
v 0.100358 1.005108 0.551473
v 0.099231 1.001715 0.552582
v 0.097732 0.996264 0.560000
v 0.094911 0.996993 0.555109
v 0.098402 0.998818 0.555258
v 0.990000 1.000000 0.550000
v 1.008569 0.994845 0.554284
v 0.996148 0.999309 0.550574
v 1.002945 0.997422 0.552142
v 2.838048 -0.097202 1.469024
v 2.819878 -0.094845 1.459939
v 2.832099 -0.097910 1.466050
v 2.825449 -0.097048 1.462724
v 4.988932 -1.000000 2.550000
v 4.991226 -0.995202 2.545613
v 4.993290 -0.999357 2.549412
v 4.994130 -0.997601 2.547807
v 3.180326 -0.004798 1.640163
v 3.161952 -0.002798 1.630976
v 3.174653 -0.002774 1.637327
v 3.167928 -0.002042 1.633964
v -0.990000 1.000000 0.550000
v -1.008569 0.994845 0.554284
v -0.996148 0.999309 0.550574
v -1.002945 0.997422 0.552142
v -2.819878 -0.094845 1.459939
v -2.838048 -0.097202 1.469024
v -2.825449 -0.097048 1.462725
v -2.832099 -0.097910 1.466050
v -4.988932 -1.000000 2.550000
v -4.991226 -0.995202 2.545613
v -4.993290 -0.999357 2.549412
v -4.994130 -0.997601 2.547807
v -3.180326 -0.004798 1.640163
v -3.161952 -0.002798 1.630976
v -3.174653 -0.002774 1.637327
v -3.167928 -0.002042 1.633964
v -0.092696 0.992696 -0.560000
v -0.110000 1.000000 -0.560000
v -0.095858 1.010000 -0.550000
v -0.097732 0.996264 -0.560000
v -0.094911 0.996993 -0.555109
v -0.098402 0.998818 -0.555258
v -0.105500 1.001473 -0.555108
v -0.104052 0.998931 -0.560000
v -0.101826 1.000266 -0.555257
v -0.096060 1.003285 -0.551473
v -0.100358 1.005108 -0.551473
v -0.099231 1.001715 -0.552582
v -0.007304 0.907304 -0.560000
v -0.000000 0.914142 -0.550000
v 0.007304 0.907304 -0.560000
v -0.006181 0.908279 -0.555092
v -0.002635 0.904803 -0.560000
v -0.001925 0.905655 -0.555246
v 0.003545 0.910746 -0.551484
v -0.003545 0.910746 -0.551484
v -0.000000 0.907503 -0.552595
v 0.002635 0.904803 -0.560000
v 0.006181 0.908279 -0.555092
v 0.001925 0.905655 -0.555246
v 0.110000 1.000000 -0.560000
v 0.092696 0.992696 -0.560000
v 0.095858 1.010000 -0.550000
v 0.104052 0.998931 -0.560000
v 0.105500 1.001473 -0.555108
v 0.101826 1.000266 -0.555257
v 0.094911 0.996993 -0.555109
v 0.097732 0.996264 -0.560000
v 0.098402 0.998818 -0.555258
v 0.100358 1.005108 -0.551473
v 0.096060 1.003285 -0.551473
v 0.099231 1.001715 -0.552582
v 0.990000 1.000000 -0.550000
v 1.008569 0.994845 -0.554284
v 0.996148 0.999309 -0.550574
v 1.002945 0.997422 -0.552142
v 2.819878 -0.094845 -1.459939
v 2.838048 -0.097202 -1.469024
v 2.825449 -0.097048 -1.462725
v 2.832099 -0.097910 -1.466050
v 4.988932 -1.000000 -2.550000
v 4.991226 -0.995202 -2.545613
v 4.993290 -0.999357 -2.549412
v 4.994130 -0.997601 -2.547807
v 3.180326 -0.004798 -1.640163
v 3.161952 -0.002798 -1.630976
v 3.174653 -0.002774 -1.637327
v 3.167928 -0.002042 -1.633964
v -2.819878 -0.094845 -1.459939
v -2.838048 -0.097202 -1.469024
v -2.825449 -0.097048 -1.462724
v -2.832099 -0.097910 -1.466050
v -1.008569 0.994845 -0.554284
v -0.990000 1.000000 -0.550000
v -1.002945 0.997422 -0.552142
v -0.996148 0.999309 -0.550574
v -4.991226 -0.995202 -2.545613
v -4.988932 -1.000000 -2.550000
v -4.994130 -0.997601 -2.547807
v -4.993290 -0.999357 -2.549412
v -3.180326 -0.004798 -1.640163
v -3.161952 -0.002798 -1.630976
v -3.174653 -0.002774 -1.637327
v -3.167928 -0.002042 -1.633964
v -0.560000 0.992696 0.092696
v -0.560000 1.000000 0.110000
v -0.550000 1.011462 0.100332
v -0.560000 0.996264 0.097732
v -0.555079 0.998292 0.096631
v -0.555233 0.999390 0.099386
v -0.555125 1.001675 0.107161
v -0.560000 0.998931 0.104052
v -0.555272 1.000503 0.102790
v -0.551442 1.005144 0.099407
v -0.551492 1.005823 0.103657
v -0.552576 1.002529 0.101279
v -0.560000 0.907304 0.007304
v -0.550000 0.911246 0.000000
v -0.560000 0.907304 -0.007304
v -0.555058 0.907544 0.005850
v -0.560000 0.904803 0.002635
v -0.555218 0.905186 0.001827
v -0.551455 0.908977 -0.003203
v -0.551455 0.908977 0.003203
v -0.552562 0.906490 0.000000
v -0.560000 0.904803 -0.002635
v -0.555058 0.907544 -0.005850
v -0.555218 0.905186 -0.001827
v -0.560000 0.992696 -0.092696
v -0.550000 1.011462 -0.100332
v -0.560000 1.000000 -0.110000
v -0.555079 0.998292 -0.096631
v -0.560000 0.996264 -0.097732
v -0.555233 0.999390 -0.099386
v -0.551492 1.005823 -0.103657
v -0.551442 1.005144 -0.099407
v -0.552576 1.002529 -0.101279
v -0.560000 0.998931 -0.104052
v -0.555125 1.001675 -0.107161
v -0.555272 1.000503 -0.102790
v -0.550000 1.000000 0.990000
v -0.554284 0.994845 1.008569
v -0.550574 0.999309 0.996148
v -0.552142 0.997422 1.002945
v -0.550000 1.000000 -0.990000
v -0.554284 0.994845 -1.008569
v -0.550574 0.999309 -0.996148
v -0.552142 0.997422 -1.002945
v -2.550000 -1.000000 4.988932
v -2.545613 -0.995202 4.991226
v -2.549412 -0.999357 4.993290
v -2.547807 -0.997601 4.994130
v -2.550000 -1.000000 -4.988932
v -2.545613 -0.995202 -4.991226
v -2.549412 -0.999357 -4.993290
v -2.547807 -0.997601 -4.994130
v -1.640163 -0.004798 -3.180326
v -1.630976 -0.002798 -3.161952
v -1.637327 -0.002774 -3.174653
v -1.633964 -0.002042 -3.167928
v -1.459939 -0.094845 -2.819878
v -1.469024 -0.097202 -2.838048
v -1.462725 -0.097048 -2.825449
v -1.466050 -0.097910 -2.832099
v -1.640163 -0.004798 3.180326
v -1.630976 -0.002798 3.161952
v -1.637327 -0.002774 3.174653
v -1.633964 -0.002042 3.167928
v -1.459939 -0.094845 2.819878
v -1.469024 -0.097202 2.838048
v -1.462724 -0.097048 2.825449
v -1.466050 -0.097910 2.832099
v -0.539986 1.010000 0.550000
v -0.550000 1.011406 0.539986
v -0.560000 1.000000 0.560000
v -0.544901 1.010449 0.548514
v -0.546346 1.005113 0.551469
v -0.548324 1.005518 0.550022
v -0.551484 1.005808 0.546830
v -0.548514 1.010957 0.544901
v -0.549998 1.005732 0.548504
v -0.553640 1.001469 0.555113
v -0.555134 1.001660 0.554121
v -0.551684 1.002751 0.551855
v -0.539986 1.010000 -0.550000
v -0.560000 1.000000 -0.560000
v -0.550000 1.011406 -0.539986
v -0.546346 1.005113 -0.551469
v -0.544901 1.010449 -0.548514
v -0.548324 1.005518 -0.550022
v -0.555134 1.001660 -0.554121
v -0.553640 1.001469 -0.555113
v -0.551684 1.002750 -0.551855
v -0.548514 1.010957 -0.544901
v -0.551484 1.005808 -0.546830
v -0.549998 1.005732 -0.548504
v 0.560000 0.992696 0.092696
v 0.550000 1.010000 0.095858
v 0.560000 1.000000 0.110000
v 0.555109 0.996993 0.094911
v 0.560000 0.996264 0.097732
v 0.555258 0.998818 0.098402
v 0.551473 1.005108 0.100358
v 0.551473 1.003285 0.096060
v 0.552582 1.001715 0.099231
v 0.560000 0.998931 0.104052
v 0.555108 1.001473 0.105500
v 0.555257 1.000266 0.101826
v 0.560000 0.907304 0.007304
v 0.560000 0.907304 -0.007304
v 0.550000 0.914142 0.000000
v 0.560000 0.904803 0.002635
v 0.555092 0.908279 0.006181
v 0.555246 0.905655 0.001925
v 0.555092 0.908279 -0.006181
v 0.560000 0.904803 -0.002635
v 0.555246 0.905655 -0.001925
v 0.551484 0.910746 0.003545
v 0.551484 0.910746 -0.003545
v 0.552595 0.907503 -0.000000
v 0.560000 0.992696 -0.092696
v 0.560000 1.000000 -0.110000
v 0.550000 1.010000 -0.095858
v 0.560000 0.996264 -0.097732
v 0.555109 0.996993 -0.094911
v 0.555258 0.998818 -0.098402
v 0.555108 1.001473 -0.105500
v 0.560000 0.998931 -0.104052
v 0.555257 1.000266 -0.101826
v 0.551473 1.003285 -0.096060
v 0.551473 1.005108 -0.100358
v 0.552582 1.001715 -0.099231
v 0.550000 1.000000 0.990000
v 0.554284 0.994845 1.008569
v 0.550574 0.999309 0.996148
v 0.552142 0.997422 1.002945
v 0.550000 1.000000 -0.990000
v 0.554284 0.994845 -1.008569
v 0.550574 0.999309 -0.996148
v 0.552142 0.997422 -1.002945
v 2.550000 -1.000000 -4.988932
v 2.545613 -0.995202 -4.991226
v 2.549412 -0.999357 -4.993290
v 2.547807 -0.997601 -4.994130
v 2.550000 -1.000000 4.988932
v 2.545613 -0.995202 4.991226
v 2.549412 -0.999357 4.993290
v 2.547807 -0.997601 4.994130
v 1.640163 -0.004798 -3.180326
v 1.630976 -0.002798 -3.161952
v 1.637327 -0.002774 -3.174653
v 1.633964 -0.002042 -3.167928
v 1.459939 -0.094845 -2.819878
v 1.469024 -0.097202 -2.838048
v 1.462724 -0.097048 -2.825449
v 1.466050 -0.097910 -2.832099
v 1.640163 -0.004798 3.180326
v 1.630976 -0.002798 3.161952
v 1.637327 -0.002774 3.174653
v 1.633964 -0.002042 3.167928
v 1.459939 -0.094845 2.819878
v 1.469024 -0.097202 2.838048
v 1.462725 -0.097048 2.825449
v 1.466050 -0.097910 2.832099
v 0.550000 1.010000 0.539986
v 0.539986 1.010000 0.550000
v 0.560000 1.000000 0.560000
v 0.548514 1.010000 0.544901
v 0.551469 1.005113 0.546346
v 0.549989 1.005265 0.548324
v 0.546346 1.005113 0.551469
v 0.544901 1.010000 0.548514
v 0.548324 1.005265 0.549989
v 0.555113 1.001469 0.553640
v 0.553640 1.001469 0.555113
v 0.551676 1.002578 0.551676
v 0.550000 1.010000 -0.539986
v 0.560000 1.000000 -0.560000
v 0.539986 1.010000 -0.550000
v 0.551469 1.005113 -0.546346
v 0.548514 1.010000 -0.544901
v 0.549989 1.005265 -0.548324
v 0.553640 1.001469 -0.555113
v 0.555113 1.001469 -0.553640
v 0.551676 1.002578 -0.551676
v 0.544901 1.010000 -0.548514
v 0.546346 1.005113 -0.551469
v 0.548324 1.005265 -0.549989
v 0.100000 10.024742 0.009251
v 0.100000 10.024742 -0.009251
v 0.099005 10.025441 0.000000
v 0.100000 10.021356 0.003386
v 0.100000 10.021356 -0.003386
v 0.184131 9.457566 -0.182395
v 0.182395 9.457566 -0.184131
v 0.177125 9.552371 -0.177733
v 0.183439 9.461278 -0.183088
v 0.181897 9.487741 -0.183356
v 0.183903 9.477571 -0.184201
v 0.183336 9.486317 -0.182291
v 0.183088 9.461278 -0.183439
v 0.184121 9.477304 -0.184044
v 0.179333 9.522433 -0.181650
v 0.181414 9.521008 -0.179950
v 0.182911 9.498321 -0.183166
v 0.009251 10.024742 -0.100000
v -0.009251 10.024742 -0.100000
v -0.000000 10.025441 -0.099005
v 0.003386 10.021356 -0.100000
v -0.003386 10.021356 -0.100000
v -0.000000 10.925283 0.009021
v 0.009021 10.925283 0.000000
v -0.000000 10.925283 -0.009021
v -0.009021 10.925283 0.000000
v 0.004740 10.925694 0.007971
v -0.004740 10.925694 0.007971
v -0.000000 10.945392 0.004134
v 0.007971 10.925694 -0.004740
v 0.007971 10.925694 0.004740
v 0.004134 10.945393 0.000000
v -0.004740 10.925694 -0.007971
v 0.004740 10.925694 -0.007971
v -0.000000 10.945393 -0.004134
v -0.007971 10.925694 0.004740
v -0.007971 10.925694 -0.004740
v -0.004134 10.945392 0.000000
v -0.182395 9.457566 -0.184131
v -0.184131 9.457566 -0.182395
v -0.177733 9.552371 -0.177125
v -0.183088 9.461278 -0.183438
v -0.183356 9.487741 -0.181897
v -0.184201 9.477571 -0.183903
v -0.182291 9.486318 -0.183336
v -0.183438 9.461278 -0.183087
v -0.184044 9.477304 -0.184121
v -0.181650 9.522433 -0.179333
v -0.179950 9.521008 -0.181414
v -0.183166 9.498321 -0.182911
v -0.100000 10.024742 -0.009251
v -0.100000 10.024742 0.009251
v -0.099005 10.025441 0.000000
v -0.100000 10.021356 -0.003386
v -0.100000 10.021356 0.003386
v -0.184131 9.457566 0.182395
v -0.182395 9.457566 0.184131
v -0.177125 9.552371 0.177733
v -0.183438 9.461278 0.183088
v -0.181897 9.487741 0.183356
v -0.183903 9.477572 0.184201
v -0.183336 9.486317 0.182291
v -0.183087 9.461278 0.183439
v -0.184121 9.477304 0.184043
v -0.179333 9.522433 0.181650
v -0.181414 9.521008 0.179950
v -0.182911 9.498321 0.183166
v -0.009251 10.024742 0.100000
v 0.009251 10.024742 0.100000
v -0.000000 10.025441 0.099005
v -0.003386 10.021356 0.100000
v 0.003386 10.021356 0.100000
v 0.182395 9.457566 0.184131
v 0.184131 9.457566 0.182395
v 0.177733 9.552371 0.177125
v 0.183087 9.461278 0.183438
v 0.183356 9.487741 0.181897
v 0.184201 9.477571 0.183903
v 0.182291 9.486318 0.183336
v 0.183438 9.461278 0.183088
v 0.184043 9.477304 0.184121
v 0.181650 9.522433 0.179333
v 0.179949 9.521008 0.181414
v 0.183166 9.498321 0.182911
v 0.540992 9.014080 -0.004762
v 0.540992 9.014080 0.004762
v 0.550000 8.969393 0.000000
v 0.543760 9.015326 -0.001652
v 0.545386 9.000118 -0.004195
v 0.546265 9.006475 -0.001254
v 0.545386 9.000118 0.004195
v 0.543760 9.015326 0.001652
v 0.546265 9.006476 0.001254
v 0.548681 8.983773 -0.002453
v 0.548681 8.983773 0.002453
v 0.547877 8.996277 0.000000
v 0.466285 8.203552 -0.245095
v 0.485545 8.183292 -0.245810
v 0.461577 8.193628 -0.252793
v 0.472266 8.197451 -0.247815
v 0.466137 8.198673 -0.246201
v 0.471521 8.195333 -0.248801
v 0.478772 8.188347 -0.249112
v 0.479291 8.190062 -0.248080
v 0.475585 8.191942 -0.249671
v 0.464445 8.195107 -0.248967
v 0.470024 8.192117 -0.251659
v 0.470790 8.193615 -0.250049
v -0.466285 8.203552 0.245096
v -0.485545 8.183292 0.245810
v -0.461577 8.193628 0.252793
v -0.472266 8.197450 0.247815
v -0.466137 8.198673 0.246201
v -0.471521 8.195333 0.248801
v -0.478772 8.188347 0.249112
v -0.479291 8.190062 0.248080
v -0.475585 8.191942 0.249672
v -0.464445 8.195107 0.248967
v -0.470024 8.192117 0.251659
v -0.470790 8.193614 0.250049
v 0.004762 9.014080 0.540992
v -0.004762 9.014080 0.540992
v -0.000000 8.969393 0.550000
v 0.001652 9.015326 0.543760
v 0.004195 9.000118 0.545387
v 0.001254 9.006476 0.546265
v -0.004195 9.000118 0.545387
v -0.001652 9.015326 0.543760
v -0.001254 9.006475 0.546265
v 0.002453 8.983773 0.548681
v -0.002453 8.983773 0.548681
v -0.000000 8.996277 0.547877
v 0.245095 8.203552 0.466285
v 0.245810 8.183292 0.485545
v 0.252793 8.193628 0.461577
v 0.247815 8.197450 0.472266
v 0.246201 8.198673 0.466137
v 0.248801 8.195333 0.471521
v 0.249112 8.188347 0.478772
v 0.248080 8.190062 0.479291
v 0.249671 8.191942 0.475585
v 0.248967 8.195107 0.464445
v 0.251659 8.192117 0.470024
v 0.250049 8.193614 0.470790
v -0.245096 8.203552 -0.466284
v -0.245810 8.183292 -0.485545
v -0.252793 8.193628 -0.461577
v -0.247815 8.197451 -0.472266
v -0.246201 8.198673 -0.466137
v -0.248801 8.195333 -0.471521
v -0.249112 8.188347 -0.478772
v -0.248080 8.190062 -0.479290
v -0.249671 8.191942 -0.475585
v -0.248967 8.195107 -0.464445
v -0.251659 8.192117 -0.470024
v -0.250049 8.193615 -0.470790
v -0.245096 8.203552 0.466285
v -0.252793 8.193628 0.461577
v -0.245572 8.182940 0.485879
v -0.246201 8.198673 0.466137
v -0.247775 8.197483 0.472289
v -0.248772 8.195323 0.471546
v -0.251654 8.192068 0.470035
v -0.248967 8.195107 0.464445
v -0.250031 8.193582 0.470811
v -0.247956 8.189966 0.479436
v -0.249022 8.188171 0.478906
v -0.249614 8.191876 0.475656
v -0.542905 5.237119 0.542905
v -0.550000 5.115491 0.539981
v -0.539981 5.115491 0.550000
v -0.546366 5.198558 0.542477
v -0.542477 5.198558 0.546366
v -0.545921 5.165412 0.545921
v -0.548514 5.115491 0.544899
v -0.548962 5.154041 0.541407
v -0.547824 5.138661 0.545449
v -0.541407 5.154041 0.548962
v -0.544899 5.115491 0.548514
v -0.545449 5.138660 0.547824
v -0.004762 9.014080 -0.540992
v 0.004762 9.014080 -0.540992
v -0.000000 8.969393 -0.550000
v -0.001652 9.015326 -0.543760
v -0.004195 9.000118 -0.545386
v -0.001254 9.006475 -0.546265
v 0.004195 9.000118 -0.545386
v 0.001652 9.015326 -0.543760
v 0.001254 9.006476 -0.546265
v -0.002453 8.983773 -0.548681
v 0.002453 8.983773 -0.548681
v -0.000000 8.996277 -0.547877
v 0.245095 8.203552 -0.466285
v 0.252793 8.193628 -0.461577
v 0.245572 8.182940 -0.485879
v 0.246201 8.198672 -0.466137
v 0.247775 8.197483 -0.472289
v 0.248772 8.195323 -0.471546
v 0.251654 8.192068 -0.470035
v 0.248967 8.195107 -0.464445
v 0.250031 8.193582 -0.470811
v 0.247956 8.189965 -0.479436
v 0.249021 8.188171 -0.478906
v 0.249614 8.191875 -0.475656
v -0.550000 5.115491 -0.539981
v -0.542905 5.237119 -0.542905
v -0.539981 5.115491 -0.550000
v -0.548962 5.154041 -0.541407
v -0.548514 5.115491 -0.544899
v -0.547824 5.138660 -0.545449
v -0.542477 5.198558 -0.546366
v -0.546366 5.198558 -0.542477
v -0.545921 5.165413 -0.545921
v -0.544899 5.115491 -0.548513
v -0.541407 5.154041 -0.548962
v -0.545449 5.138661 -0.547824
v -0.540992 9.014080 0.004762
v -0.540992 9.014080 -0.004762
v -0.550000 8.969393 0.000000
v -0.543760 9.015326 0.001652
v -0.545387 9.000118 0.004195
v -0.546265 9.006475 0.001254
v -0.545387 9.000118 -0.004195
v -0.543760 9.015326 -0.001652
v -0.546265 9.006476 -0.001254
v -0.548681 8.983773 0.002453
v -0.548681 8.983773 -0.002453
v -0.547877 8.996277 0.000000
v -0.466285 8.203552 -0.245095
v -0.461577 8.193628 -0.252793
v -0.485879 8.182940 -0.245572
v -0.466137 8.198673 -0.246201
v -0.472289 8.197483 -0.247775
v -0.471546 8.195324 -0.248772
v -0.470035 8.192068 -0.251654
v -0.464445 8.195107 -0.248967
v -0.470811 8.193582 -0.250031
v -0.479436 8.189965 -0.247956
v -0.478906 8.188171 -0.249021
v -0.475656 8.191876 -0.249614
v 0.466285 8.203552 0.245096
v 0.461577 8.193628 0.252793
v 0.485879 8.182940 0.245572
v 0.466137 8.198673 0.246201
v 0.472289 8.197483 0.247775
v 0.471546 8.195324 0.248772
v 0.470035 8.192068 0.251654
v 0.464445 8.195107 0.248967
v 0.470811 8.193582 0.250031
v 0.479436 8.189965 0.247956
v 0.478906 8.188171 0.249022
v 0.475656 8.191876 0.249614
v 0.539981 5.115491 0.550000
v 0.550000 5.115491 0.539981
v 0.542905 5.237119 0.542905
v 0.544899 5.115491 0.548514
v 0.541407 5.154041 0.548962
v 0.545449 5.138660 0.547824
v 0.548962 5.154041 0.541407
v 0.548513 5.115491 0.544899
v 0.547824 5.138660 0.545449
v 0.542477 5.198559 0.546366
v 0.546366 5.198558 0.542477
v 0.545921 5.165413 0.545921
v 0.542905 5.237119 -0.542905
v 0.550000 5.115491 -0.539981
v 0.539981 5.115491 -0.550000
v 0.546366 5.198558 -0.542477
v 0.542477 5.198558 -0.546366
v 0.545921 5.165413 -0.545921
v 0.548513 5.115491 -0.544899
v 0.548962 5.154041 -0.541407
v 0.547824 5.138661 -0.545449
v 0.541407 5.154041 -0.548962
v 0.544899 5.115491 -0.548513
v 0.545449 5.138660 -0.547824
v 0.542447 8.106367 -0.208159
v 0.550000 8.113378 -0.190225
v 0.546224 8.110646 -0.202770
v 0.548988 8.113212 -0.196206
v 0.090979 10.106470 -0.100000
v 0.100000 10.106470 -0.090979
v 0.102192 10.105746 -0.100487
v 0.101350 10.105675 -0.101350
v 0.100487 10.105746 -0.102192
v 0.095490 10.109772 -0.098791
v 0.098791 10.109772 -0.095490
v -0.542447 8.106367 0.208159
v -0.550000 8.113378 0.190226
v -0.546224 8.110646 0.202770
v -0.548988 8.113212 0.196206
v -0.090979 10.106470 0.100000
v -0.100000 10.106470 0.090979
v -0.102193 10.105746 0.100487
v -0.101350 10.105675 0.101350
v -0.100487 10.105746 0.102193
v -0.095490 10.109772 0.098792
v -0.098791 10.109772 0.095490
v 0.190225 8.113378 0.550000
v 0.208159 8.106367 0.542447
v 0.196206 8.113212 0.548988
v 0.202770 8.110646 0.546224
v 0.100000 10.106470 0.090979
v 0.090979 10.106470 0.100000
v 0.100487 10.105746 0.102193
v 0.101350 10.105675 0.101350
v 0.102192 10.105746 0.100487
v 0.098791 10.109772 0.095490
v 0.095490 10.109772 0.098791
v -0.208159 8.106367 -0.542447
v -0.190226 8.113378 -0.550000
v -0.202770 8.110646 -0.546224
v -0.196206 8.113212 -0.548988
v -0.100000 10.106470 -0.090979
v -0.090979 10.106470 -0.100000
v -0.100487 10.105746 -0.102192
v -0.101350 10.105675 -0.101350
v -0.102193 10.105746 -0.100487
v -0.098792 10.109772 -0.095490
v -0.095490 10.109772 -0.098791
v -0.190226 8.113378 0.550000
v -0.208159 8.106367 0.542447
v -0.196206 8.113212 0.548988
v -0.202770 8.110646 0.546224
v 0.208159 8.106367 -0.542447
v 0.190225 8.113378 -0.550000
v 0.202770 8.110646 -0.546224
v 0.196206 8.113212 -0.548988
v -0.550000 8.113378 -0.190225
v -0.542447 8.106367 -0.208159
v -0.548988 8.113212 -0.196206
v -0.546224 8.110646 -0.202770
v 0.550000 8.113378 0.190226
v 0.542447 8.106367 0.208159
v 0.548988 8.113212 0.196206
v 0.546224 8.110646 0.202770
v 0.007124 9.457566 0.008861
v -0.007124 9.457566 0.008861
v -0.008861 9.457566 0.007124
v -0.008861 9.457566 -0.007124
v -0.007124 9.457566 -0.008861
v 0.007124 9.457566 -0.008861
v 0.008861 9.457566 -0.007124
v 0.008861 9.457566 0.007124
v 0.002572 9.457152 0.006494
v 0.007817 9.461278 0.008168
v 0.002743 9.461700 0.003662
v -0.007817 9.461277 0.008168
v -0.002572 9.457151 0.006494
v -0.002743 9.461699 0.003662
v -0.006494 9.457151 0.002572
v -0.008168 9.461278 0.007817
v -0.003662 9.461700 0.002743
v -0.008168 9.461278 -0.007817
v -0.006494 9.457152 -0.002572
v -0.003662 9.461699 -0.002743
v -0.002572 9.457151 -0.006494
v -0.007817 9.461278 -0.008168
v -0.002743 9.461700 -0.003662
v 0.007817 9.461277 -0.008168
v 0.002572 9.457152 -0.006494
v 0.002743 9.461699 -0.003662
v 0.006494 9.457152 -0.002572
v 0.008168 9.461278 -0.007817
v 0.003662 9.461700 -0.002743
v 0.008168 9.461277 0.007817
v 0.006494 9.457152 0.002572
v 0.003662 9.461700 0.002743
v -0.007124 8.203552 0.228313
v 0.007124 8.203552 0.228313
v -0.000000 8.193628 0.208784
v -0.002572 8.203138 0.225946
v -0.003502 8.198700 0.223459
v -0.001143 8.198700 0.223184
v 0.003502 8.198700 0.223459
v 0.002572 8.203138 0.225946
v 0.001143 8.198700 0.223184
v -0.000909 8.195088 0.216351
v 0.000909 8.195087 0.216351
v -0.000000 8.196160 0.220024
v 0.208784 8.193628 0.000000
v 0.228313 8.203552 0.007124
v 0.228313 8.203552 -0.007124
v 0.216351 8.195088 0.000909
v 0.216351 8.195087 -0.000909
v 0.220024 8.196160 0.000000
v 0.225946 8.203138 0.002572
v 0.223459 8.198700 0.003502
v 0.223184 8.198700 0.001143
v 0.223459 8.198700 -0.003502
v 0.225946 8.203138 -0.002572
v 0.223184 8.198700 -0.001143
v -0.208784 8.193628 0.000000
v -0.228313 8.203552 -0.007124
v -0.228313 8.203552 0.007124
v -0.216351 8.195088 -0.000909
v -0.216351 8.195087 0.000909
v -0.220024 8.196159 0.000000
v -0.225946 8.203138 -0.002572
v -0.223459 8.198700 -0.003502
v -0.223184 8.198700 -0.001143
v -0.223459 8.198701 0.003502
v -0.225946 8.203138 0.002572
v -0.223184 8.198700 0.001143
v 0.007124 8.203552 -0.228313
v -0.007124 8.203552 -0.228313
v -0.000000 8.193628 -0.208784
v 0.002572 8.203138 -0.225946
v 0.003502 8.198700 -0.223459
v 0.001143 8.198700 -0.223184
v -0.003502 8.198701 -0.223459
v -0.002572 8.203138 -0.225946
v -0.001143 8.198700 -0.223184
v 0.000909 8.195087 -0.216351
v -0.000909 8.195087 -0.216351
v -0.000000 8.196159 -0.220024
v 0.055094 8.534126 -0.009160
v 0.047580 8.561975 0.000000
v 0.055094 8.534126 0.009160
v 0.053426 8.543162 -0.006423
v 0.056426 8.534449 -0.003344
v 0.055164 8.540278 -0.002054
v 0.050677 8.553352 0.003071
v 0.050677 8.553352 -0.003071
v 0.053333 8.546354 0.000000
v 0.056426 8.534449 0.003344
v 0.053426 8.543162 0.006423
v 0.055164 8.540277 0.002054
v 0.031632 8.585855 0.031632
v 0.029247 8.603689 0.018327
v 0.018327 8.603689 0.029247
v 0.031699 8.591755 0.027641
v 0.027641 8.591755 0.031699
v 0.028607 8.596640 0.028607
v 0.026949 8.604963 0.022987
v 0.030827 8.598279 0.022775
v 0.028355 8.600860 0.025806
v 0.022774 8.598278 0.030827
v 0.022987 8.604963 0.026949
v 0.025806 8.600860 0.028355
v -0.009160 8.534126 0.055094
v 0.009160 8.534126 0.055094
v -0.000000 8.561975 0.047580
v -0.003344 8.534449 0.056426
v -0.006423 8.543162 0.053426
v -0.002054 8.540277 0.055164
v 0.006423 8.543162 0.053426
v 0.003344 8.534449 0.056426
v 0.002054 8.540277 0.055164
v -0.003071 8.553352 0.050677
v 0.003071 8.553352 0.050677
v -0.000000 8.546354 0.053333
v -0.031632 8.585855 0.031632
v -0.018327 8.603689 0.029247
v -0.029247 8.603689 0.018327
v -0.027641 8.591755 0.031699
v -0.031699 8.591755 0.027641
v -0.028607 8.596640 0.028607
v -0.022987 8.604963 0.026949
v -0.022775 8.598279 0.030827
v -0.025806 8.600860 0.028355
v -0.030827 8.598278 0.022775
v -0.026949 8.604963 0.022987
v -0.028355 8.600860 0.025806
v -0.055094 8.534126 0.009160
v -0.047580 8.561975 0.000000
v -0.055094 8.534126 -0.009159
v -0.053426 8.543162 0.006423
v -0.056426 8.534449 0.003344
v -0.055164 8.540277 0.002054
v -0.050677 8.553352 -0.003071
v -0.050677 8.553352 0.003071
v -0.053333 8.546354 0.000000
v -0.056426 8.534449 -0.003344
v -0.053426 8.543162 -0.006422
v -0.055164 8.540277 -0.002054
v -0.010926 8.637662 0.000000
v -0.000000 8.637662 0.010926
v 0.010926 8.637662 0.000000
v -0.000000 8.637662 -0.010926
v -0.008626 8.638935 0.004662
v -0.008626 8.638936 -0.004662
v -0.004407 8.643074 0.000000
v 0.004662 8.638936 0.008626
v -0.004662 8.638936 0.008626
v -0.000000 8.643073 0.004407
v 0.008626 8.638935 -0.004662
v 0.008626 8.638936 0.004662
v 0.004407 8.643074 0.000000
v -0.004662 8.638935 -0.008626
v 0.004662 8.638935 -0.008626
v -0.000000 8.643074 -0.004407
v -0.018327 8.603689 -0.029247
v -0.031632 8.585855 -0.031632
v -0.029247 8.603689 -0.018327
v -0.022775 8.598278 -0.030827
v -0.022987 8.604963 -0.026949
v -0.025806 8.600860 -0.028355
v -0.031699 8.591755 -0.027641
v -0.027641 8.591755 -0.031699
v -0.028607 8.596640 -0.028607
v -0.026949 8.604963 -0.022987
v -0.030827 8.598279 -0.022774
v -0.028355 8.600860 -0.025806
v -0.009160 8.534126 -0.055094
v -0.000000 8.561975 -0.047580
v 0.009159 8.534126 -0.055094
v -0.006423 8.543162 -0.053426
v -0.003344 8.534449 -0.056426
v -0.002054 8.540277 -0.055164
v 0.003071 8.553352 -0.050677
v -0.003071 8.553352 -0.050677
v -0.000000 8.546354 -0.053333
v 0.003344 8.534449 -0.056426
v 0.006422 8.543162 -0.053426
v 0.002054 8.540277 -0.055164
v 0.031632 8.585855 -0.031632
v 0.018327 8.603689 -0.029247
v 0.029247 8.603689 -0.018327
v 0.027641 8.591755 -0.031699
v 0.031699 8.591755 -0.027641
v 0.028607 8.596640 -0.028607
v 0.022987 8.604963 -0.026949
v 0.022774 8.598279 -0.030827
v 0.025806 8.600860 -0.028355
v 0.030827 8.598278 -0.022774
v 0.026949 8.604963 -0.022987
v 0.028355 8.600860 -0.025806
v 0.279403 8.193628 0.434967
v 0.295044 8.182731 0.436465
v 0.291474 8.200700 0.422896
v 0.285207 8.192033 0.436498
v 0.283588 8.194666 0.430782
v 0.288074 8.193177 0.433333
v 0.293948 8.188948 0.434059
v 0.290897 8.188076 0.437046
v 0.291388 8.191302 0.434339
v 0.287997 8.197248 0.426373
v 0.292645 8.195512 0.429114
v 0.290491 8.194319 0.430960
v 0.436450 8.182837 0.295029
v 0.434967 8.193628 0.279403
v 0.422896 8.200700 0.291474
v 0.437029 8.188128 0.290901
v 0.434056 8.188995 0.293937
v 0.434333 8.191329 0.291387
v 0.430782 8.194666 0.283588
v 0.436487 8.192048 0.285217
v 0.433329 8.193189 0.288077
v 0.429117 8.195521 0.292639
v 0.426373 8.197248 0.287997
v 0.430960 8.194328 0.290489
v 0.365762 8.282678 0.365762
v 0.362185 8.286557 0.352185
v 0.352185 8.286557 0.362185
v 0.366208 8.284883 0.361795
v 0.361795 8.284883 0.366208
v 0.362877 8.287310 0.362877
v 0.358989 8.288979 0.355381
v 0.364917 8.286299 0.356861
v 0.361989 8.288595 0.359473
v 0.356861 8.286299 0.364916
v 0.355381 8.288979 0.358989
v 0.359473 8.288595 0.361989
v -0.422896 8.200700 -0.291474
v -0.436451 8.182837 -0.295029
v -0.434967 8.193628 -0.279403
v -0.429117 8.195521 -0.292639
v -0.426373 8.197248 -0.287997
v -0.430960 8.194328 -0.290489
v -0.437029 8.188129 -0.290901
v -0.434057 8.188995 -0.293937
v -0.434334 8.191329 -0.291387
v -0.430782 8.194666 -0.283588
v -0.436487 8.192048 -0.285217
v -0.433329 8.193189 -0.288077
v -0.291475 8.200700 -0.422896
v -0.279403 8.193628 -0.434967
v -0.295044 8.182731 -0.436465
v -0.287997 8.197248 -0.426373
v -0.292645 8.195512 -0.429114
v -0.290491 8.194319 -0.430960
v -0.285207 8.192033 -0.436498
v -0.283588 8.194666 -0.430782
v -0.288074 8.193177 -0.433333
v -0.293948 8.188948 -0.434059
v -0.290897 8.188076 -0.437046
v -0.291388 8.191302 -0.434339
v -0.352185 8.286557 -0.362185
v -0.365762 8.282678 -0.365762
v -0.362185 8.286557 -0.352185
v -0.356861 8.286299 -0.364916
v -0.355381 8.288979 -0.358989
v -0.359473 8.288595 -0.361989
v -0.366208 8.284883 -0.361795
v -0.361795 8.284883 -0.366208
v -0.362877 8.287310 -0.362877
v -0.358989 8.288979 -0.355381
v -0.364917 8.286299 -0.356861
v -0.361989 8.288595 -0.359473
v 0.189245 8.193628 0.033681
v 0.177174 8.200700 0.045752
v 0.185039 8.194576 0.037887
v 0.180621 8.197165 0.042305
v 0.045752 8.200700 0.177174
v 0.033681 8.193628 0.189245
v 0.042305 8.197165 0.180621
v 0.037886 8.194576 0.185039
v 0.116463 8.286557 0.106463
v 0.106463 8.286557 0.116463
v 0.113293 8.289145 0.109633
v 0.109633 8.289145 0.113293
v -0.033681 8.193628 -0.189245
v -0.045752 8.200700 -0.177174
v -0.037887 8.194576 -0.185039
v -0.042305 8.197165 -0.180621
v -0.177174 8.200700 -0.045752
v -0.189245 8.193628 -0.033681
v -0.180621 8.197165 -0.042305
v -0.185039 8.194576 -0.037886
v -0.106463 8.286557 -0.116463
v -0.116463 8.286557 -0.106463
v -0.109633 8.289145 -0.113293
v -0.113293 8.289145 -0.109633
v 0.434967 8.193628 -0.279403
v 0.436465 8.182731 -0.295044
v 0.422896 8.200700 -0.291474
v 0.436498 8.192033 -0.285207
v 0.430782 8.194666 -0.283588
v 0.433333 8.193177 -0.288074
v 0.434059 8.188948 -0.293948
v 0.437046 8.188076 -0.290897
v 0.434339 8.191302 -0.291388
v 0.426373 8.197248 -0.287997
v 0.429114 8.195512 -0.292645
v 0.430960 8.194319 -0.290491
v 0.295029 8.182837 -0.436450
v 0.279403 8.193628 -0.434967
v 0.291474 8.200700 -0.422896
v 0.290901 8.188129 -0.437029
v 0.293937 8.188995 -0.434057
v 0.291387 8.191329 -0.434334
v 0.283588 8.194666 -0.430782
v 0.285217 8.192048 -0.436487
v 0.288077 8.193189 -0.433329
v 0.292639 8.195521 -0.429117
v 0.287997 8.197248 -0.426373
v 0.290489 8.194328 -0.430960
v 0.365762 8.282678 -0.365762
v 0.352185 8.286557 -0.362185
v 0.362185 8.286557 -0.352185
v 0.361795 8.284883 -0.366208
v 0.366208 8.284883 -0.361795
v 0.362877 8.287310 -0.362877
v 0.355381 8.288979 -0.358989
v 0.356861 8.286299 -0.364917
v 0.359473 8.288595 -0.361989
v 0.364916 8.286299 -0.356861
v 0.358989 8.288979 -0.355381
v 0.361989 8.288595 -0.359473
v -0.422896 8.200700 0.291475
v -0.434967 8.193628 0.279403
v -0.436465 8.182731 0.295044
v -0.426373 8.197248 0.287997
v -0.429114 8.195512 0.292645
v -0.430960 8.194319 0.290491
v -0.436498 8.192033 0.285207
v -0.430782 8.194666 0.283588
v -0.433333 8.193178 0.288074
v -0.434059 8.188948 0.293948
v -0.437046 8.188076 0.290897
v -0.434339 8.191302 0.291388
v -0.295029 8.182837 0.436451
v -0.279403 8.193628 0.434967
v -0.291474 8.200700 0.422896
v -0.290901 8.188129 0.437029
v -0.293937 8.188995 0.434057
v -0.291387 8.191330 0.434334
v -0.283588 8.194666 0.430782
v -0.285217 8.192048 0.436487
v -0.288077 8.193189 0.433329
v -0.292639 8.195520 0.429117
v -0.287997 8.197248 0.426373
v -0.290489 8.194328 0.430960
v -0.352185 8.286557 0.362185
v -0.362185 8.286557 0.352185
v -0.365762 8.282678 0.365762
v -0.355381 8.288979 0.358989
v -0.356861 8.286299 0.364917
v -0.359473 8.288595 0.361989
v -0.364916 8.286299 0.356861
v -0.358989 8.288979 0.355381
v -0.361989 8.288595 0.359473
v -0.361795 8.284883 0.366208
v -0.366208 8.284883 0.361795
v -0.362877 8.287310 0.362877
v -0.189245 8.193628 0.033681
v -0.177174 8.200700 0.045752
v -0.185039 8.194576 0.037887
v -0.180621 8.197165 0.042305
v -0.045752 8.200700 0.177174
v -0.033681 8.193628 0.189245
v -0.042305 8.197165 0.180621
v -0.037887 8.194576 0.185039
v -0.116463 8.286557 0.106463
v -0.106463 8.286557 0.116463
v -0.113293 8.289145 0.109633
v -0.109633 8.289145 0.113293
v 0.033681 8.193628 -0.189245
v 0.045752 8.200700 -0.177174
v 0.037887 8.194576 -0.185039
v 0.042305 8.197165 -0.180621
v 0.177174 8.200700 -0.045752
v 0.189245 8.193628 -0.033681
v 0.180621 8.197165 -0.042305
v 0.185039 8.194576 -0.037886
v 0.106463 8.286557 -0.116463
v 0.116463 8.286557 -0.106463
v 0.109633 8.289145 -0.113293
v 0.113293 8.289145 -0.109633
v 0.012071 8.200700 -0.143492
v -0.000000 8.193628 -0.155563
v -0.012071 8.200700 -0.143492
v -0.008422 8.221912 -0.129047
v 0.008422 8.221912 -0.129047
v 0.008593 8.197248 -0.146970
v 0.010862 8.206274 -0.137215
v 0.005249 8.201296 -0.141407
v -0.004185 8.194666 -0.151379
v 0.004185 8.194666 -0.151379
v -0.000000 8.197132 -0.146193
v -0.010862 8.206274 -0.137215
v -0.008594 8.197248 -0.146970
v -0.005249 8.201297 -0.141407
v -0.003066 8.222345 -0.130838
v -0.009531 8.214017 -0.131943
v -0.003314 8.209949 -0.135659
v 0.009530 8.214016 -0.131943
v 0.003066 8.222345 -0.130838
v 0.003314 8.209949 -0.135659
v -0.143492 8.200700 -0.012071
v -0.155564 8.193628 0.000000
v -0.143492 8.200700 0.012071
v -0.129047 8.221912 0.008422
v -0.129047 8.221912 -0.008422
v -0.146970 8.197248 -0.008593
v -0.137216 8.206274 -0.010862
v -0.141407 8.201296 -0.005249
v -0.151379 8.194666 0.004185
v -0.151379 8.194666 -0.004185
v -0.146193 8.197132 0.000000
v -0.137216 8.206274 0.010862
v -0.146970 8.197248 0.008594
v -0.141407 8.201297 0.005249
v -0.130838 8.222345 0.003066
v -0.131943 8.214017 0.009531
v -0.135659 8.209949 0.003314
v -0.131943 8.214016 -0.009530
v -0.130838 8.222345 -0.003066
v -0.135659 8.209949 -0.003314
v 0.008422 8.221912 0.129047
v -0.008422 8.221912 0.129047
v -0.012071 8.200700 0.143492
v -0.000000 8.193628 0.155564
v 0.012071 8.200700 0.143492
v 0.003066 8.222345 0.130838
v 0.009530 8.214017 0.131943
v 0.003314 8.209949 0.135659
v -0.009531 8.214016 0.131943
v -0.003066 8.222345 0.130838
v -0.003314 8.209949 0.135659
v -0.008594 8.197248 0.146970
v -0.010862 8.206274 0.137216
v -0.005249 8.201296 0.141407
v 0.004185 8.194666 0.151379
v -0.004185 8.194666 0.151379
v -0.000000 8.197132 0.146193
v 0.010862 8.206274 0.137216
v 0.008593 8.197248 0.146970
v 0.005249 8.201297 0.141407
v 0.129047 8.221912 -0.008422
v 0.129047 8.221912 0.008422
v 0.143492 8.200700 0.012071
v 0.155563 8.193628 0.000000
v 0.143492 8.200700 -0.012071
v 0.130838 8.222345 -0.003066
v 0.131943 8.214017 -0.009530
v 0.135659 8.209949 -0.003314
v 0.131943 8.214016 0.009531
v 0.130838 8.222345 0.003066
v 0.135659 8.209949 0.003314
v 0.146970 8.197248 0.008594
v 0.137215 8.206274 0.010862
v 0.141407 8.201296 0.005249
v 0.151379 8.194666 -0.004185
v 0.151379 8.194666 0.004185
v 0.146193 8.197132 0.000000
v 0.137215 8.206274 -0.010862
v 0.146970 8.197248 -0.008593
v 0.141407 8.201297 -0.005249
v -0.072782 8.286557 -0.082782
v -0.082782 8.286557 -0.072782
v -0.068884 8.307291 -0.068884
v -0.075978 8.288979 -0.079586
v -0.071473 8.291975 -0.076648
v -0.073382 8.292365 -0.075062
v -0.076648 8.291975 -0.071473
v -0.079586 8.288979 -0.075978
v -0.075062 8.292366 -0.073382
v -0.070051 8.299541 -0.071576
v -0.071577 8.299541 -0.070051
v -0.072012 8.295841 -0.072012
v -0.082782 8.286557 0.072782
v -0.072782 8.286557 0.082782
v -0.068884 8.307291 0.068884
v -0.079586 8.288979 0.075978
v -0.076648 8.291975 0.071473
v -0.075062 8.292365 0.073382
v -0.071473 8.291975 0.076648
v -0.075978 8.288979 0.079586
v -0.073382 8.292366 0.075062
v -0.071577 8.299541 0.070051
v -0.070051 8.299541 0.071577
v -0.072012 8.295841 0.072012
v 0.072782 8.286557 0.082782
v 0.082782 8.286557 0.072782
v 0.068884 8.307291 0.068884
v 0.075978 8.288979 0.079586
v 0.071473 8.291975 0.076648
v 0.073382 8.292365 0.075062
v 0.076648 8.291975 0.071473
v 0.079586 8.288979 0.075978
v 0.075062 8.292366 0.073382
v 0.070051 8.299541 0.071577
v 0.071576 8.299541 0.070051
v 0.072012 8.295841 0.072012
v 0.072782 8.286557 -0.082782
v 0.068884 8.307291 -0.068884
v 0.082782 8.286557 -0.072782
v 0.071473 8.291975 -0.076648
v 0.075978 8.288979 -0.079586
v 0.073382 8.292366 -0.075062
v 0.071576 8.299541 -0.070051
v 0.070051 8.299541 -0.071576
v 0.072012 8.295841 -0.072012
v 0.079586 8.288979 -0.075978
v 0.076648 8.291975 -0.071473
v 0.075062 8.292365 -0.073382
v -0.008214 9.476904 0.336110
v -0.008214 9.458075 0.344583
v 0.008214 9.458075 0.344583
v 0.008214 9.476904 0.336110
v -0.008214 9.470628 0.338935
v -0.002987 9.477703 0.337888
v -0.002760 9.470940 0.340994
v -0.002987 9.458875 0.346361
v -0.008214 9.464351 0.341759
v -0.002760 9.464664 0.343819
v 0.008214 9.464351 0.341759
v 0.002987 9.458874 0.346361
v 0.002760 9.464664 0.343819
v 0.002987 9.477704 0.337888
v 0.008214 9.470627 0.338935
v 0.002760 9.470940 0.340994
v 0.131911 9.477278 0.243598
v 0.132889 9.457703 0.248002
v 0.139471 9.467490 0.238729
v 0.132237 9.470753 0.245066
v 0.132563 9.464228 0.246534
v -0.132890 9.457702 0.248003
v -0.131911 9.477277 0.243598
v -0.139471 9.467489 0.238729
v -0.132563 9.464227 0.246534
v -0.132237 9.470752 0.245066
v 0.132889 9.457702 -0.248003
v 0.131911 9.477277 -0.243598
v 0.139471 9.467489 -0.238729
v 0.132563 9.464227 -0.246534
v 0.132237 9.470752 -0.245066
v -0.131911 9.477278 -0.243598
v -0.132890 9.457703 -0.248002
v -0.139471 9.467490 -0.238729
v -0.132237 9.470753 -0.245066
v -0.132563 9.464228 -0.246534
v -0.008214 9.458076 -0.344583
v -0.008214 9.476905 -0.336110
v 0.008214 9.476905 -0.336110
v 0.008214 9.458076 -0.344583
v -0.008214 9.464352 -0.341759
v -0.002987 9.458876 -0.346361
v -0.002760 9.464665 -0.343818
v -0.002987 9.477704 -0.337887
v -0.008214 9.470629 -0.338934
v -0.002760 9.470942 -0.340993
v 0.008214 9.470629 -0.338934
v 0.002987 9.477705 -0.337888
v 0.002760 9.470942 -0.340994
v 0.002987 9.458876 -0.346361
v 0.008214 9.464352 -0.341759
v 0.002760 9.464664 -0.343818
v 0.336110 9.476904 -0.008214
v 0.336110 9.476904 0.008214
v 0.344583 9.458075 0.008214
v 0.344583 9.458075 -0.008214
v 0.337888 9.477704 -0.002987
v 0.338935 9.470627 -0.008214
v 0.340994 9.470941 -0.002760
v 0.338935 9.470627 0.008214
v 0.337888 9.477704 0.002987
v 0.340994 9.470940 0.002760
v 0.346361 9.458875 0.002987
v 0.341759 9.464351 0.008214
v 0.343819 9.464664 0.002760
v 0.341759 9.464351 -0.008214
v 0.346361 9.458874 -0.002987
v 0.343819 9.464664 -0.002760
v 0.248003 9.457702 0.132890
v 0.243598 9.477277 0.131911
v 0.238729 9.467489 0.139471
v 0.246534 9.464227 0.132563
v 0.245066 9.470752 0.132237
v 0.243598 9.477277 -0.131911
v 0.248003 9.457702 -0.132889
v 0.238729 9.467489 -0.139471
v 0.245066 9.470752 -0.132237
v 0.246534 9.464227 -0.132563
v -0.248003 9.457702 -0.132889
v -0.243598 9.477277 -0.131911
v -0.238729 9.467489 -0.139471
v -0.246534 9.464227 -0.132563
v -0.245066 9.470752 -0.132237
v -0.243598 9.477278 0.131911
v -0.248003 9.457703 0.132890
v -0.238729 9.467490 0.139471
v -0.245066 9.470753 0.132237
v -0.246534 9.464228 0.132563
v -0.344583 9.458076 -0.008214
v -0.344583 9.458076 0.008214
v -0.336110 9.476905 0.008214
v -0.336110 9.476905 -0.008214
v -0.346361 9.458876 -0.002987
v -0.341759 9.464352 -0.008214
v -0.343818 9.464665 -0.002760
v -0.341759 9.464352 0.008214
v -0.346361 9.458876 0.002987
v -0.343818 9.464666 0.002760
v -0.337888 9.477705 0.002987
v -0.338934 9.470629 0.008214
v -0.340994 9.470942 0.002760
v -0.338934 9.470629 -0.008214
v -0.337888 9.477705 -0.002987
v -0.340994 9.470942 -0.002760
v 0.550000 4.425408 -0.539984
v 0.539984 4.425408 -0.550000
v 0.548658 4.425408 -0.544992
v 0.544992 4.425408 -0.548658
v 0.539986 1.665082 -0.550000
v 0.550000 1.665082 -0.539986
v 0.544993 1.665082 -0.548658
v 0.548658 1.665082 -0.544993
v -0.550000 1.665082 -0.539986
v -0.539986 1.665082 -0.550000
v -0.548658 1.665082 -0.544993
v -0.544993 1.665082 -0.548658
v -0.539984 4.425408 -0.550000
v -0.550000 4.425408 -0.539984
v -0.544992 4.425408 -0.548658
v -0.548658 4.425408 -0.544992
v -0.000000 4.435408 0.550000
v -0.000000 4.425408 0.540000
v -0.000000 4.430408 0.548660
v -0.000000 4.426748 0.545000
v -0.000000 1.665082 0.540000
v -0.000000 1.655082 0.550000
v -0.000000 1.663742 0.545000
v -0.000000 1.660082 0.548660
v 0.136046 4.415408 0.540303
v 0.148629 4.435408 0.550000
v 0.125727 4.425408 0.540000
v 0.138751 4.421768 0.545038
v 0.134420 4.420316 0.539785
v 0.137128 4.423738 0.544684
v 0.141354 4.430523 0.548532
v 0.143343 4.429067 0.548577
v 0.139396 4.427093 0.547433
v 0.130696 4.423925 0.539676
v 0.133002 4.426876 0.544885
v 0.135275 4.425399 0.544635
v 0.117230 1.675081 0.540227
v 0.106878 1.665082 0.540000
v 0.129210 1.655082 0.550000
v 0.115584 1.670174 0.539794
v 0.119688 1.668739 0.545000
v 0.118070 1.666758 0.544680
v 0.113972 1.663613 0.544885
v 0.111847 1.666564 0.539712
v 0.116226 1.665091 0.544643
v 0.124059 1.661442 0.548566
v 0.122116 1.659967 0.548532
v 0.120209 1.663404 0.547427
v 0.136046 4.415408 -0.540303
v 0.125727 4.425408 -0.540000
v 0.148629 4.435408 -0.550000
v 0.134420 4.420316 -0.539785
v 0.138751 4.421768 -0.545038
v 0.137128 4.423738 -0.544684
v 0.133002 4.426876 -0.544885
v 0.130696 4.423925 -0.539676
v 0.135275 4.425399 -0.544634
v 0.143343 4.429067 -0.548577
v 0.141354 4.430523 -0.548532
v 0.139396 4.427093 -0.547433
v 0.117230 1.675081 -0.540227
v 0.129210 1.655082 -0.550000
v 0.106878 1.665082 -0.540000
v 0.119688 1.668739 -0.545000
v 0.115584 1.670174 -0.539794
v 0.118070 1.666758 -0.544680
v 0.122116 1.659967 -0.548532
v 0.124059 1.661442 -0.548566
v 0.120209 1.663404 -0.547427
v 0.111847 1.666564 -0.539712
v 0.113972 1.663613 -0.544885
v 0.116226 1.665091 -0.544643
v -0.540303 4.415408 0.136046
v -0.550000 4.435408 0.148629
v -0.540000 4.425408 0.125727
v -0.545039 4.421768 0.138751
v -0.539785 4.420316 0.134421
v -0.544684 4.423738 0.137128
v -0.548532 4.430523 0.141354
v -0.548577 4.429067 0.143343
v -0.547433 4.427093 0.139396
v -0.539676 4.423925 0.130696
v -0.544885 4.426876 0.133002
v -0.544635 4.425399 0.135275
v -0.540227 1.675081 0.117230
v -0.540000 1.665082 0.106878
v -0.550000 1.655082 0.129210
v -0.539794 1.670174 0.115584
v -0.545000 1.668739 0.119688
v -0.544680 1.666758 0.118070
v -0.544885 1.663613 0.113972
v -0.539712 1.666564 0.111847
v -0.544643 1.665091 0.116226
v -0.548566 1.661442 0.124059
v -0.548532 1.659967 0.122116
v -0.547427 1.663404 0.120209
v -0.540303 4.415408 -0.136046
v -0.540000 4.425408 -0.125727
v -0.550000 4.435408 -0.148629
v -0.539785 4.420316 -0.134420
v -0.545039 4.421768 -0.138751
v -0.544684 4.423738 -0.137128
v -0.544885 4.426876 -0.133002
v -0.539676 4.423925 -0.130696
v -0.544635 4.425399 -0.135275
v -0.548577 4.429067 -0.143343
v -0.548532 4.430523 -0.141354
v -0.547433 4.427093 -0.139396
v -0.540227 1.675081 -0.117230
v -0.550000 1.655082 -0.129210
v -0.540000 1.665082 -0.106878
v -0.545000 1.668739 -0.119688
v -0.539794 1.670175 -0.115584
v -0.544680 1.666758 -0.118070
v -0.548532 1.659967 -0.122116
v -0.548566 1.661442 -0.124059
v -0.547427 1.663404 -0.120209
v -0.539712 1.666564 -0.111847
v -0.544885 1.663613 -0.113972
v -0.544643 1.665091 -0.116226
v 0.539984 4.425408 0.550000
v 0.550000 4.425408 0.539984
v 0.544992 4.425408 0.548658
v 0.548658 4.425408 0.544992
v 0.550000 1.665082 0.539986
v 0.539986 1.665082 0.550000
v 0.548658 1.665082 0.544993
v 0.544993 1.665082 0.548658
v 0.550000 4.435408 0.000000
v 0.540000 4.425408 0.000000
v 0.548660 4.430408 0.000000
v 0.545000 4.426748 0.000000
v 0.540000 1.665082 0.000000
v 0.550000 1.655082 0.000000
v 0.545000 1.663742 0.000000
v 0.548660 1.660082 0.000000
v -0.550000 4.425408 0.539984
v -0.539984 4.425408 0.550000
v -0.548658 4.425408 0.544992
v -0.544992 4.425408 0.548658
v -0.539986 1.665082 0.550000
v -0.550000 1.665082 0.539986
v -0.544993 1.665082 0.548658
v -0.548658 1.665082 0.544993
v -0.117230 1.675081 0.540227
v -0.129210 1.655082 0.550000
v -0.106878 1.665082 0.540000
v -0.119688 1.668739 0.545000
v -0.115584 1.670175 0.539794
v -0.118071 1.666758 0.544680
v -0.122116 1.659967 0.548532
v -0.124059 1.661442 0.548566
v -0.120209 1.663404 0.547427
v -0.111847 1.666564 0.539712
v -0.113972 1.663613 0.544885
v -0.116226 1.665091 0.544643
v -0.136046 4.415408 0.540303
v -0.125727 4.425408 0.540000
v -0.148629 4.435408 0.550000
v -0.134421 4.420316 0.539785
v -0.138751 4.421768 0.545038
v -0.137128 4.423738 0.544684
v -0.133002 4.426876 0.544885
v -0.130696 4.423925 0.539676
v -0.135275 4.425399 0.544635
v -0.143343 4.429067 0.548577
v -0.141354 4.430523 0.548532
v -0.139396 4.427093 0.547433
v -0.117230 1.675081 -0.540227
v -0.106878 1.665082 -0.540000
v -0.129210 1.655082 -0.550000
v -0.115584 1.670175 -0.539794
v -0.119688 1.668739 -0.545000
v -0.118070 1.666758 -0.544680
v -0.113972 1.663613 -0.544885
v -0.111847 1.666564 -0.539712
v -0.116226 1.665091 -0.544643
v -0.124059 1.661442 -0.548566
v -0.122116 1.659967 -0.548532
v -0.120209 1.663404 -0.547427
v -0.136046 4.415408 -0.540303
v -0.148629 4.435408 -0.550000
v -0.125727 4.425408 -0.540000
v -0.138751 4.421768 -0.545038
v -0.134421 4.420316 -0.539785
v -0.137128 4.423738 -0.544684
v -0.141354 4.430523 -0.548532
v -0.143343 4.429067 -0.548577
v -0.139396 4.427093 -0.547433
v -0.130696 4.423925 -0.539676
v -0.133002 4.426876 -0.544885
v -0.135275 4.425399 -0.544634
v -0.000000 1.655082 -0.550000
v -0.000000 1.665082 -0.540000
v -0.000000 1.660082 -0.548660
v -0.000000 1.663742 -0.545000
v -0.000000 4.425408 -0.540000
v -0.000000 4.435408 -0.550000
v -0.000000 4.426748 -0.545000
v -0.000000 4.430408 -0.548660
v 0.540227 1.675081 -0.117230
v 0.540000 1.665082 -0.106878
v 0.550000 1.655082 -0.129210
v 0.539794 1.670174 -0.115584
v 0.545000 1.668739 -0.119688
v 0.544680 1.666758 -0.118070
v 0.544885 1.663613 -0.113972
v 0.539712 1.666564 -0.111847
v 0.544643 1.665091 -0.116226
v 0.548566 1.661442 -0.124059
v 0.548532 1.659967 -0.122116
v 0.547427 1.663404 -0.120209
v 0.540303 4.415408 -0.136046
v 0.550000 4.435408 -0.148629
v 0.540000 4.425408 -0.125727
v 0.545038 4.421768 -0.138751
v 0.539785 4.420316 -0.134420
v 0.544684 4.423738 -0.137128
v 0.548532 4.430523 -0.141354
v 0.548577 4.429067 -0.143343
v 0.547433 4.427093 -0.139396
v 0.539676 4.423925 -0.130696
v 0.544885 4.426876 -0.133002
v 0.544634 4.425399 -0.135275
v 0.540227 1.675081 0.117230
v 0.550000 1.655082 0.129210
v 0.540000 1.665082 0.106878
v 0.545000 1.668739 0.119688
v 0.539794 1.670175 0.115584
v 0.544680 1.666758 0.118070
v 0.548532 1.659966 0.122116
v 0.548566 1.661442 0.124059
v 0.547427 1.663404 0.120209
v 0.539712 1.666564 0.111847
v 0.544885 1.663613 0.113972
v 0.544643 1.665091 0.116226
v 0.540303 4.415408 0.136046
v 0.540000 4.425408 0.125727
v 0.550000 4.435408 0.148629
v 0.539785 4.420316 0.134421
v 0.545038 4.421768 0.138751
v 0.544684 4.423738 0.137128
v 0.544885 4.426876 0.133002
v 0.539676 4.423925 0.130696
v 0.544634 4.425399 0.135275
v 0.548577 4.429067 0.143343
v 0.548532 4.430523 0.141354
v 0.547433 4.427093 0.139396
v -0.550000 1.655082 0.000000
v -0.540000 1.665082 0.000000
v -0.548660 1.660082 0.000000
v -0.545000 1.663742 0.000000
v -0.540000 4.425408 0.000000
v -0.550000 4.435408 0.000000
v -0.545000 4.426748 0.000000
v -0.548660 4.430408 0.000000
v -0.000000 4.425408 0.362434
v -0.000000 4.415408 0.352434
v -0.000000 4.424068 0.357434
v -0.000000 4.420408 0.353774
v -0.000000 1.675081 0.352434
v -0.000000 1.665082 0.362434
v -0.000000 1.670081 0.353774
v -0.000000 1.666421 0.357434
v 0.091185 4.415408 0.362131
v 0.080994 4.425408 0.362434
v 0.078742 4.415408 0.352434
v 0.089797 4.420402 0.362227
v 0.088673 4.415408 0.357234
v 0.087374 4.420190 0.357534
v 0.079843 4.424072 0.357496
v 0.086056 4.424072 0.362338
v 0.084740 4.422774 0.357612
v 0.084105 4.415408 0.353674
v 0.079016 4.420402 0.353825
v 0.084158 4.420190 0.355028
v 0.068369 1.665082 0.362434
v 0.078597 1.675081 0.362207
v 0.066478 1.675081 0.352434
v 0.073427 1.666417 0.362362
v 0.067375 1.666418 0.357482
v 0.072261 1.667715 0.357622
v 0.076236 1.675081 0.357285
v 0.077181 1.670088 0.362279
v 0.074904 1.670299 0.357563
v 0.066680 1.670088 0.353812
v 0.071788 1.675081 0.353698
v 0.071772 1.670299 0.355038
v 0.080994 4.425408 -0.362434
v 0.091185 4.415408 -0.362131
v 0.078742 4.415408 -0.352434
v 0.086056 4.424072 -0.362338
v 0.079843 4.424072 -0.357496
v 0.084740 4.422774 -0.357612
v 0.088673 4.415408 -0.357233
v 0.089797 4.420402 -0.362227
v 0.087374 4.420190 -0.357534
v 0.079016 4.420402 -0.353825
v 0.084105 4.415408 -0.353674
v 0.084158 4.420190 -0.355028
v 0.078597 1.675081 -0.362207
v 0.068369 1.665082 -0.362434
v 0.066478 1.675081 -0.352434
v 0.077181 1.670088 -0.362279
v 0.076236 1.675081 -0.357285
v 0.074904 1.670299 -0.357563
v 0.067375 1.666418 -0.357482
v 0.073427 1.666417 -0.362362
v 0.072261 1.667715 -0.357622
v 0.071788 1.675081 -0.353698
v 0.066680 1.670088 -0.353812
v 0.071772 1.670299 -0.355038
v -0.362131 4.415408 0.091185
v -0.362434 4.425408 0.080994
v -0.352434 4.415408 0.078742
v -0.362227 4.420402 0.089797
v -0.357234 4.415408 0.088673
v -0.357534 4.420190 0.087374
v -0.357496 4.424072 0.079843
v -0.362338 4.424072 0.086056
v -0.357612 4.422774 0.084740
v -0.353674 4.415408 0.084105
v -0.353825 4.420402 0.079016
v -0.355028 4.420190 0.084158
v -0.362207 1.675081 0.078597
v -0.352434 1.675081 0.066478
v -0.362434 1.665082 0.068369
v -0.357285 1.675081 0.076236
v -0.362279 1.670088 0.077181
v -0.357563 1.670299 0.074904
v -0.353812 1.670088 0.066681
v -0.353698 1.675081 0.071788
v -0.355038 1.670299 0.071773
v -0.362362 1.666417 0.073427
v -0.357482 1.666418 0.067375
v -0.357622 1.667715 0.072261
v -0.362131 4.415408 -0.091185
v -0.352434 4.415408 -0.078742
v -0.362434 4.425408 -0.080994
v -0.357234 4.415408 -0.088673
v -0.362227 4.420402 -0.089797
v -0.357534 4.420190 -0.087374
v -0.353825 4.420402 -0.079016
v -0.353674 4.415408 -0.084105
v -0.355028 4.420190 -0.084158
v -0.362338 4.424072 -0.086056
v -0.357496 4.424072 -0.079843
v -0.357612 4.422774 -0.084740
v -0.362207 1.675081 -0.078597
v -0.362434 1.665082 -0.068369
v -0.352434 1.675081 -0.066478
v -0.362279 1.670088 -0.077181
v -0.357285 1.675081 -0.076236
v -0.357563 1.670299 -0.074904
v -0.357482 1.666418 -0.067375
v -0.362362 1.666417 -0.073427
v -0.357622 1.667715 -0.072261
v -0.353698 1.675081 -0.071788
v -0.353812 1.670088 -0.066680
v -0.355038 1.670299 -0.071772
v 0.362434 4.425408 0.000000
v 0.352434 4.415408 0.000000
v 0.357434 4.424068 0.000000
v 0.353774 4.420408 0.000000
v 0.352434 1.675081 0.000000
v 0.362434 1.665082 0.000000
v 0.353774 1.670081 0.000000
v 0.357434 1.666421 0.000000
v -0.078597 1.675081 0.362207
v -0.068369 1.665082 0.362434
v -0.066478 1.675081 0.352434
v -0.077181 1.670088 0.362279
v -0.076236 1.675081 0.357285
v -0.074904 1.670299 0.357563
v -0.067375 1.666418 0.357482
v -0.073427 1.666417 0.362362
v -0.072261 1.667715 0.357622
v -0.071788 1.675081 0.353698
v -0.066681 1.670088 0.353812
v -0.071773 1.670299 0.355038
v -0.091185 4.415408 0.362131
v -0.078742 4.415408 0.352434
v -0.080994 4.425408 0.362434
v -0.088673 4.415408 0.357234
v -0.089797 4.420402 0.362227
v -0.087374 4.420190 0.357534
v -0.079016 4.420402 0.353825
v -0.084105 4.415408 0.353674
v -0.084158 4.420190 0.355028
v -0.086056 4.424072 0.362338
v -0.079843 4.424072 0.357496
v -0.084740 4.422774 0.357612
v -0.078597 1.675081 -0.362207
v -0.066478 1.675081 -0.352434
v -0.068369 1.665082 -0.362434
v -0.076236 1.675081 -0.357285
v -0.077181 1.670088 -0.362279
v -0.074904 1.670299 -0.357563
v -0.066681 1.670088 -0.353812
v -0.071788 1.675081 -0.353698
v -0.071773 1.670299 -0.355038
v -0.073427 1.666417 -0.362362
v -0.067375 1.666418 -0.357482
v -0.072261 1.667715 -0.357622
v -0.091185 4.415408 -0.362131
v -0.080994 4.425408 -0.362434
v -0.078742 4.415408 -0.352434
v -0.089797 4.420402 -0.362227
v -0.088673 4.415408 -0.357233
v -0.087374 4.420190 -0.357534
v -0.079843 4.424072 -0.357496
v -0.086056 4.424072 -0.362338
v -0.084740 4.422774 -0.357612
v -0.084105 4.415408 -0.353674
v -0.079016 4.420402 -0.353825
v -0.084158 4.420190 -0.355028
v -0.000000 1.665082 -0.362434
v -0.000000 1.675081 -0.352434
v -0.000000 1.666421 -0.357434
v -0.000000 1.670081 -0.353774
v -0.000000 4.415408 -0.352434
v -0.000000 4.425408 -0.362434
v -0.000000 4.420408 -0.353774
v -0.000000 4.424068 -0.357434
v 0.362207 1.675081 -0.078597
v 0.352434 1.675081 -0.066478
v 0.362434 1.665082 -0.068369
v 0.357285 1.675081 -0.076236
v 0.362279 1.670088 -0.077181
v 0.357563 1.670299 -0.074904
v 0.353812 1.670088 -0.066680
v 0.353698 1.675081 -0.071788
v 0.355038 1.670299 -0.071772
v 0.362362 1.666417 -0.073427
v 0.357482 1.666418 -0.067375
v 0.357622 1.667715 -0.072261
v 0.362131 4.415408 -0.091185
v 0.362434 4.425408 -0.080994
v 0.352434 4.415408 -0.078742
v 0.362227 4.420402 -0.089797
v 0.357233 4.415408 -0.088673
v 0.357534 4.420190 -0.087374
v 0.357496 4.424072 -0.079843
v 0.362338 4.424072 -0.086056
v 0.357612 4.422774 -0.084740
v 0.353674 4.415408 -0.084105
v 0.353825 4.420402 -0.079016
v 0.355028 4.420190 -0.084158
v 0.362207 1.675081 0.078597
v 0.362434 1.665082 0.068369
v 0.352434 1.675081 0.066478
v 0.362279 1.670088 0.077181
v 0.357285 1.675081 0.076236
v 0.357563 1.670299 0.074904
v 0.357482 1.666418 0.067375
v 0.362362 1.666417 0.073427
v 0.357622 1.667715 0.072261
v 0.353698 1.675081 0.071788
v 0.353812 1.670088 0.066681
v 0.355038 1.670299 0.071773
v 0.362131 4.415408 0.091185
v 0.352434 4.415408 0.078742
v 0.362434 4.425408 0.080994
v 0.357233 4.415408 0.088673
v 0.362227 4.420402 0.089797
v 0.357534 4.420190 0.087374
v 0.353825 4.420402 0.079016
v 0.353674 4.415408 0.084105
v 0.355028 4.420190 0.084158
v 0.362338 4.424072 0.086056
v 0.357496 4.424072 0.079843
v 0.357612 4.422774 0.084740
v -0.362434 1.665082 0.000000
v -0.352434 1.675081 0.000000
v -0.357434 1.666421 0.000000
v -0.353774 1.670081 0.000000
v -0.352434 4.415408 0.000000
v -0.362434 4.425408 0.000000
v -0.353774 4.420408 0.000000
v -0.357434 4.424068 0.000000
vn -0.0000 -1.0000 -0.0000
vn -0.5233 0.8487 0.0770
vn -0.5597 0.8217 0.1076
vn -0.4112 0.8617 0.2972
vn -0.3672 0.9054 0.2133
vn -0.8970 0.2854 0.3375
vn -0.4162 -0.8084 0.4162
vn -0.3375 0.2848 0.8972
vn -0.0770 0.8487 0.5233
vn -0.2133 0.9054 0.3672
vn -0.2972 0.8617 0.4112
vn -0.1076 0.8216 0.5598
vn -0.4760 0.7394 0.4761
vn -0.0482 0.8938 0.4460
vn -0.0371 0.9411 0.3360
vn -0.1529 0.9480 0.2792
vn -0.1852 0.9209 0.3429
vn -0.0382 0.9834 0.1773
vn -0.1431 0.9793 0.1431
vn -0.0493 0.9976 0.0493
vn -0.1773 0.9834 0.0382
vn -0.3360 0.9411 0.0371
vn -0.2792 0.9480 0.1529
vn -0.4460 0.8938 0.0481
vn -0.3429 0.9209 0.1852
vn -0.0770 0.8487 -0.5233
vn -0.1076 0.8216 -0.5598
vn -0.2972 0.8617 -0.4112
vn -0.2133 0.9054 -0.3672
vn -0.3375 0.2854 -0.8970
vn -0.4162 -0.8084 -0.4162
vn -0.8970 0.2854 -0.3375
vn -0.5232 0.8487 -0.0769
vn -0.3672 0.9054 -0.2133
vn -0.4112 0.8617 -0.2972
vn -0.5597 0.8217 -0.1076
vn -0.4761 0.7394 -0.4761
vn -0.0481 0.8937 -0.4460
vn -0.1852 0.9209 -0.3429
vn -0.1529 0.9480 -0.2792
vn -0.0371 0.9411 -0.3360
vn -0.3429 0.9209 -0.1852
vn -0.2792 0.9480 -0.1529
vn -0.4460 0.8938 -0.0482
vn -0.3360 0.9411 -0.0371
vn -0.1773 0.9834 -0.0382
vn -0.1431 0.9793 -0.1431
vn -0.0493 0.9976 -0.0493
vn -0.0382 0.9834 -0.1773
vn 0.0770 0.8487 0.5233
vn 0.1076 0.8216 0.5598
vn 0.2972 0.8617 0.4112
vn 0.2133 0.9054 0.3672
vn 0.3375 0.2854 0.8970
vn 0.4163 -0.8084 0.4162
vn 0.8971 0.2851 0.3374
vn 0.5232 0.8487 0.0770
vn 0.3672 0.9054 0.2133
vn 0.4112 0.8618 0.2972
vn 0.5597 0.8217 0.1076
vn 0.4760 0.7395 0.4760
vn 0.4460 0.8938 0.0482
vn 0.3360 0.9411 0.0371
vn 0.2792 0.9480 0.1529
vn 0.3429 0.9209 0.1852
vn 0.1773 0.9834 0.0382
vn 0.1431 0.9793 0.1431
vn 0.0493 0.9976 0.0493
vn 0.0382 0.9834 0.1773
vn 0.0371 0.9411 0.3360
vn 0.1529 0.9480 0.2792
vn 0.0482 0.8938 0.4460
vn 0.1852 0.9209 0.3429
vn 0.5233 0.8487 -0.0770
vn 0.5598 0.8216 -0.1076
vn 0.4112 0.8617 -0.2972
vn 0.3672 0.9054 -0.2133
vn 0.8970 0.2854 -0.3375
vn 0.4162 -0.8084 -0.4162
vn 0.3375 0.2850 -0.8972
vn 0.0770 0.8487 -0.5233
vn 0.2133 0.9054 -0.3672
vn 0.2972 0.8617 -0.4113
vn 0.1076 0.8216 -0.5598
vn 0.4760 0.7394 -0.4762
vn 0.0482 0.8938 -0.4460
vn 0.0371 0.9411 -0.3360
vn 0.1529 0.9480 -0.2792
vn 0.1852 0.9209 -0.3429
vn 0.0382 0.9834 -0.1773
vn 0.1431 0.9793 -0.1431
vn 0.0493 0.9976 -0.0493
vn 0.1773 0.9834 -0.0382
vn 0.3360 0.9411 -0.0371
vn 0.2792 0.9480 -0.1529
vn 0.4460 0.8938 -0.0481
vn 0.3429 0.9209 -0.1852
vn -0.0435 0.9223 0.3839
vn -0.1589 0.9418 0.2964
vn -0.1101 0.9811 0.1594
vn -0.0337 0.9818 0.1870
vn -0.2964 0.9418 0.1589
vn -0.1594 0.9811 0.1101
vn -0.3839 0.9223 0.0435
vn -0.1870 0.9818 0.0337
vn 0.0365 0.9993 -0.0002
vn -0.0597 0.9964 0.0597
vn 0.1182 0.9859 -0.1182
vn 0.0002 0.9993 -0.0365
vn -0.3954 0.9178 0.0370
vn -0.2951 0.9437 0.1497
vn -0.1921 0.9782 0.0793
vn -0.2324 0.9726 0.0029
vn -0.1497 0.9437 0.2951
vn -0.0793 0.9782 0.1921
vn -0.0370 0.9178 0.3954
vn -0.0029 0.9726 0.2324
vn 0.0283 0.9995 0.0110
vn -0.0272 0.9993 0.0272
vn 0.0811 0.9934 -0.0811
vn -0.0110 0.9995 -0.0283
vn -0.0370 0.9178 -0.3954
vn -0.1497 0.9437 -0.2951
vn -0.0793 0.9782 -0.1921
vn -0.0029 0.9726 -0.2324
vn -0.2951 0.9437 -0.1497
vn -0.1921 0.9782 -0.0793
vn -0.3954 0.9178 -0.0370
vn -0.2324 0.9726 -0.0029
vn -0.0110 0.9995 0.0283
vn -0.0272 0.9993 -0.0272
vn 0.0811 0.9934 0.0811
vn 0.0283 0.9995 -0.0110
vn -0.3839 0.9223 -0.0435
vn -0.2964 0.9418 -0.1589
vn -0.1594 0.9811 -0.1101
vn -0.1870 0.9818 -0.0337
vn -0.1589 0.9418 -0.2964
vn -0.1101 0.9811 -0.1594
vn -0.0435 0.9223 -0.3839
vn -0.0337 0.9818 -0.1870
vn 0.0002 0.9993 0.0365
vn -0.0597 0.9964 -0.0597
vn 0.1182 0.9859 0.1182
vn 0.0365 0.9993 0.0002
vn 0.3954 0.9178 -0.0370
vn 0.2951 0.9437 -0.1497
vn 0.1921 0.9782 -0.0793
vn 0.2324 0.9726 -0.0029
vn 0.1497 0.9437 -0.2951
vn 0.0793 0.9782 -0.1921
vn 0.0370 0.9178 -0.3954
vn 0.0029 0.9726 -0.2324
vn -0.0283 0.9995 -0.0110
vn 0.0272 0.9993 -0.0272
vn -0.0811 0.9934 0.0811
vn 0.0110 0.9995 0.0283
vn 0.0435 0.9223 -0.3839
vn 0.1589 0.9418 -0.2964
vn 0.1101 0.9811 -0.1594
vn 0.0337 0.9818 -0.1870
vn 0.2964 0.9418 -0.1589
vn 0.1594 0.9811 -0.1101
vn 0.3839 0.9223 -0.0435
vn 0.1870 0.9818 -0.0337
vn -0.0365 0.9993 0.0002
vn 0.0597 0.9964 -0.0597
vn -0.1182 0.9859 0.1182
vn -0.0002 0.9993 0.0365
vn 0.0370 0.9178 0.3954
vn 0.1497 0.9437 0.2951
vn 0.0793 0.9782 0.1921
vn 0.0029 0.9726 0.2324
vn 0.2951 0.9437 0.1497
vn 0.1921 0.9782 0.0793
vn 0.3954 0.9178 0.0370
vn 0.2324 0.9726 0.0029
vn 0.0110 0.9995 -0.0283
vn 0.0272 0.9993 0.0272
vn -0.0811 0.9934 -0.0811
vn -0.0283 0.9995 0.0110
vn 0.0435 0.9223 0.3839
vn 0.0337 0.9818 0.1870
vn 0.1101 0.9811 0.1594
vn 0.1589 0.9418 0.2964
vn -0.0002 0.9993 -0.0365
vn 0.0597 0.9964 0.0597
vn -0.1182 0.9859 -0.1182
vn -0.0365 0.9993 -0.0002
vn 0.1870 0.9818 0.0337
vn 0.1594 0.9811 0.1101
vn 0.3839 0.9223 0.0435
vn 0.2964 0.9418 0.1589
vn -0.2797 -0.8663 -0.4138
vn -0.1562 -0.7732 -0.6146
vn -0.2000 -0.8110 -0.5498
vn -0.0526 -0.6658 -0.7442
vn 0.2996 0.9541 -0.0000
vn -0.0526 -0.6658 0.7442
vn -0.1562 -0.7732 0.6146
vn -0.2000 -0.8110 0.5498
vn -0.2798 -0.8664 0.4137
vn -0.7226 -0.6913 -0.0000
vn -0.6249 -0.7807 -0.0000
vn -0.4522 -0.8919 -0.0000
vn 0.2798 -0.8664 -0.4137
vn 0.2000 -0.8110 -0.5498
vn 0.1562 -0.7732 -0.6146
vn 0.7226 -0.6913 -0.0000
vn 0.6249 -0.7807 -0.0000
vn 0.2797 -0.8663 0.4138
vn 0.1562 -0.7732 0.6146
vn 0.2000 -0.8110 0.5498
vn 0.0526 -0.6658 0.7442
vn -0.2996 0.9541 -0.0000
vn 0.0526 -0.6658 -0.7442
vn 0.4522 -0.8919 -0.0000
vn 0.4693 0.8805 0.0672
vn 0.3457 0.9373 0.0442
vn 0.3468 0.9214 0.1751
vn 0.4549 0.8611 0.2272
vn 0.1869 0.9813 0.0466
vn 0.1880 0.9644 0.1859
vn 0.0496 0.9958 0.0774
vn 0.0581 0.9653 0.2546
vn 0.0991 0.8815 0.4616
vn 0.2632 0.9038 0.3376
vn 0.2151 0.7650 0.6071
vn 0.3924 0.8170 0.4226
vn 0.4693 0.8805 -0.0672
vn 0.4549 0.8611 -0.2272
vn 0.3468 0.9214 -0.1751
vn 0.3457 0.9373 -0.0442
vn 0.3924 0.8170 -0.4226
vn 0.2632 0.9038 -0.3376
vn 0.2151 0.7650 -0.6071
vn 0.0991 0.8815 -0.4616
vn 0.0581 0.9653 -0.2546
vn 0.1880 0.9644 -0.1859
vn 0.0496 0.9958 -0.0774
vn 0.1869 0.9813 -0.0466
vn 0.4050 0.6520 -0.6410
vn 0.4376 0.7759 -0.4544
vn 0.5260 0.6604 -0.5358
vn 0.4824 0.4466 -0.7535
vn 0.4769 0.8405 -0.2570
vn 0.6215 0.7153 -0.3195
vn 0.5544 0.8282 -0.0819
vn 0.6414 0.7503 -0.1604
vn 0.8028 0.5044 -0.3181
vn 0.6782 0.5872 -0.4417
vn 0.3087 -0.9187 -0.2464
vn 0.3245 -0.8416 -0.4319
vn 0.5879 -0.6910 -0.4206
vn 0.5618 0.4185 -0.7136
vn 0.3087 -0.9187 0.2464
vn 0.5878 -0.6911 0.4205
vn 0.3244 -0.8415 0.4319
vn 0.8028 0.5043 0.3180
vn 0.6414 0.7503 0.1604
vn 0.6215 0.7154 0.3195
vn 0.6782 0.5873 0.4417
vn 0.5544 0.8282 0.0819
vn 0.4769 0.8405 0.2570
vn 0.4376 0.7759 0.4544
vn 0.5260 0.6605 0.5358
vn 0.4050 0.6520 0.6410
vn 0.4825 0.4466 0.7535
vn 0.5618 0.4185 0.7136
vn -0.4693 0.8805 -0.0672
vn -0.3457 0.9373 -0.0442
vn -0.3468 0.9214 -0.1751
vn -0.4549 0.8611 -0.2272
vn -0.1869 0.9813 -0.0466
vn -0.1880 0.9644 -0.1859
vn -0.0496 0.9958 -0.0774
vn -0.0581 0.9653 -0.2546
vn -0.0991 0.8815 -0.4616
vn -0.2632 0.9038 -0.3376
vn -0.2151 0.7650 -0.6071
vn -0.3924 0.8170 -0.4226
vn -0.4693 0.8805 0.0672
vn -0.4549 0.8611 0.2272
vn -0.3468 0.9214 0.1751
vn -0.3457 0.9373 0.0442
vn -0.3924 0.8170 0.4226
vn -0.2632 0.9038 0.3376
vn -0.2151 0.7650 0.6071
vn -0.0991 0.8815 0.4616
vn -0.0581 0.9653 0.2546
vn -0.1880 0.9644 0.1859
vn -0.0496 0.9958 0.0774
vn -0.1869 0.9813 0.0466
vn -0.4050 0.6520 0.6410
vn -0.4376 0.7759 0.4544
vn -0.5260 0.6605 0.5358
vn -0.4824 0.4466 0.7535
vn -0.4769 0.8405 0.2570
vn -0.6215 0.7154 0.3195
vn -0.5544 0.8282 0.0819
vn -0.6414 0.7503 0.1604
vn -0.8028 0.5043 0.3180
vn -0.6782 0.5873 0.4417
vn -0.3087 -0.9187 0.2464
vn -0.3244 -0.8416 0.4319
vn -0.5878 -0.6911 0.4206
vn -0.5618 0.4185 0.7136
vn -0.5544 0.8282 -0.0819
vn -0.4769 0.8405 -0.2570
vn -0.6215 0.7154 -0.3195
vn -0.6414 0.7503 -0.1604
vn -0.4376 0.7759 -0.4544
vn -0.5260 0.6605 -0.5358
vn -0.4050 0.6520 -0.6410
vn -0.4825 0.4466 -0.7535
vn -0.5618 0.4185 -0.7136
vn -0.6782 0.5873 -0.4417
vn -0.3087 -0.9187 -0.2464
vn -0.5878 -0.6911 -0.4205
vn -0.3244 -0.8415 -0.4319
vn -0.8028 0.5043 -0.3180
vn 0.4386 0.8950 -0.0819
vn 0.2446 0.9653 -0.0912
vn 0.2217 0.9356 -0.2748
vn 0.4128 0.8733 -0.2586
vn 0.0102 0.9956 -0.0927
vn 0.0229 0.9596 -0.2806
vn -0.1941 0.9771 -0.0876
vn -0.1757 0.9447 -0.2769
vn -0.1540 0.8652 -0.4771
vn 0.0289 0.8867 -0.4614
vn -0.1422 0.7551 -0.6400
vn 0.0205 0.7750 -0.6317
vn 0.1936 0.7619 -0.6180
vn 0.2035 0.8694 -0.4503
vn 0.3481 0.7160 -0.6051
vn 0.3779 0.8110 -0.4466
vn -0.1422 0.7551 0.6400
vn -0.1540 0.8652 0.4771
vn 0.0289 0.8867 0.4614
vn 0.0205 0.7750 0.6317
vn -0.1757 0.9447 0.2769
vn 0.0229 0.9596 0.2806
vn -0.1941 0.9771 0.0876
vn 0.0102 0.9956 0.0927
vn 0.2446 0.9653 0.0912
vn 0.2217 0.9356 0.2748
vn 0.4386 0.8950 0.0819
vn 0.4129 0.8733 0.2586
vn 0.3779 0.8110 0.4466
vn 0.2035 0.8694 0.4503
vn 0.3481 0.7160 0.6051
vn 0.1936 0.7619 0.6181
vn -0.1389 0.8041 -0.5780
vn -0.1681 0.9575 -0.2343
vn 0.0437 0.9702 -0.2383
vn 0.0285 0.8025 -0.5959
vn -0.1681 0.9575 0.2343
vn 0.0437 0.9702 0.2383
vn -0.1389 0.8041 0.5780
vn 0.0285 0.8025 0.5959
vn 0.1992 0.7881 0.5824
vn 0.2391 0.9431 0.2312
vn 0.3543 0.7572 0.5487
vn 0.4219 0.8797 0.2196
vn 0.4219 0.8797 -0.2196
vn 0.2391 0.9431 -0.2312
vn 0.3543 0.7572 -0.5487
vn 0.1992 0.7881 -0.5824
vn -0.1431 0.7615 0.6322
vn 0.0098 0.7617 0.6478
vn 0.0132 0.8695 0.4938
vn -0.1647 0.8626 0.4783
vn 0.1703 0.7504 0.6386
vn 0.1937 0.8516 0.4871
vn 0.3172 0.7272 0.6088
vn 0.3581 0.8131 0.4589
vn 0.3900 0.8798 0.2720
vn 0.2108 0.9311 0.2977
vn 0.3980 0.9131 0.0890
vn 0.2173 0.9713 0.0967
vn -0.0016 0.9953 0.0964
vn 0.0071 0.9540 0.2998
vn -0.1931 0.9770 0.0903
vn -0.1853 0.9415 0.2816
vn -0.1431 0.7615 -0.6322
vn -0.1647 0.8626 -0.4783
vn 0.0132 0.8695 -0.4938
vn 0.0098 0.7617 -0.6478
vn -0.1853 0.9415 -0.2816
vn 0.0071 0.9540 -0.2998
vn -0.1931 0.9770 -0.0903
vn -0.0016 0.9953 -0.0964
vn 0.2173 0.9713 -0.0967
vn 0.2108 0.9311 -0.2977
vn 0.3980 0.9131 -0.0890
vn 0.3900 0.8797 -0.2720
vn 0.3581 0.8131 -0.4589
vn 0.1937 0.8516 -0.4871
vn 0.3172 0.7272 -0.6088
vn 0.1703 0.7504 -0.6386
vn 0.3304 0.7563 0.5646
vn 0.1731 0.8087 0.5622
vn 0.1716 0.9629 0.2081
vn 0.3592 0.9057 0.2250
vn 0.0088 0.8187 0.5742
vn 0.0238 0.9764 0.2145
vn -0.1524 0.7915 0.5919
vn -0.1627 0.9571 0.2398
vn -0.1627 0.9571 -0.2398
vn 0.0238 0.9764 -0.2145
vn -0.1524 0.7915 -0.5919
vn 0.0088 0.8187 -0.5742
vn 0.1731 0.8087 -0.5622
vn 0.1716 0.9629 -0.2081
vn 0.3304 0.7563 -0.5646
vn 0.3592 0.9057 -0.2250
vn -0.4386 0.8950 0.0819
vn -0.2446 0.9653 0.0912
vn -0.2217 0.9356 0.2748
vn -0.4128 0.8733 0.2586
vn -0.0102 0.9956 0.0927
vn -0.0229 0.9596 0.2806
vn 0.1941 0.9771 0.0876
vn 0.1757 0.9447 0.2769
vn 0.1540 0.8652 0.4771
vn -0.0289 0.8867 0.4614
vn 0.1422 0.7551 0.6400
vn -0.0205 0.7750 0.6317
vn -0.1936 0.7619 0.6180
vn -0.2035 0.8694 0.4503
vn -0.3481 0.7160 0.6051
vn -0.3779 0.8110 0.4466
vn 0.1422 0.7551 -0.6400
vn 0.1540 0.8652 -0.4771
vn -0.0289 0.8867 -0.4614
vn -0.0205 0.7750 -0.6317
vn 0.1757 0.9447 -0.2769
vn -0.0229 0.9596 -0.2806
vn 0.1941 0.9771 -0.0876
vn -0.0102 0.9956 -0.0927
vn -0.2446 0.9653 -0.0912
vn -0.2217 0.9356 -0.2748
vn -0.4386 0.8950 -0.0819
vn -0.4129 0.8733 -0.2586
vn -0.3779 0.8110 -0.4466
vn -0.2035 0.8694 -0.4503
vn -0.3481 0.7160 -0.6051
vn -0.1936 0.7619 -0.6181
vn 0.1389 0.8041 0.5780
vn 0.1681 0.9575 0.2343
vn -0.0437 0.9702 0.2383
vn -0.0285 0.8025 0.5959
vn 0.1681 0.9575 -0.2343
vn -0.0437 0.9702 -0.2383
vn 0.1389 0.8041 -0.5780
vn -0.0285 0.8025 -0.5959
vn -0.1992 0.7881 -0.5824
vn -0.2391 0.9431 -0.2312
vn -0.3543 0.7572 -0.5487
vn -0.4219 0.8797 -0.2196
vn -0.4219 0.8797 0.2196
vn -0.2391 0.9431 0.2312
vn -0.3543 0.7572 0.5487
vn -0.1992 0.7881 0.5824
vn 0.1431 0.7615 -0.6322
vn -0.0098 0.7617 -0.6478
vn -0.0132 0.8695 -0.4938
vn 0.1647 0.8626 -0.4783
vn -0.1703 0.7504 -0.6386
vn -0.1937 0.8516 -0.4871
vn -0.3172 0.7272 -0.6088
vn -0.3581 0.8131 -0.4589
vn -0.3900 0.8798 -0.2720
vn -0.2108 0.9311 -0.2977
vn -0.3980 0.9131 -0.0890
vn -0.2173 0.9713 -0.0967
vn 0.0016 0.9953 -0.0964
vn -0.0071 0.9540 -0.2998
vn 0.1931 0.9770 -0.0903
vn 0.1853 0.9415 -0.2816
vn 0.1431 0.7615 0.6322
vn 0.1647 0.8626 0.4783
vn -0.0132 0.8695 0.4938
vn -0.0098 0.7617 0.6478
vn 0.1853 0.9415 0.2816
vn -0.0071 0.9540 0.2998
vn 0.1931 0.9770 0.0903
vn 0.0016 0.9953 0.0964
vn -0.2173 0.9713 0.0967
vn -0.2108 0.9311 0.2977
vn -0.3980 0.9131 0.0890
vn -0.3900 0.8797 0.2720
vn -0.3581 0.8131 0.4589
vn -0.1937 0.8516 0.4871
vn -0.3172 0.7272 0.6088
vn -0.1703 0.7504 0.6386
vn -0.3304 0.7563 -0.5646
vn -0.1731 0.8087 -0.5622
vn -0.1716 0.9629 -0.2081
vn -0.3592 0.9057 -0.2250
vn -0.0088 0.8187 -0.5742
vn -0.0238 0.9764 -0.2145
vn 0.1524 0.7915 -0.5919
vn 0.1627 0.9571 -0.2398
vn 0.1627 0.9571 0.2398
vn -0.0238 0.9764 0.2145
vn 0.1524 0.7915 0.5919
vn -0.0088 0.8187 0.5742
vn -0.1731 0.8087 0.5622
vn -0.1716 0.9629 0.2081
vn -0.3304 0.7563 0.5646
vn -0.3592 0.9057 0.2250
vn -0.0819 0.8282 -0.5544
vn -0.1604 0.7502 -0.6414
vn -0.3195 0.7154 -0.6214
vn -0.2570 0.8405 -0.4770
vn -0.3180 0.5044 -0.8027
vn -0.4417 0.5873 -0.6782
vn -0.2464 -0.9187 -0.3087
vn -0.4318 -0.8416 -0.3244
vn -0.4205 -0.6911 -0.5878
vn -0.7136 0.4184 -0.5619
vn -0.7535 0.4466 -0.4824
vn -0.5358 0.6604 -0.5261
vn -0.6410 0.6520 -0.4050
vn -0.4545 0.7759 -0.4375
vn 0.6409 0.6521 -0.4050
vn 0.7535 0.4466 -0.4825
vn 0.5358 0.6604 -0.5261
vn 0.4544 0.7759 -0.4375
vn 0.7136 0.4183 -0.5619
vn 0.4418 0.5872 -0.6783
vn 0.2464 -0.9187 -0.3088
vn 0.4206 -0.6909 -0.5880
vn 0.4319 -0.8415 -0.3245
vn 0.3181 0.5042 -0.8029
vn 0.1605 0.7502 -0.6414
vn 0.3195 0.7153 -0.6215
vn 0.0819 0.8282 -0.5544
vn 0.2570 0.8405 -0.4769
vn 0.0672 0.8805 -0.4693
vn 0.0442 0.9373 -0.3457
vn 0.1751 0.9214 -0.3468
vn 0.2272 0.8611 -0.4549
vn 0.0466 0.9813 -0.1869
vn 0.1859 0.9644 -0.1880
vn 0.0774 0.9958 -0.0496
vn 0.2546 0.9653 -0.0581
vn 0.4616 0.8815 -0.0991
vn 0.3376 0.9038 -0.2632
vn 0.6071 0.7650 -0.2151
vn 0.4226 0.8170 -0.3924
vn -0.0672 0.8805 -0.4693
vn -0.2272 0.8611 -0.4549
vn -0.1751 0.9214 -0.3468
vn -0.0442 0.9373 -0.3457
vn -0.4226 0.8170 -0.3924
vn -0.3376 0.9038 -0.2632
vn -0.6071 0.7650 -0.2151
vn -0.4616 0.8815 -0.0991
vn -0.2546 0.9653 -0.0581
vn -0.1859 0.9644 -0.1880
vn -0.0774 0.9958 -0.0496
vn -0.0466 0.9813 -0.1869
vn 0.0819 0.8282 0.5544
vn 0.1605 0.7502 0.6414
vn 0.3195 0.7153 0.6214
vn 0.2570 0.8405 0.4769
vn 0.3181 0.5044 0.8028
vn 0.4418 0.5872 0.6782
vn 0.2464 -0.9187 0.3086
vn 0.4318 -0.8416 0.3244
vn 0.4205 -0.6912 0.5877
vn 0.7136 0.4184 0.5619
vn 0.7535 0.4466 0.4825
vn 0.5358 0.6604 0.5261
vn 0.6410 0.6520 0.4050
vn 0.4544 0.7759 0.4376
vn -0.6409 0.6520 0.4050
vn -0.7535 0.4466 0.4825
vn -0.5358 0.6604 0.5260
vn -0.4544 0.7759 0.4375
vn -0.7136 0.4184 0.5619
vn -0.4418 0.5871 0.6783
vn -0.2464 -0.9187 0.3087
vn -0.4205 -0.6911 0.5878
vn -0.4319 -0.8416 0.3244
vn -0.3181 0.5041 0.8029
vn -0.1604 0.7502 0.6414
vn -0.3195 0.7153 0.6215
vn -0.0819 0.8282 0.5544
vn -0.2570 0.8405 0.4769
vn -0.0672 0.8805 0.4693
vn -0.0442 0.9373 0.3457
vn -0.1751 0.9214 0.3468
vn -0.2272 0.8611 0.4549
vn -0.0466 0.9813 0.1869
vn -0.1859 0.9644 0.1880
vn -0.0774 0.9958 0.0496
vn -0.2546 0.9653 0.0581
vn -0.4616 0.8815 0.0991
vn -0.3376 0.9038 0.2632
vn -0.6071 0.7650 0.2151
vn -0.4226 0.8170 0.3924
vn 0.0672 0.8805 0.4693
vn 0.2272 0.8611 0.4549
vn 0.1751 0.9214 0.3468
vn 0.0442 0.9373 0.3457
vn 0.4226 0.8170 0.3924
vn 0.3376 0.9038 0.2632
vn 0.6071 0.7650 0.2151
vn 0.4616 0.8815 0.0991
vn 0.2546 0.9653 0.0581
vn 0.1859 0.9644 0.1880
vn 0.0774 0.9958 0.0496
vn 0.0466 0.9813 0.1869
vn 0.0819 0.8950 0.4386
vn 0.0912 0.9653 0.2446
vn 0.2748 0.9356 0.2217
vn 0.2586 0.8733 0.4129
vn 0.0927 0.9956 0.0102
vn 0.2806 0.9596 0.0229
vn 0.0876 0.9771 -0.1941
vn 0.2769 0.9447 -0.1757
vn 0.4771 0.8652 -0.1540
vn 0.4614 0.8867 0.0289
vn 0.6400 0.7551 -0.1422
vn 0.6317 0.7750 0.0205
vn 0.6181 0.7619 0.1936
vn 0.4503 0.8694 0.2035
vn 0.6051 0.7160 0.3481
vn 0.4466 0.8110 0.3779
vn -0.6400 0.7551 -0.1422
vn -0.4771 0.8652 -0.1540
vn -0.4614 0.8867 0.0289
vn -0.6317 0.7750 0.0205
vn -0.2769 0.9447 -0.1757
vn -0.2806 0.9596 0.0229
vn -0.0876 0.9771 -0.1941
vn -0.0927 0.9956 0.0102
vn -0.0912 0.9653 0.2446
vn -0.2748 0.9356 0.2217
vn -0.0819 0.8949 0.4386
vn -0.2586 0.8733 0.4129
vn -0.4466 0.8110 0.3779
vn -0.4503 0.8694 0.2035
vn -0.6051 0.7160 0.3481
vn -0.6181 0.7619 0.1936
vn 0.5780 0.8041 -0.1389
vn 0.2343 0.9575 -0.1681
vn 0.2383 0.9702 0.0437
vn 0.5959 0.8025 0.0285
vn -0.2343 0.9575 -0.1681
vn -0.2383 0.9702 0.0437
vn -0.5780 0.8041 -0.1389
vn -0.5959 0.8025 0.0285
vn -0.5824 0.7881 0.1992
vn -0.2312 0.9431 0.2391
vn -0.5487 0.7572 0.3543
vn -0.2196 0.8797 0.4219
vn 0.2196 0.8797 0.4219
vn 0.2312 0.9431 0.2391
vn 0.5487 0.7572 0.3543
vn 0.5824 0.7881 0.1992
vn -0.6322 0.7615 -0.1431
vn -0.6478 0.7617 0.0098
vn -0.4938 0.8695 0.0132
vn -0.4783 0.8626 -0.1647
vn -0.6386 0.7504 0.1703
vn -0.4871 0.8516 0.1937
vn -0.6088 0.7272 0.3172
vn -0.4589 0.8131 0.3581
vn -0.2720 0.8798 0.3900
vn -0.2977 0.9311 0.2108
vn -0.0890 0.9131 0.3980
vn -0.0967 0.9713 0.2173
vn -0.0963 0.9953 -0.0016
vn -0.2998 0.9540 0.0071
vn -0.0903 0.9770 -0.1931
vn -0.2816 0.9415 -0.1853
vn 0.6322 0.7615 -0.1431
vn 0.4783 0.8626 -0.1647
vn 0.4938 0.8695 0.0132
vn 0.6478 0.7617 0.0098
vn 0.2816 0.9415 -0.1853
vn 0.2998 0.9540 0.0071
vn 0.0903 0.9770 -0.1931
vn 0.0963 0.9953 -0.0016
vn 0.0967 0.9713 0.2173
vn 0.2977 0.9311 0.2108
vn 0.0890 0.9131 0.3980
vn 0.2720 0.8797 0.3900
vn 0.4589 0.8131 0.3581
vn 0.4871 0.8516 0.1937
vn 0.6088 0.7272 0.3172
vn 0.6386 0.7504 0.1703
vn 0.5646 0.7563 0.3304
vn 0.2250 0.9057 0.3592
vn 0.2081 0.9629 0.1716
vn 0.5622 0.8087 0.1731
vn -0.2250 0.9057 0.3592
vn -0.2081 0.9629 0.1716
vn -0.5646 0.7563 0.3304
vn -0.5622 0.8087 0.1731
vn -0.5742 0.8187 0.0088
vn -0.2145 0.9764 0.0238
vn -0.5919 0.7915 -0.1524
vn -0.2398 0.9571 -0.1627
vn 0.2398 0.9571 -0.1627
vn 0.2145 0.9764 0.0238
vn 0.5919 0.7915 -0.1524
vn 0.5742 0.8187 0.0088
vn -0.0819 0.8950 -0.4386
vn -0.0912 0.9653 -0.2446
vn -0.2748 0.9356 -0.2217
vn -0.2586 0.8733 -0.4129
vn -0.0927 0.9956 -0.0102
vn -0.2806 0.9596 -0.0229
vn -0.0876 0.9771 0.1941
vn -0.2769 0.9447 0.1757
vn -0.4771 0.8652 0.1540
vn -0.4614 0.8867 -0.0289
vn -0.6400 0.7551 0.1422
vn -0.6317 0.7750 -0.0205
vn -0.6181 0.7619 -0.1936
vn -0.4503 0.8694 -0.2035
vn -0.6051 0.7160 -0.3481
vn -0.4466 0.8110 -0.3779
vn 0.6400 0.7551 0.1422
vn 0.4771 0.8652 0.1540
vn 0.4614 0.8867 -0.0289
vn 0.6317 0.7750 -0.0205
vn 0.2769 0.9447 0.1757
vn 0.2806 0.9596 -0.0229
vn 0.0876 0.9771 0.1941
vn 0.0927 0.9956 -0.0102
vn 0.0912 0.9653 -0.2446
vn 0.2748 0.9356 -0.2217
vn 0.0819 0.8949 -0.4386
vn 0.2586 0.8733 -0.4129
vn 0.4466 0.8110 -0.3779
vn 0.4503 0.8694 -0.2035
vn 0.6051 0.7160 -0.3481
vn 0.6181 0.7619 -0.1936
vn -0.5780 0.8041 0.1389
vn -0.2343 0.9575 0.1681
vn -0.2383 0.9702 -0.0437
vn -0.5959 0.8025 -0.0285
vn 0.2343 0.9575 0.1681
vn 0.2383 0.9702 -0.0437
vn 0.5780 0.8041 0.1389
vn 0.5959 0.8025 -0.0285
vn 0.5824 0.7881 -0.1992
vn 0.2312 0.9431 -0.2391
vn 0.5487 0.7572 -0.3543
vn 0.2196 0.8797 -0.4219
vn -0.2196 0.8797 -0.4219
vn -0.2312 0.9431 -0.2391
vn -0.5487 0.7572 -0.3543
vn -0.5824 0.7881 -0.1992
vn 0.6322 0.7615 0.1431
vn 0.6478 0.7617 -0.0098
vn 0.4938 0.8695 -0.0132
vn 0.4783 0.8626 0.1647
vn 0.6386 0.7504 -0.1703
vn 0.4871 0.8516 -0.1937
vn 0.6088 0.7272 -0.3172
vn 0.4589 0.8131 -0.3581
vn 0.2719 0.8798 -0.3900
vn 0.2977 0.9311 -0.2108
vn 0.0890 0.9131 -0.3980
vn 0.0967 0.9713 -0.2173
vn 0.0963 0.9953 0.0016
vn 0.2998 0.9540 -0.0071
vn 0.0903 0.9770 0.1931
vn 0.2816 0.9415 0.1853
vn -0.6322 0.7615 0.1431
vn -0.4783 0.8626 0.1647
vn -0.4938 0.8695 -0.0132
vn -0.6478 0.7617 -0.0098
vn -0.2816 0.9415 0.1853
vn -0.2998 0.9540 -0.0071
vn -0.0903 0.9770 0.1931
vn -0.0963 0.9953 0.0016
vn -0.0967 0.9713 -0.2173
vn -0.2977 0.9311 -0.2108
vn -0.0890 0.9131 -0.3980
vn -0.2720 0.8797 -0.3900
vn -0.4589 0.8131 -0.3581
vn -0.4871 0.8516 -0.1937
vn -0.6088 0.7272 -0.3172
vn -0.6386 0.7504 -0.1703
vn -0.5646 0.7563 -0.3304
vn -0.2250 0.9057 -0.3592
vn -0.2081 0.9629 -0.1716
vn -0.5622 0.8087 -0.1731
vn 0.2250 0.9057 -0.3592
vn 0.2081 0.9629 -0.1716
vn 0.5646 0.7563 -0.3304
vn 0.5622 0.8087 -0.1731
vn 0.5742 0.8187 -0.0088
vn 0.2145 0.9764 -0.0238
vn 0.5919 0.7915 0.1524
vn 0.2398 0.9571 0.1627
vn -0.2398 0.9571 0.1627
vn -0.2145 0.9764 -0.0238
vn -0.5919 0.7915 0.1524
vn -0.5742 0.8187 -0.0088
vn 0.4136 -0.8664 0.2798
vn 0.5498 -0.8110 0.2000
vn 0.6146 -0.7732 0.1563
vn 0.0001 -0.6912 0.7226
vn 0.0001 -0.7807 0.6249
vn -0.4136 -0.8664 0.2797
vn -0.6145 -0.7733 0.1562
vn -0.5497 -0.8111 0.2000
vn -0.7442 -0.6659 0.0526
vn 0.0001 0.9540 -0.2997
vn 0.7443 -0.6658 0.0526
vn 0.0001 -0.8919 0.4522
vn 0.6005 0.7880 0.1358
vn 0.2587 0.9596 0.1104
vn 0.2406 0.8672 0.4359
vn 0.5267 0.6893 0.4974
vn -0.2587 0.9596 0.1104
vn -0.2406 0.8672 0.4359
vn -0.6005 0.7880 0.1359
vn -0.5267 0.6893 0.4974
vn -0.2732 0.4355 0.8577
vn -0.0000 0.6269 0.7791
vn -0.0000 0.1956 0.9807
vn 0.2732 0.4355 0.8577
vn -0.0001 0.9540 0.2997
vn -0.7442 -0.6658 -0.0526
vn -0.6145 -0.7733 -0.1562
vn -0.5497 -0.8110 -0.2000
vn -0.4136 -0.8664 -0.2798
vn -0.0000 -0.6913 -0.7226
vn -0.0000 -0.7807 -0.6249
vn 0.4136 -0.8664 -0.2797
vn 0.6146 -0.7732 -0.1562
vn 0.5498 -0.8110 -0.2000
vn 0.7443 -0.6658 -0.0526
vn -0.0000 -0.8919 -0.4523
vn 0.6458 0.7456 0.1645
vn 0.4857 0.6508 0.5835
vn 0.3218 0.7381 0.5930
vn 0.4737 0.8556 0.2088
vn 0.2075 0.3353 0.9190
vn 0.2207 0.5206 0.8247
vn 0.0395 0.0950 0.9947
vn 0.0933 0.3824 0.9193
vn 0.1220 0.8017 0.5852
vn 0.3043 0.7455 0.5930
vn 0.0746 0.9835 0.1650
vn 0.2812 0.9365 0.2098
vn -0.0746 0.9835 0.1650
vn -0.1220 0.8017 0.5852
vn -0.3043 0.7455 0.5930
vn -0.2812 0.9365 0.2098
vn -0.0933 0.3824 0.9193
vn -0.2207 0.5206 0.8247
vn -0.0395 0.0950 0.9947
vn -0.2075 0.3353 0.9190
vn -0.4857 0.6508 0.5835
vn -0.3218 0.7381 0.5930
vn -0.6458 0.7456 0.1645
vn -0.4737 0.8556 0.2088
vn 0.6458 0.7456 -0.1645
vn 0.4737 0.8556 -0.2088
vn 0.3218 0.7381 -0.5930
vn 0.4857 0.6508 -0.5835
vn 0.2812 0.9365 -0.2098
vn 0.3043 0.7455 -0.5930
vn 0.0746 0.9835 -0.1650
vn 0.1220 0.8017 -0.5852
vn 0.0933 0.3824 -0.9193
vn 0.2207 0.5206 -0.8247
vn 0.0395 0.0950 -0.9947
vn 0.2075 0.3353 -0.9190
vn 0.6005 0.7880 -0.1358
vn 0.5267 0.6893 -0.4974
vn 0.2406 0.8672 -0.4359
vn 0.2587 0.9596 -0.1104
vn 0.2732 0.4355 -0.8577
vn -0.0000 0.6269 -0.7791
vn -0.0000 0.1956 -0.9807
vn -0.2732 0.4355 -0.8577
vn -0.5267 0.6893 -0.4974
vn -0.2406 0.8672 -0.4359
vn -0.6005 0.7880 -0.1358
vn -0.2587 0.9596 -0.1104
vn -0.0746 0.9835 -0.1650
vn -0.2812 0.9365 -0.2098
vn -0.3043 0.7455 -0.5930
vn -0.1220 0.8017 -0.5852
vn -0.4737 0.8556 -0.2088
vn -0.3218 0.7381 -0.5930
vn -0.6458 0.7456 -0.1645
vn -0.4857 0.6508 -0.5835
vn -0.2075 0.3353 -0.9190
vn -0.2207 0.5206 -0.8247
vn -0.0395 0.0950 -0.9947
vn -0.0933 0.3824 -0.9193
vn -0.1412 0.7453 -0.6516
vn -0.2179 0.8573 -0.4665
vn -0.6240 0.7386 -0.2550
vn -0.5027 0.6719 -0.5439
vn -0.2057 0.9390 -0.2757
vn -0.5747 0.7752 -0.2623
vn -0.1784 0.9808 -0.0794
vn -0.5939 0.7970 -0.1100
vn -0.9147 0.3986 -0.0671
vn -0.8288 0.5404 -0.1451
vn -0.9946 0.0988 -0.0326
vn -0.9405 0.3101 -0.1387
vn -0.8338 0.5496 -0.0519
vn -0.1029 0.7890 -0.6057
vn -0.4110 0.7303 -0.5457
vn -0.3299 0.9118 -0.2444
vn -0.0653 0.9632 -0.2609
vn -0.6068 0.6464 -0.4625
vn -0.5826 0.8128 -0.0000
vn -0.9663 0.2574 -0.0000
vn -0.9243 0.3552 0.1398
vn -0.8804 0.4743 -0.0000
vn -0.9243 0.3552 -0.1398
vn -0.6068 0.6464 0.4625
vn -0.4110 0.7303 0.5457
vn -0.3299 0.9118 0.2444
vn -0.1029 0.7890 0.6057
vn -0.0653 0.9632 0.2609
vn -0.1412 0.7453 0.6516
vn -0.5027 0.6719 0.5439
vn -0.6240 0.7386 0.2549
vn -0.2179 0.8573 0.4665
vn -0.8338 0.5496 0.0519
vn -0.9405 0.3101 0.1387
vn -0.8288 0.5404 0.1451
vn -0.9946 0.0988 0.0326
vn -0.9147 0.3986 0.0670
vn -0.5939 0.7970 0.1100
vn -0.5747 0.7752 0.2623
vn -0.1784 0.9808 0.0794
vn -0.2057 0.9390 0.2757
vn -0.1048 0.1880 0.9766
vn -0.3891 0.5493 0.7395
vn -0.4038 0.7155 0.5701
vn -0.1097 0.5951 0.7961
vn -0.6668 0.5742 0.4750
vn -0.4293 0.7245 0.5392
vn -0.7345 0.5646 0.3763
vn -0.1132 0.8508 0.5131
vn -0.2410 0.9559 0.1677
vn -0.2406 0.8767 0.4165
vn -0.0391 0.9984 0.0406
vn -0.0555 0.9432 0.3274
vn -0.3650 0.8760 0.3154
vn -0.1048 0.1880 -0.9766
vn -0.1097 0.5951 -0.7961
vn -0.4038 0.7155 -0.5701
vn -0.3891 0.5493 -0.7395
vn -0.3650 0.8759 -0.3154
vn -0.0555 0.9432 -0.3274
vn -0.2406 0.8767 -0.4165
vn -0.0391 0.9984 -0.0406
vn -0.2410 0.9559 -0.1677
vn -0.1132 0.8508 -0.5132
vn -0.4293 0.7245 -0.5392
vn -0.7345 0.5646 -0.3763
vn -0.6668 0.5742 -0.4750
vn 0.1645 0.7456 -0.6458
vn 0.5835 0.6508 -0.4857
vn 0.5930 0.7381 -0.3218
vn 0.2088 0.8556 -0.4737
vn 0.9190 0.3353 -0.2075
vn 0.8247 0.5206 -0.2207
vn 0.9947 0.0950 -0.0395
vn 0.9193 0.3824 -0.0933
vn 0.5852 0.8017 -0.1220
vn 0.5930 0.7455 -0.3043
vn 0.1650 0.9835 -0.0746
vn 0.2098 0.9365 -0.2812
vn 0.1358 0.7880 -0.6005
vn 0.1104 0.9596 -0.2587
vn 0.4359 0.8672 -0.2406
vn 0.4974 0.6893 -0.5267
vn 0.1104 0.9596 0.2587
vn 0.4359 0.8672 0.2406
vn 0.1358 0.7880 0.6005
vn 0.4974 0.6893 0.5267
vn 0.8577 0.4355 0.2732
vn 0.7791 0.6269 -0.0000
vn 0.9807 0.1956 -0.0000
vn 0.8577 0.4355 -0.2732
vn 0.1645 0.7456 0.6458
vn 0.2088 0.8556 0.4737
vn 0.5930 0.7381 0.3218
vn 0.5835 0.6508 0.4857
vn 0.2098 0.9365 0.2812
vn 0.5930 0.7455 0.3043
vn 0.1651 0.9835 0.0746
vn 0.5852 0.8017 0.1220
vn 0.9193 0.3824 0.0933
vn 0.8247 0.5206 0.2207
vn 0.9947 0.0950 0.0395
vn 0.9190 0.3353 0.2075
vn 0.9762 0.1866 0.1105
vn 0.6983 0.5778 0.4226
vn 0.4947 0.7400 0.4558
vn 0.7821 0.6099 0.1279
vn 0.4226 0.5778 0.6983
vn 0.4558 0.7400 0.4947
vn 0.1105 0.1866 0.9762
vn 0.1279 0.6099 0.7821
vn 0.4110 0.8828 0.2275
vn 0.1040 0.9571 0.2705
vn 0.3176 0.8934 0.3176
vn 0.0373 0.9986 0.0373
vn 0.2705 0.9571 0.1040
vn 0.2274 0.8828 0.4110
vn 0.9762 0.1866 -0.1105
vn 0.7821 0.6099 -0.1279
vn 0.4947 0.7400 -0.4557
vn 0.6983 0.5777 -0.4226
vn 0.2275 0.8828 -0.4110
vn 0.2705 0.9571 -0.1040
vn 0.3176 0.8934 -0.3176
vn 0.0373 0.9986 -0.0373
vn 0.1040 0.9571 -0.2705
vn 0.4110 0.8828 -0.2275
vn 0.4558 0.7400 -0.4947
vn 0.1105 0.1866 -0.9762
vn 0.4226 0.5778 -0.6983
vn 0.1279 0.6099 -0.7821
vn 0.9698 0.2355 0.0633
vn 0.9499 0.3124 -0.0083
vn 0.9893 0.1456 -0.0000
vn 0.9499 0.3124 0.0083
vn 0.9698 0.2355 -0.0633
vn 0.8620 0.0553 0.5039
vn 0.8637 -0.0666 -0.4997
vn -0.4704 0.0451 -0.8813
vn -0.9864 -0.0464 -0.1574
vn -0.6838 -0.1451 0.7151
vn 0.1929 -0.0361 0.9806
vn -0.6372 -0.0687 0.7676
vn 0.0633 0.2355 -0.9698
vn -0.0083 0.3124 -0.9499
vn -0.0000 0.1456 -0.9893
vn 0.0083 0.3124 -0.9499
vn -0.0633 0.2355 -0.9698
vn -0.0000 0.1773 0.9842
vn 0.0967 0.1818 0.9786
vn -0.0000 0.2361 0.9717
vn -0.0967 0.1818 0.9786
vn 0.6888 0.2261 0.6888
vn 0.6758 0.2942 0.6758
vn 0.9842 0.1773 -0.0000
vn 0.9786 0.1818 -0.0967
vn 0.9717 0.2361 -0.0000
vn 0.9786 0.1818 0.0967
vn 0.6888 0.2261 -0.6888
vn 0.6758 0.2942 -0.6758
vn -0.0000 0.1773 -0.9842
vn -0.0967 0.1818 -0.9786
vn -0.0000 0.2361 -0.9717
vn 0.0967 0.1818 -0.9786
vn -0.6888 0.2261 -0.6888
vn -0.6758 0.2942 -0.6758
vn -0.9842 0.1773 -0.0000
vn -0.9786 0.1818 0.0967
vn -0.9717 0.2361 -0.0000
vn -0.9786 0.1818 -0.0967
vn -0.6888 0.2261 0.6888
vn -0.6758 0.2942 0.6758
vn -0.0001 1.0000 0.0001
vn 0.5039 0.0553 -0.8620
vn -0.5001 -0.0666 -0.8634
vn -0.8813 0.0451 0.4703
vn -0.1573 -0.0464 0.9865
vn 0.7151 -0.1451 0.6838
vn 0.9806 -0.0361 -0.1929
vn 0.7676 -0.0687 0.6373
vn -0.9698 0.2356 -0.0633
vn -0.9499 0.3124 0.0083
vn -0.9893 0.1456 -0.0000
vn -0.9499 0.3124 -0.0083
vn -0.9698 0.2355 0.0633
vn -0.8620 0.0553 -0.5039
vn -0.8637 -0.0666 0.4996
vn 0.4704 0.0451 0.8813
vn 0.9864 -0.0464 0.1574
vn 0.6838 -0.1451 -0.7151
vn -0.1929 -0.0361 -0.9806
vn 0.6376 -0.0687 -0.7673
vn -0.0633 0.2355 0.9698
vn 0.0083 0.3124 0.9499
vn -0.0000 0.1456 0.9893
vn -0.0083 0.3124 0.9499
vn 0.0633 0.2355 0.9698
vn -0.5038 0.0553 0.8620
vn 0.5001 -0.0666 0.8634
vn 0.8813 0.0451 -0.4703
vn 0.1573 -0.0464 -0.9865
vn -0.7151 -0.1451 -0.6838
vn -0.9806 -0.0361 0.1929
vn -0.7676 -0.0687 -0.6373
vn 0.7037 0.2343 -0.6707
vn 0.7577 0.2710 -0.5937
vn 0.9187 0.2086 -0.3353
vn 0.8015 0.1436 -0.5805
vn 0.9399 0.3413 -0.0000
vn 0.9188 0.2086 0.3352
vn 0.7037 0.2343 0.6707
vn 0.8015 0.1436 0.5805
vn 0.7576 0.2710 0.5938
vn 0.9645 0.0925 0.2472
vn 0.9918 0.1279 -0.0000
vn 0.9991 0.0435 -0.0000
vn 0.9645 0.0925 -0.2473
vn -0.5631 0.0344 -0.8257
vn -0.1261 0.1415 -0.9819
vn 0.1433 0.5123 -0.8468
vn -0.1190 0.4224 -0.8985
vn 0.4125 0.5042 -0.7587
vn 0.4752 0.2390 -0.8468
vn 0.3766 0.4199 -0.8257
vn 0.6718 0.2160 -0.7085
vn 0.5735 0.4041 -0.7126
vn 0.3262 0.3370 -0.8832
vn 0.1903 0.5756 -0.7953
vn 0.0568 0.9756 -0.2122
vn 0.0956 0.7344 -0.6719
vn 0.3263 0.8171 -0.4753
vn 0.5631 0.0344 0.8257
vn 0.1260 0.1415 0.9819
vn -0.1433 0.5122 0.8468
vn 0.1190 0.4224 0.8985
vn -0.4127 0.5043 0.7585
vn -0.4752 0.2390 0.8468
vn -0.3766 0.4200 0.8257
vn -0.6718 0.2160 0.7085
vn -0.5735 0.4041 0.7126
vn -0.3262 0.3371 0.8832
vn -0.1903 0.5755 0.7953
vn -0.0568 0.9756 0.2122
vn -0.0956 0.7344 0.6720
vn -0.3263 0.8171 0.4753
vn 0.6707 0.2343 0.7037
vn 0.5937 0.2710 0.7577
vn 0.3352 0.2086 0.9188
vn 0.5806 0.1436 0.8015
vn 0.0001 0.3413 0.9399
vn -0.3353 0.2086 0.9187
vn -0.6708 0.2343 0.7037
vn -0.5806 0.1436 0.8015
vn -0.5938 0.2710 0.7576
vn -0.2472 0.0925 0.9645
vn -0.0000 0.1279 0.9918
vn -0.0000 0.0435 0.9991
vn 0.2472 0.0925 0.9645
vn 0.8257 0.0344 -0.5631
vn 0.9819 0.1415 -0.1260
vn 0.8469 0.5122 0.1432
vn 0.8985 0.4225 -0.1191
vn 0.7587 0.5042 0.4125
vn 0.8468 0.2390 0.4752
vn 0.8258 0.4199 0.3765
vn 0.7085 0.2160 0.6718
vn 0.7126 0.4041 0.5735
vn 0.8832 0.3370 0.3261
vn 0.7954 0.5755 0.1903
vn 0.2122 0.9756 0.0568
vn 0.6719 0.7344 0.0956
vn 0.4752 0.8171 0.3263
vn -0.8257 0.0344 0.5631
vn -0.9819 0.1415 0.1261
vn -0.8468 0.5123 -0.1433
vn -0.8985 0.4225 0.1191
vn -0.7586 0.5043 -0.4126
vn -0.8468 0.2390 -0.4752
vn -0.8257 0.4199 -0.3766
vn -0.7085 0.2160 -0.6718
vn -0.7126 0.4041 -0.5735
vn -0.8832 0.3370 -0.3261
vn -0.7953 0.5756 -0.1903
vn -0.2122 0.9756 -0.0568
vn -0.6719 0.7344 -0.0955
vn -0.4753 0.8171 -0.3263
vn -0.8296 0.0361 -0.5571
vn -0.8996 0.4215 -0.1143
vn -0.8476 0.5094 0.1489
vn -0.9834 0.1448 -0.1090
vn -0.6740 0.7320 0.0999
vn -0.7966 0.5719 0.1959
vn -0.2133 0.9752 0.0584
vn -0.4768 0.8147 0.3301
vn -0.8831 0.3317 0.3319
vn -0.7119 0.4008 0.5767
vn -0.8256 0.4150 0.3823
vn -0.7075 0.2155 0.6731
vn -0.8421 0.2380 0.4839
vn -0.7588 0.4997 0.4177
vn -0.7054 0.0700 0.7054
vn -0.8278 0.0538 0.5584
vn -0.7063 0.0471 0.7063
vn -0.5584 0.0538 0.8278
vn -0.9452 0.0321 0.3250
vn -0.8487 0.0206 0.5285
vn -0.9888 0.0047 0.1492
vn -0.8589 0.0056 0.5121
vn -0.5121 0.0056 0.8589
vn -0.5285 0.0206 0.8487
vn -0.1492 0.0047 0.9888
vn -0.3250 0.0321 0.9452
vn -0.6707 0.2343 -0.7037
vn -0.5937 0.2710 -0.7577
vn -0.3353 0.2086 -0.9187
vn -0.5806 0.1436 -0.8015
vn -0.0000 0.3413 -0.9399
vn 0.3352 0.2086 -0.9188
vn 0.6707 0.2343 -0.7037
vn 0.5806 0.1436 -0.8015
vn 0.5937 0.2710 -0.7577
vn 0.2472 0.0925 -0.9645
vn -0.0000 0.1279 -0.9918
vn -0.0000 0.0435 -0.9991
vn -0.2472 0.0925 -0.9645
vn 0.8296 0.0360 0.5572
vn 0.8996 0.4215 0.1143
vn 0.8476 0.5093 -0.1489
vn 0.9834 0.1448 0.1090
vn 0.6740 0.7319 -0.0999
vn 0.7967 0.5718 -0.1959
vn 0.2133 0.9752 -0.0585
vn 0.4769 0.8146 -0.3301
vn 0.8830 0.3318 -0.3319
vn 0.7118 0.4009 -0.5767
vn 0.8256 0.4150 -0.3823
vn 0.7075 0.2155 -0.6731
vn 0.8421 0.2381 -0.4840
vn 0.7588 0.4997 -0.4178
vn -0.9888 0.0047 -0.1492
vn -0.9452 0.0321 -0.3250
vn -0.8487 0.0206 -0.5285
vn -0.8589 0.0056 -0.5121
vn -0.8278 0.0538 -0.5584
vn -0.7063 0.0471 -0.7063
vn -0.7054 0.0700 -0.7054
vn -0.5584 0.0538 -0.8278
vn -0.3250 0.0321 -0.9452
vn -0.5285 0.0206 -0.8487
vn -0.1492 0.0047 -0.9888
vn -0.5121 0.0056 -0.8589
vn -0.7037 0.2343 0.6707
vn -0.7577 0.2710 0.5937
vn -0.9187 0.2086 0.3353
vn -0.8015 0.1436 0.5805
vn -0.9399 0.3413 -0.0000
vn -0.9188 0.2086 -0.3352
vn -0.7037 0.2343 -0.6707
vn -0.8015 0.1436 -0.5805
vn -0.7576 0.2710 -0.5938
vn -0.9645 0.0925 -0.2472
vn -0.9918 0.1279 -0.0000
vn -0.9991 0.0435 -0.0000
vn -0.9645 0.0925 0.2472
vn 0.5571 0.0361 -0.8296
vn 0.1143 0.4215 -0.8996
vn -0.1489 0.5093 -0.8476
vn 0.1090 0.1448 -0.9834
vn -0.0999 0.7319 -0.6741
vn -0.1959 0.5717 -0.7967
vn -0.0584 0.9752 -0.2133
vn -0.3302 0.8146 -0.4769
vn -0.3319 0.3317 -0.8831
vn -0.5766 0.4008 -0.7119
vn -0.3823 0.4150 -0.8256
vn -0.6731 0.2155 -0.7075
vn -0.4838 0.2380 -0.8422
vn -0.4179 0.4997 -0.7587
vn -0.5571 0.0361 0.8296
vn -0.1143 0.4215 0.8996
vn 0.1489 0.5093 0.8476
vn -0.1090 0.1448 0.9834
vn 0.0998 0.7319 0.6741
vn 0.1959 0.5717 0.7967
vn 0.0585 0.9752 0.2133
vn 0.3301 0.8146 0.4769
vn 0.3319 0.3317 0.8831
vn 0.5766 0.4008 0.7119
vn 0.3823 0.4150 0.8256
vn 0.6731 0.2155 0.7075
vn 0.4838 0.2380 0.8422
vn 0.4179 0.4997 0.7587
vn 0.1492 0.0047 0.9888
vn 0.5121 0.0056 0.8589
vn 0.5285 0.0206 0.8487
vn 0.3250 0.0321 0.9452
vn 0.8589 0.0056 0.5121
vn 0.8487 0.0206 0.5285
vn 0.9888 0.0047 0.1492
vn 0.9452 0.0321 0.3250
vn 0.8278 0.0538 0.5584
vn 0.7063 0.0471 0.7063
vn 0.7054 0.0700 0.7054
vn 0.5584 0.0538 0.8278
vn 0.7054 0.0700 -0.7054
vn 0.8278 0.0538 -0.5584
vn 0.7063 0.0471 -0.7063
vn 0.5584 0.0538 -0.8278
vn 0.9452 0.0321 -0.3250
vn 0.8487 0.0206 -0.5285
vn 0.9888 0.0047 -0.1492
vn 0.8589 0.0056 -0.5121
vn 0.5121 0.0056 -0.8589
vn 0.5285 0.0206 -0.8487
vn 0.1492 0.0047 -0.9888
vn 0.3250 0.0321 -0.9452
vn 0.4451 0.7772 -0.4449
vn -0.4451 0.7772 0.4449
vn 0.4449 0.7772 0.4449
vn -0.4449 0.7772 -0.4449
vn 0.6016 -0.2358 -0.7632
vn 0.2695 -0.3263 -0.9060
vn 0.5377 -0.3779 -0.7537
vn 0.6128 -0.3191 -0.7229
vn -0.2695 -0.3263 -0.9060
vn 0.0002 -0.5285 -0.8489
vn -0.6017 -0.2358 -0.7632
vn -0.6130 -0.3191 -0.7228
vn -0.5379 -0.3779 -0.7536
vn 0.0221 -0.9995 -0.0231
vn 0.0173 -0.9997 -0.0175
vn 0.7632 -0.2358 0.6016
vn 0.9060 -0.3263 0.2695
vn 0.7536 -0.3779 0.5378
vn 0.7229 -0.3191 0.6129
vn 0.9060 -0.3263 -0.2695
vn 0.8490 -0.5284 -0.0000
vn 0.7632 -0.2358 -0.6016
vn 0.7229 -0.3191 -0.6129
vn 0.7537 -0.3779 -0.5378
vn 0.0223 -0.9995 0.0222
vn 0.0171 -0.9997 0.0171
vn -0.6016 -0.2358 0.7632
vn -0.2694 -0.3263 0.9061
vn -0.5377 -0.3779 0.7537
vn -0.6128 -0.3191 0.7230
vn 0.2695 -0.3264 0.9060
vn -0.0000 -0.5285 0.8489
vn 0.6016 -0.2358 0.7632
vn 0.6128 -0.3191 0.7229
vn 0.5377 -0.3780 0.7537
vn -0.0212 -0.9995 0.0231
vn -0.0170 -0.9997 0.0175
vn -0.7632 -0.2358 -0.6016
vn -0.9060 -0.3263 -0.2695
vn -0.7536 -0.3779 -0.5378
vn -0.7229 -0.3191 -0.6129
vn -0.9060 -0.3263 0.2695
vn -0.8489 -0.5285 -0.0000
vn -0.7632 -0.2358 0.6016
vn -0.7229 -0.3191 0.6128
vn -0.7537 -0.3779 0.5377
vn -0.0230 -0.9995 -0.0219
vn -0.0231 -0.9995 -0.0219
vn -0.0174 -0.9997 -0.0171
vn -0.2794 0.5133 -0.8115
vn -0.1750 0.5239 -0.8336
vn 0.0021 0.7108 -0.7033
vn 0.1751 0.5239 -0.8336
vn -0.0021 0.7108 -0.7034
vn 0.2794 0.5133 -0.8115
vn -0.1864 0.8712 -0.4542
vn 0.0715 0.9677 -0.2418
vn -0.0000 0.8877 -0.4604
vn -0.0000 0.9985 -0.0544
vn -0.0705 0.9678 -0.2418
vn 0.1863 0.8713 -0.4541
vn -0.0544 0.9985 -0.0000
vn -0.2418 0.9677 0.0708
vn -0.4605 0.8877 -0.0001
vn -0.2418 0.9677 -0.0712
vn -0.4542 0.8712 -0.1864
vn -0.7034 0.7108 -0.0021
vn -0.8115 0.5133 0.2795
vn -0.8336 0.5239 0.1751
vn -0.8335 0.5240 -0.1751
vn -0.7034 0.7108 0.0021
vn -0.8114 0.5133 -0.2795
vn -0.4542 0.8712 0.1863
vn 0.0544 0.9985 -0.0000
vn 0.2417 0.9678 -0.0707
vn 0.4605 0.8877 -0.0000
vn 0.2417 0.9677 0.0712
vn 0.4543 0.8711 0.1866
vn 0.7035 0.7107 0.0022
vn 0.8115 0.5132 -0.2794
vn 0.8336 0.5239 -0.1751
vn 0.8336 0.5239 0.1750
vn 0.7034 0.7108 -0.0023
vn 0.8116 0.5132 0.2793
vn 0.4541 0.8711 -0.1867
vn 0.2794 0.5133 0.8115
vn 0.1750 0.5239 0.8336
vn -0.0022 0.7108 0.7034
vn -0.1751 0.5240 0.8336
vn 0.0023 0.7108 0.7034
vn -0.2795 0.5133 0.8114
vn 0.1867 0.8711 0.4542
vn -0.0710 0.9677 0.2417
vn 0.0001 0.8877 0.4605
vn -0.0000 0.9985 0.0544
vn 0.0710 0.9677 0.2417
vn -0.1864 0.8712 0.4542
vn 0.8966 0.2182 -0.3854
vn 0.9280 0.2775 -0.2487
vn 0.9607 0.2593 -0.0989
vn 0.9638 0.2309 -0.1334
vn 0.9361 0.3322 -0.1158
vn 0.9488 0.3160 -0.0000
vn 0.9299 0.3678 -0.0000
vn 0.9361 0.3322 0.1158
vn 0.9280 0.2775 0.2487
vn 0.9607 0.2594 0.0989
vn 0.8966 0.2182 0.3854
vn 0.9638 0.2309 0.1334
vn 0.6802 0.2733 0.6802
vn 0.8317 0.3411 0.4381
vn 0.6470 0.4034 0.6470
vn 0.4381 0.3411 0.8317
vn 0.8854 0.3906 0.2520
vn 0.7310 0.4924 0.4723
vn 0.8730 0.4681 0.1372
vn 0.7134 0.5658 0.4134
vn 0.4134 0.5658 0.7135
vn 0.4724 0.4924 0.7310
vn 0.1372 0.4681 0.8730
vn 0.2520 0.3905 0.8854
vn -0.3854 0.2182 0.8966
vn -0.1334 0.2309 0.9638
vn -0.0989 0.2593 0.9607
vn -0.2487 0.2775 0.9280
vn 0.1334 0.2309 0.9638
vn 0.0989 0.2593 0.9607
vn 0.3854 0.2182 0.8966
vn 0.2487 0.2775 0.9280
vn 0.1158 0.3322 0.9361
vn -0.0000 0.3160 0.9488
vn -0.0000 0.3678 0.9299
vn -0.1158 0.3322 0.9361
vn -0.6802 0.2733 0.6802
vn -0.4381 0.3411 0.8317
vn -0.6470 0.4034 0.6470
vn -0.8317 0.3411 0.4381
vn -0.2520 0.3906 0.8854
vn -0.4724 0.4925 0.7310
vn -0.1372 0.4681 0.8730
vn -0.4134 0.5658 0.7134
vn -0.7134 0.5658 0.4134
vn -0.7310 0.4925 0.4724
vn -0.8730 0.4681 0.1372
vn -0.8854 0.3905 0.2520
vn -0.8966 0.2182 0.3854
vn -0.9280 0.2775 0.2487
vn -0.9607 0.2593 0.0989
vn -0.9638 0.2309 0.1334
vn -0.9361 0.3322 0.1158
vn -0.9488 0.3160 -0.0000
vn -0.9299 0.3678 -0.0000
vn -0.9361 0.3322 -0.1158
vn -0.9280 0.2775 -0.2487
vn -0.9607 0.2593 -0.0989
vn -0.8966 0.2182 -0.3854
vn -0.9638 0.2309 -0.1334
vn -0.7728 0.6346 -0.0000
vn -0.6177 0.7189 0.3189
vn -0.4956 0.8686 -0.0000
vn -0.6176 0.7189 -0.3189
vn -0.3189 0.7190 0.6176
vn -0.0000 0.8686 0.4955
vn -0.0000 0.6346 0.7728
vn 0.3189 0.7190 0.6176
vn 0.6176 0.7189 0.3188
vn 0.4955 0.8686 -0.0001
vn 0.7728 0.6346 -0.0000
vn 0.6176 0.7189 -0.3189
vn 0.3188 0.7189 -0.6176
vn -0.0000 0.8686 -0.4956
vn -0.0000 0.6346 -0.7728
vn -0.3189 0.7189 -0.6176
vn -0.0002 1.0000 0.0001
vn -0.1372 0.4681 -0.8730
vn -0.2520 0.3905 -0.8854
vn -0.4724 0.4924 -0.7310
vn -0.4134 0.5658 -0.7135
vn -0.4381 0.3412 -0.8317
vn -0.6470 0.4034 -0.6470
vn -0.6802 0.2733 -0.6802
vn -0.8317 0.3411 -0.4381
vn -0.8854 0.3905 -0.2520
vn -0.7310 0.4925 -0.4724
vn -0.8730 0.4681 -0.1372
vn -0.7134 0.5658 -0.4134
vn -0.3854 0.2182 -0.8966
vn -0.2487 0.2775 -0.9280
vn -0.0989 0.2593 -0.9607
vn -0.1334 0.2309 -0.9638
vn -0.1158 0.3322 -0.9361
vn -0.0000 0.3160 -0.9488
vn -0.0000 0.3678 -0.9299
vn 0.1158 0.3322 -0.9361
vn 0.2487 0.2775 -0.9280
vn 0.0989 0.2593 -0.9607
vn 0.3854 0.2182 -0.8966
vn 0.1334 0.2309 -0.9638
vn 0.6802 0.2733 -0.6802
vn 0.4381 0.3412 -0.8317
vn 0.6470 0.4034 -0.6470
vn 0.8317 0.3411 -0.4381
vn 0.2520 0.3906 -0.8854
vn 0.4724 0.4925 -0.7310
vn 0.1372 0.4681 -0.8730
vn 0.4134 0.5658 -0.7134
vn 0.7134 0.5658 -0.4134
vn 0.7310 0.4924 -0.4723
vn 0.8730 0.4681 -0.1372
vn 0.8854 0.3905 -0.2520
vn 0.0603 0.9842 0.1666
vn 0.2964 0.8418 0.4510
vn 0.1803 0.8096 0.5587
vn -0.0565 0.9439 0.3253
vn 0.5404 0.5321 0.6518
vn 0.4024 0.6311 0.6632
vn 0.5836 0.2784 0.7628
vn 0.4004 0.4720 0.7854
vn -0.0090 0.7013 0.7128
vn 0.1901 0.7777 0.5992
vn -0.3682 0.7474 0.5531
vn -0.1897 0.8617 0.4705
vn 0.7630 0.2787 0.5832
vn 0.6524 0.5322 0.5396
vn 0.6624 0.6329 0.4007
vn 0.7851 0.4735 0.3992
vn 0.4519 0.8414 0.2963
vn 0.5576 0.8107 0.1788
vn 0.1670 0.9841 0.0605
vn 0.3247 0.9441 -0.0571
vn 0.4701 0.8618 -0.1904
vn 0.5983 0.7788 0.1883
vn 0.5527 0.7474 -0.3687
vn 0.7121 0.7020 -0.0105
vn 0.6384 0.4303 0.6382
vn 0.7429 0.6241 0.2423
vn 0.4143 0.8104 0.4143
vn 0.2430 0.6237 0.7430
vn 0.6472 0.7497 -0.1384
vn 0.3762 0.9260 0.0324
vn 0.4947 0.7904 -0.3614
vn 0.2268 0.9637 -0.1406
vn -0.1406 0.9637 0.2268
vn 0.0324 0.9260 0.3762
vn -0.3613 0.7903 0.4949
vn -0.1379 0.7495 0.6475
vn -0.5527 0.7474 0.3687
vn -0.7121 0.7020 0.0105
vn -0.5983 0.7788 -0.1883
vn -0.4701 0.8618 0.1904
vn -0.7851 0.4735 -0.3992
vn -0.6624 0.6330 -0.4007
vn -0.7630 0.2787 -0.5832
vn -0.6524 0.5322 -0.5396
vn -0.4519 0.8414 -0.2962
vn -0.5576 0.8107 -0.1787
vn -0.1670 0.9841 -0.0605
vn -0.3247 0.9441 0.0571
vn 0.3682 0.7474 -0.5531
vn 0.1897 0.8617 -0.4705
vn -0.1901 0.7777 -0.5992
vn 0.0090 0.7013 -0.7128
vn 0.0565 0.9439 -0.3253
vn -0.1803 0.8096 -0.5587
vn -0.0603 0.9842 -0.1666
vn -0.2964 0.8418 -0.4510
vn -0.5404 0.5321 -0.6518
vn -0.4023 0.6311 -0.6632
vn -0.5836 0.2784 -0.7628
vn -0.4004 0.4720 -0.7854
vn 0.3612 0.7903 -0.4949
vn 0.1378 0.7495 -0.6475
vn -0.0325 0.9260 -0.3762
vn 0.1406 0.9637 -0.2268
vn -0.2430 0.6237 -0.7430
vn -0.4143 0.8104 -0.4143
vn -0.6384 0.4303 -0.6382
vn -0.7428 0.6241 -0.2423
vn -0.6471 0.7497 0.1384
vn -0.3762 0.9260 -0.0324
vn -0.4947 0.7904 0.3614
vn -0.2268 0.9637 0.1406
vn 0.1666 0.9842 -0.0603
vn 0.4510 0.8418 -0.2965
vn 0.5587 0.8096 -0.1802
vn 0.3253 0.9439 0.0565
vn 0.6517 0.5321 -0.5404
vn 0.6632 0.6311 -0.4023
vn 0.7628 0.2784 -0.5836
vn 0.7854 0.4720 -0.4004
vn 0.7128 0.7013 0.0090
vn 0.5992 0.7777 -0.1900
vn 0.5531 0.7474 0.3682
vn 0.4706 0.8617 0.1897
vn 0.5832 0.2787 -0.7630
vn 0.5396 0.5322 -0.6524
vn 0.4006 0.6330 -0.6624
vn 0.3991 0.4735 -0.7852
vn 0.2962 0.8415 -0.4519
vn 0.1787 0.8107 -0.5576
vn 0.0604 0.9841 -0.1670
vn -0.0571 0.9441 -0.3247
vn -0.1904 0.8619 -0.4701
vn 0.1883 0.7788 -0.5983
vn -0.3686 0.7474 -0.5527
vn -0.0105 0.7020 -0.7121
vn 0.6382 0.4303 -0.6384
vn 0.2422 0.6241 -0.7429
vn 0.4143 0.8104 -0.4143
vn 0.7430 0.6237 -0.2429
vn -0.1383 0.7497 -0.6472
vn 0.0324 0.9260 -0.3762
vn -0.3614 0.7904 -0.4947
vn -0.1406 0.9637 -0.2268
vn 0.2268 0.9637 0.1406
vn 0.3762 0.9260 -0.0324
vn 0.4949 0.7903 0.3612
vn 0.6475 0.7495 0.1378
vn -0.5531 0.7473 -0.3682
vn -0.4705 0.8617 -0.1897
vn -0.5992 0.7777 0.1900
vn -0.7128 0.7013 -0.0090
vn -0.3253 0.9439 -0.0565
vn -0.5587 0.8096 0.1802
vn -0.1666 0.9842 0.0602
vn -0.4510 0.8418 0.2964
vn -0.6517 0.5321 0.5404
vn -0.6632 0.6310 0.4024
vn -0.7628 0.2784 0.5836
vn -0.7854 0.4720 0.4004
vn -0.5832 0.2787 0.7630
vn -0.5396 0.5322 0.6524
vn -0.4007 0.6330 0.6624
vn -0.3992 0.4735 0.7851
vn -0.2962 0.8415 0.4519
vn -0.1786 0.8107 0.5576
vn -0.0605 0.9841 0.1670
vn 0.0571 0.9441 0.3247
vn 0.1904 0.8619 0.4701
vn -0.1883 0.7789 0.5983
vn 0.3686 0.7474 0.5527
vn 0.0104 0.7021 0.7120
vn 0.3614 0.7904 0.4947
vn 0.1406 0.9637 0.2268
vn -0.0324 0.9260 0.3762
vn 0.1383 0.7497 0.6472
vn -0.2268 0.9637 -0.1406
vn -0.3762 0.9260 0.0324
vn -0.4949 0.7903 -0.3612
vn -0.6475 0.7495 -0.1378
vn -0.7430 0.6237 0.2429
vn -0.4143 0.8104 0.4143
vn -0.6382 0.4303 0.6384
vn -0.2423 0.6241 0.7429
vn -0.3213 0.7590 -0.5663
vn -0.2199 0.8537 -0.4720
vn -0.0384 0.6967 -0.7163
vn -0.0951 0.6516 -0.7526
vn -0.1125 0.9407 -0.3201
vn -0.0000 0.8202 -0.5720
vn -0.0000 0.9891 -0.1470
vn 0.1125 0.9407 -0.3201
vn 0.2198 0.8537 -0.4720
vn 0.0384 0.6967 -0.7163
vn 0.3213 0.7590 -0.5663
vn 0.0951 0.6516 -0.7526
vn -0.1739 0.4792 -0.8603
vn -0.0822 0.5065 -0.8583
vn -0.3411 0.3089 -0.8879
vn -0.1484 0.2975 -0.9431
vn 0.1484 0.2975 -0.9431
vn 0.0823 0.5065 -0.8583
vn 0.3410 0.3088 -0.8879
vn 0.1739 0.4792 -0.8603
vn -0.5663 0.7590 0.3213
vn -0.4720 0.8537 0.2198
vn -0.7163 0.6968 0.0384
vn -0.7526 0.6516 0.0951
vn -0.3201 0.9407 0.1125
vn -0.5720 0.8202 -0.0000
vn -0.1470 0.9891 -0.0000
vn -0.3201 0.9407 -0.1125
vn -0.4720 0.8537 -0.2198
vn -0.7163 0.6967 -0.0384
vn -0.5663 0.7590 -0.3213
vn -0.7526 0.6516 -0.0951
vn -0.8603 0.4792 0.1739
vn -0.8583 0.5065 0.0822
vn -0.8879 0.3089 0.3410
vn -0.9431 0.2975 0.1483
vn -0.9431 0.2975 -0.1484
vn -0.8583 0.5065 -0.0823
vn -0.8879 0.3088 -0.3411
vn -0.8603 0.4792 -0.1739
vn 0.3411 0.3089 0.8879
vn 0.1483 0.2975 0.9431
vn 0.0822 0.5065 0.8583
vn 0.1739 0.4792 0.8603
vn -0.1484 0.2975 0.9431
vn -0.0823 0.5065 0.8583
vn -0.3410 0.3088 0.8879
vn -0.1739 0.4792 0.8603
vn 0.0951 0.6516 0.7526
vn 0.0384 0.6967 0.7163
vn 0.3213 0.7590 0.5663
vn 0.2199 0.8537 0.4720
vn 0.1125 0.9407 0.3201
vn -0.0000 0.8202 0.5720
vn -0.0000 0.9891 0.1470
vn -0.1125 0.9407 0.3201
vn -0.2198 0.8537 0.4721
vn -0.0384 0.6967 0.7163
vn -0.3213 0.7590 0.5663
vn -0.0951 0.6516 0.7526
vn 0.8879 0.3089 -0.3410
vn 0.9431 0.2976 -0.1483
vn 0.8583 0.5065 -0.0822
vn 0.8603 0.4792 -0.1739
vn 0.9431 0.2976 0.1484
vn 0.8583 0.5065 0.0823
vn 0.8878 0.3089 0.3411
vn 0.8603 0.4792 0.1739
vn 0.7526 0.6515 -0.0951
vn 0.7163 0.6968 -0.0384
vn 0.5663 0.7590 -0.3213
vn 0.4720 0.8537 -0.2198
vn 0.3201 0.9407 -0.1125
vn 0.5720 0.8202 -0.0000
vn 0.1469 0.9891 -0.0000
vn 0.3201 0.9407 0.1125
vn 0.4720 0.8537 0.2198
vn 0.7163 0.6967 0.0384
vn 0.5663 0.7590 0.3213
vn 0.7526 0.6516 0.0951
vn 0.3131 0.7717 -0.5536
vn -0.2393 0.8155 -0.5270
vn -0.4489 0.7252 -0.5221
vn -0.0237 0.6812 -0.7317
vn -0.5271 0.8154 -0.2392
vn -0.5222 0.7251 -0.4489
vn -0.5536 0.7717 0.3131
vn -0.7318 0.6811 -0.0236
vn -0.5373 0.5556 -0.6345
vn -0.7685 0.4118 -0.4897
vn -0.5902 0.5509 -0.5901
vn -0.6859 0.2431 -0.6859
vn -0.4897 0.4118 -0.7685
vn -0.6347 0.5556 -0.5371
vn -0.5536 0.7717 -0.3131
vn -0.5270 0.8155 0.2392
vn -0.5221 0.7252 0.4489
vn -0.7317 0.6812 0.0237
vn -0.2394 0.8154 0.5270
vn -0.4489 0.7252 0.5221
vn 0.3131 0.7717 0.5536
vn -0.0238 0.6812 0.7317
vn -0.6346 0.5557 0.5372
vn -0.4896 0.4118 0.7686
vn -0.5901 0.5509 0.5901
vn -0.6859 0.2431 0.6859
vn -0.7685 0.4118 0.4897
vn -0.5372 0.5555 0.6347
vn -0.3131 0.7717 0.5536
vn 0.2393 0.8155 0.5270
vn 0.4489 0.7252 0.5221
vn 0.0237 0.6812 0.7317
vn 0.5271 0.8154 0.2392
vn 0.5222 0.7251 0.4489
vn 0.5536 0.7717 -0.3131
vn 0.7318 0.6811 0.0236
vn 0.5373 0.5556 0.6345
vn 0.7685 0.4118 0.4897
vn 0.5902 0.5509 0.5901
vn 0.6859 0.2431 0.6859
vn 0.4897 0.4118 0.7685
vn 0.6347 0.5556 0.5371
vn -0.3131 0.7717 -0.5536
vn 0.0238 0.6812 -0.7317
vn 0.4490 0.7252 -0.5221
vn 0.2394 0.8154 -0.5270
vn 0.6346 0.5557 -0.5372
vn 0.4896 0.4118 -0.7686
vn 0.5901 0.5509 -0.5901
vn 0.6859 0.2431 -0.6859
vn 0.7685 0.4118 -0.4898
vn 0.5372 0.5555 -0.6347
vn 0.5222 0.7252 -0.4488
vn 0.5536 0.7717 0.3131
vn 0.5270 0.8155 -0.2392
vn 0.7317 0.6812 -0.0237
vn -0.3318 0.3450 0.8780
vn -0.4681 0.3312 0.8193
vn -0.1741 0.4055 0.8973
vn -0.1032 0.4041 0.9089
vn -0.4706 0.3317 0.8176
vn -0.1738 0.4024 0.8988
vn -0.5649 0.3040 0.7671
vn -0.2232 0.3958 0.8908
vn 0.2233 0.3958 0.8908
vn 0.1739 0.4024 0.8988
vn 0.5648 0.3040 0.7671
vn 0.4706 0.3317 0.8176
vn 0.4681 0.3312 0.8193
vn 0.1741 0.4055 0.8973
vn 0.3318 0.3450 0.8780
vn 0.1032 0.4040 0.9089
vn 0.5660 0.2443 0.7874
vn 0.6392 0.2322 0.7331
vn 0.6906 0.1912 0.6975
vn 0.6415 0.2317 0.7313
vn 0.6778 0.2159 0.7028
vn -0.6778 0.2159 0.7028
vn -0.6416 0.2317 0.7312
vn -0.6906 0.1912 0.6975
vn -0.6393 0.2322 0.7331
vn -0.5661 0.2443 0.7873
vn 0.6778 0.2159 -0.7029
vn 0.6416 0.2317 -0.7312
vn 0.6906 0.1912 -0.6975
vn 0.6393 0.2322 -0.7331
vn 0.5660 0.2443 -0.7873
vn -0.5660 0.2443 -0.7874
vn -0.6392 0.2322 -0.7331
vn -0.6906 0.1912 -0.6975
vn -0.6415 0.2317 -0.7313
vn -0.6778 0.2159 -0.7029
vn -0.5648 0.3040 -0.7672
vn -0.4706 0.3317 -0.8176
vn -0.1738 0.4024 -0.8988
vn -0.2232 0.3958 -0.8908
vn -0.4681 0.3312 -0.8193
vn -0.1741 0.4055 -0.8973
vn -0.3318 0.3450 -0.8780
vn -0.1032 0.4041 -0.9089
vn 0.1032 0.4040 -0.9089
vn 0.1741 0.4055 -0.8973
vn 0.3318 0.3450 -0.8780
vn 0.4681 0.3312 -0.8193
vn 0.4706 0.3317 -0.8176
vn 0.1739 0.4024 -0.8988
vn 0.5648 0.3041 -0.7672
vn 0.2232 0.3958 -0.8908
vn 0.8780 0.3450 -0.3318
vn 0.9089 0.4040 -0.1032
vn 0.8973 0.4055 -0.1741
vn 0.8193 0.3312 -0.4681
vn 0.9089 0.4040 0.1032
vn 0.8973 0.4055 0.1742
vn 0.8780 0.3450 0.3318
vn 0.8193 0.3312 0.4681
vn 0.8176 0.3317 0.4706
vn 0.8988 0.4024 0.1739
vn 0.7672 0.3040 0.5648
vn 0.8908 0.3958 0.2232
vn 0.8908 0.3958 -0.2233
vn 0.8988 0.4024 -0.1739
vn 0.7672 0.3040 -0.5648
vn 0.8176 0.3317 -0.4706
vn 0.7029 0.2159 0.6778
vn 0.7313 0.2317 0.6415
vn 0.6975 0.1912 0.6906
vn 0.7331 0.2322 0.6392
vn 0.7874 0.2443 0.5660
vn 0.7874 0.2443 -0.5660
vn 0.7331 0.2322 -0.6392
vn 0.6975 0.1912 -0.6906
vn 0.7313 0.2317 -0.6415
vn 0.7029 0.2159 -0.6778
vn -0.7029 0.2159 -0.6778
vn -0.7313 0.2317 -0.6415
vn -0.6975 0.1912 -0.6906
vn -0.7331 0.2322 -0.6392
vn -0.7874 0.2443 -0.5660
vn -0.7873 0.2443 0.5661
vn -0.7331 0.2323 0.6393
vn -0.6975 0.1912 0.6906
vn -0.7313 0.2317 0.6415
vn -0.7028 0.2159 0.6778
vn -0.7671 0.3040 -0.5648
vn -0.8908 0.3958 -0.2233
vn -0.8988 0.4024 -0.1739
vn -0.8176 0.3317 -0.4707
vn -0.8908 0.3957 0.2232
vn -0.8988 0.4024 0.1738
vn -0.7672 0.3040 0.5648
vn -0.8176 0.3317 0.4706
vn -0.8192 0.3312 0.4681
vn -0.8973 0.4056 0.1742
vn -0.8780 0.3450 0.3318
vn -0.9089 0.4040 0.1032
vn -0.9089 0.4040 -0.1032
vn -0.8973 0.4055 -0.1741
vn -0.8780 0.3450 -0.3318
vn -0.8192 0.3312 -0.4681
vn -0.9112 -0.0975 0.4003
vn -0.7025 -0.0923 0.7057
vn -0.4746 -0.4052 0.7814
vn -0.7644 -0.4450 0.4665
vn -0.2408 -0.3736 0.8958
vn -0.2484 -0.0976 0.9637
vn -0.2884 -0.3156 0.9040
vn -0.0357 -0.0333 0.9988
vn -0.0916 -0.2654 0.9598
vn -0.3486 -0.2693 0.8978
vn -0.4096 -0.4889 0.7702
vn -0.1097 -0.9733 0.2016
vn -0.3721 -0.7025 0.6067
vn -0.1116 -0.7827 0.6124
vn -0.9146 0.1098 0.3891
vn -0.7701 0.4573 0.4447
vn -0.4767 0.4181 0.7733
vn -0.7060 0.1061 0.7002
vn -0.3780 0.7050 0.6001
vn -0.4145 0.4950 0.7636
vn -0.1097 0.9740 0.1983
vn -0.1133 0.7839 0.6104
vn -0.3556 0.2703 0.8947
vn -0.0928 0.2677 0.9590
vn -0.2915 0.3208 0.9012
vn -0.0358 0.0344 0.9988
vn -0.2488 0.1025 0.9631
vn -0.2395 0.3825 0.8924
vn -0.9112 -0.0975 -0.4003
vn -0.7644 -0.4450 -0.4665
vn -0.4746 -0.4052 -0.7814
vn -0.7025 -0.0923 -0.7057
vn -0.3721 -0.7025 -0.6067
vn -0.4095 -0.4889 -0.7702
vn -0.1097 -0.9733 -0.2016
vn -0.1117 -0.7826 -0.6124
vn -0.3486 -0.2693 -0.8978
vn -0.0916 -0.2654 -0.9598
vn -0.2885 -0.3156 -0.9040
vn -0.0357 -0.0333 -0.9988
vn -0.2484 -0.0976 -0.9637
vn -0.2410 -0.3735 -0.8958
vn -0.9146 0.1098 -0.3891
vn -0.7060 0.1061 -0.7002
vn -0.4766 0.4182 -0.7733
vn -0.7701 0.4573 -0.4447
vn -0.2395 0.3825 -0.8924
vn -0.2488 0.1025 -0.9631
vn -0.2915 0.3207 -0.9012
vn -0.0358 0.0344 -0.9988
vn -0.0928 0.2677 -0.9590
vn -0.3556 0.2702 -0.8947
vn -0.4145 0.4950 -0.7637
vn -0.1097 0.9740 -0.1983
vn -0.3779 0.7050 -0.6001
vn -0.1133 0.7839 -0.6104
vn -0.4003 -0.0975 -0.9112
vn -0.7057 -0.0923 -0.7025
vn -0.7814 -0.4052 -0.4746
vn -0.4665 -0.4450 -0.7644
vn -0.8958 -0.3736 -0.2409
vn -0.9637 -0.0976 -0.2484
vn -0.9040 -0.3156 -0.2885
vn -0.9988 -0.0333 -0.0357
vn -0.9598 -0.2654 -0.0916
vn -0.8977 -0.2693 -0.3486
vn -0.7702 -0.4889 -0.4096
vn -0.2015 -0.9733 -0.1097
vn -0.6067 -0.7025 -0.3721
vn -0.6124 -0.7827 -0.1117
vn -0.3891 0.1098 -0.9146
vn -0.4447 0.4573 -0.7701
vn -0.7733 0.4182 -0.4767
vn -0.7002 0.1061 -0.7060
vn -0.6001 0.7050 -0.3779
vn -0.7636 0.4950 -0.4145
vn -0.1983 0.9740 -0.1097
vn -0.6104 0.7839 -0.1133
vn -0.8947 0.2702 -0.3556
vn -0.9590 0.2677 -0.0928
vn -0.9012 0.3207 -0.2915
vn -0.9988 0.0344 -0.0358
vn -0.9631 0.1025 -0.2488
vn -0.8924 0.3825 -0.2395
vn -0.4003 -0.0975 0.9112
vn -0.4665 -0.4450 0.7644
vn -0.7814 -0.4053 0.4746
vn -0.7057 -0.0923 0.7025
vn -0.6066 -0.7025 0.3722
vn -0.7702 -0.4889 0.4096
vn -0.2016 -0.9733 0.1097
vn -0.6124 -0.7826 0.1117
vn -0.8978 -0.2692 0.3486
vn -0.9598 -0.2654 0.0916
vn -0.9040 -0.3156 0.2885
vn -0.9988 -0.0333 0.0357
vn -0.9637 -0.0976 0.2484
vn -0.8958 -0.3736 0.2409
vn -0.3892 0.1098 0.9146
vn -0.7002 0.1061 0.7060
vn -0.7733 0.4182 0.4766
vn -0.4447 0.4573 0.7701
vn -0.8924 0.3825 0.2395
vn -0.9631 0.1025 0.2488
vn -0.9012 0.3207 0.2915
vn -0.9988 0.0344 0.0358
vn -0.9590 0.2677 0.0928
vn -0.8947 0.2702 0.3556
vn -0.7636 0.4950 0.4145
vn -0.1983 0.9740 0.1097
vn -0.6001 0.7050 0.3779
vn -0.6104 0.7839 0.1133
vn 0.9146 0.1098 0.3891
vn 0.7060 0.1061 0.7002
vn 0.4766 0.4182 0.7733
vn 0.7701 0.4573 0.4447
vn 0.2395 0.3825 0.8924
vn 0.2487 0.1025 0.9631
vn 0.2914 0.3207 0.9012
vn 0.0358 0.0345 0.9988
vn 0.0928 0.2677 0.9590
vn 0.3556 0.2702 0.8947
vn 0.4145 0.4950 0.7636
vn 0.1097 0.9740 0.1983
vn 0.3780 0.7050 0.6001
vn 0.1133 0.7839 0.6104
vn 0.9112 -0.0975 0.4003
vn 0.7644 -0.4450 0.4665
vn 0.4746 -0.4053 0.7814
vn 0.7025 -0.0923 0.7057
vn 0.3721 -0.7025 0.6066
vn 0.4096 -0.4889 0.7702
vn 0.1097 -0.9733 0.2016
vn 0.1116 -0.7826 0.6124
vn 0.3487 -0.2693 0.8977
vn 0.0916 -0.2654 0.9598
vn 0.2885 -0.3156 0.9040
vn 0.0357 -0.0333 0.9988
vn 0.2484 -0.0976 0.9637
vn 0.2409 -0.3736 0.8958
vn 0.9146 0.1098 -0.3892
vn 0.7701 0.4573 -0.4447
vn 0.4767 0.4181 -0.7733
vn 0.7060 0.1061 -0.7002
vn 0.3779 0.7050 -0.6001
vn 0.4145 0.4950 -0.7636
vn 0.1097 0.9740 -0.1983
vn 0.1133 0.7839 -0.6104
vn 0.3556 0.2703 -0.8947
vn 0.0928 0.2677 -0.9590
vn 0.2914 0.3208 -0.9012
vn 0.0358 0.0344 -0.9988
vn 0.2487 0.1025 -0.9631
vn 0.2395 0.3825 -0.8924
vn 0.9112 -0.0975 -0.4003
vn 0.7025 -0.0923 -0.7057
vn 0.4746 -0.4052 -0.7814
vn 0.7644 -0.4450 -0.4665
vn 0.2408 -0.3735 -0.8958
vn 0.2484 -0.0976 -0.9637
vn 0.2884 -0.3156 -0.9040
vn 0.0357 -0.0333 -0.9988
vn 0.0916 -0.2654 -0.9598
vn 0.3486 -0.2693 -0.8978
vn 0.4096 -0.4889 -0.7702
vn 0.1097 -0.9733 -0.2016
vn 0.3721 -0.7025 -0.6067
vn 0.1116 -0.7827 -0.6124
vn 0.3892 0.1098 0.9146
vn 0.4447 0.4573 0.7701
vn 0.7733 0.4182 0.4766
vn 0.7002 0.1061 0.7060
vn 0.6001 0.7050 0.3779
vn 0.7636 0.4950 0.4145
vn 0.1983 0.9740 0.1097
vn 0.6104 0.7839 0.1133
vn 0.8947 0.2702 0.3555
vn 0.9590 0.2677 0.0928
vn 0.9012 0.3208 0.2914
vn 0.9988 0.0344 0.0358
vn 0.9631 0.1026 0.2488
vn 0.8924 0.3825 0.2395
vn 0.4003 -0.0975 0.9112
vn 0.7057 -0.0923 0.7025
vn 0.7814 -0.4052 0.4746
vn 0.4665 -0.4450 0.7644
vn 0.8958 -0.3735 0.2409
vn 0.9637 -0.0976 0.2484
vn 0.9040 -0.3156 0.2884
vn 0.9988 -0.0333 0.0357
vn 0.9598 -0.2654 0.0916
vn 0.8978 -0.2693 0.3486
vn 0.7702 -0.4889 0.4095
vn 0.2015 -0.9733 0.1097
vn 0.6067 -0.7025 0.3721
vn 0.6124 -0.7827 0.1117
vn 0.3892 0.1098 -0.9146
vn 0.7003 0.1061 -0.7060
vn 0.7733 0.4182 -0.4766
vn 0.4447 0.4573 -0.7701
vn 0.8924 0.3825 -0.2395
vn 0.9631 0.1025 -0.2487
vn 0.9012 0.3208 -0.2914
vn 0.9988 0.0345 -0.0358
vn 0.9590 0.2677 -0.0928
vn 0.8947 0.2702 -0.3556
vn 0.7637 0.4950 -0.4145
vn 0.1983 0.9740 -0.1097
vn 0.6002 0.7050 -0.3779
vn 0.6105 0.7839 -0.1133
vn 0.4003 -0.0975 -0.9112
vn 0.4665 -0.4450 -0.7644
vn 0.7814 -0.4053 -0.4746
vn 0.7057 -0.0923 -0.7025
vn 0.6066 -0.7025 -0.3721
vn 0.7702 -0.4889 -0.4096
vn 0.2015 -0.9733 -0.1097
vn 0.6124 -0.7827 -0.1117
vn 0.8978 -0.2692 -0.3486
vn 0.9598 -0.2654 -0.0916
vn 0.9040 -0.3156 -0.2884
vn 0.9988 -0.0333 -0.0357
vn 0.9637 -0.0976 -0.2484
vn 0.8958 -0.3736 -0.2409
vn -0.9308 -0.1306 0.3413
vn -0.8143 -0.4895 0.3119
vn -0.6954 -0.4335 0.5731
vn -0.7725 -0.1170 0.6241
vn -0.4719 -0.8510 0.2306
vn -0.4053 -0.7521 0.5197
vn -0.1269 -0.9791 0.1592
vn -0.1089 -0.8539 0.5089
vn -0.1042 -0.4887 0.8662
vn -0.3859 -0.4346 0.8138
vn -0.1121 -0.1306 0.9851
vn -0.4242 -0.1186 0.8978
vn -0.1280 0.9795 0.1553
vn -0.4746 0.8533 0.2159
vn -0.4110 0.7556 0.5101
vn -0.1110 0.8549 0.5067
vn -0.8202 0.4950 0.2869
vn -0.7056 0.4381 0.5570
vn -0.9346 0.1390 0.3275
vn -0.7784 0.1228 0.6157
vn -0.4290 0.1212 0.8951
vn -0.3947 0.4370 0.8082
vn -0.1137 0.1308 0.9849
vn -0.1071 0.4888 0.8658
vn -0.1269 -0.9791 -0.1592
vn -0.4719 -0.8510 -0.2306
vn -0.4053 -0.7521 -0.5197
vn -0.1089 -0.8539 -0.5089
vn -0.8143 -0.4895 -0.3120
vn -0.6954 -0.4335 -0.5731
vn -0.9308 -0.1306 -0.3413
vn -0.7725 -0.1170 -0.6242
vn -0.4242 -0.1186 -0.8978
vn -0.3859 -0.4346 -0.8138
vn -0.1121 -0.1306 -0.9851
vn -0.1042 -0.4887 -0.8662
vn -0.9346 0.1390 -0.3275
vn -0.8202 0.4950 -0.2869
vn -0.7056 0.4381 -0.5570
vn -0.7784 0.1228 -0.6157
vn -0.4746 0.8533 -0.2159
vn -0.4110 0.7556 -0.5101
vn -0.1280 0.9795 -0.1553
vn -0.1110 0.8549 -0.5067
vn -0.1071 0.4888 -0.8658
vn -0.3947 0.4370 -0.8082
vn -0.1137 0.1308 -0.9849
vn -0.4290 0.1212 -0.8951
vn -0.3413 -0.1306 -0.9308
vn -0.3120 -0.4895 -0.8143
vn -0.5731 -0.4335 -0.6955
vn -0.6241 -0.1170 -0.7725
vn -0.2306 -0.8510 -0.4719
vn -0.5197 -0.7521 -0.4053
vn -0.1592 -0.9791 -0.1269
vn -0.5089 -0.8539 -0.1089
vn -0.8662 -0.4887 -0.1042
vn -0.8138 -0.4346 -0.3859
vn -0.9851 -0.1306 -0.1121
vn -0.8978 -0.1186 -0.4242
vn -0.3275 0.1390 -0.9346
vn -0.6157 0.1228 -0.7784
vn -0.5570 0.4381 -0.7056
vn -0.2869 0.4950 -0.8202
vn -0.8951 0.1212 -0.4290
vn -0.8082 0.4370 -0.3947
vn -0.9849 0.1308 -0.1137
vn -0.8658 0.4888 -0.1071
vn -0.5067 0.8549 -0.1110
vn -0.5101 0.7556 -0.4110
vn -0.1553 0.9795 -0.1280
vn -0.2159 0.8533 -0.4746
vn -0.3413 -0.1306 0.9308
vn -0.6241 -0.1170 0.7725
vn -0.5731 -0.4335 0.6955
vn -0.3120 -0.4895 0.8143
vn -0.8978 -0.1186 0.4242
vn -0.8138 -0.4346 0.3859
vn -0.9851 -0.1306 0.1121
vn -0.8662 -0.4887 0.1042
vn -0.5090 -0.8539 0.1089
vn -0.5197 -0.7521 0.4053
vn -0.1592 -0.9791 0.1269
vn -0.2306 -0.8510 0.4719
vn -0.3275 0.1390 0.9346
vn -0.2869 0.4950 0.8202
vn -0.5569 0.4381 0.7056
vn -0.6157 0.1228 0.7784
vn -0.2159 0.8533 0.4746
vn -0.5101 0.7556 0.4110
vn -0.1553 0.9795 0.1280
vn -0.5067 0.8549 0.1110
vn -0.8658 0.4888 0.1071
vn -0.8082 0.4370 0.3947
vn -0.9849 0.1308 0.1137
vn -0.8951 0.1212 0.4290
vn 0.9346 0.1390 0.3275
vn 0.8202 0.4950 0.2869
vn 0.7056 0.4381 0.5570
vn 0.7784 0.1228 0.6157
vn 0.4746 0.8533 0.2159
vn 0.4110 0.7556 0.5101
vn 0.1280 0.9795 0.1553
vn 0.1110 0.8549 0.5067
vn 0.1071 0.4888 0.8658
vn 0.3947 0.4370 0.8082
vn 0.1137 0.1308 0.9849
vn 0.4290 0.1212 0.8951
vn 0.9308 -0.1306 0.3413
vn 0.7725 -0.1170 0.6242
vn 0.6954 -0.4335 0.5731
vn 0.8143 -0.4895 0.3120
vn 0.4242 -0.1186 0.8978
vn 0.3859 -0.4346 0.8138
vn 0.1121 -0.1306 0.9851
vn 0.1042 -0.4887 0.8662
vn 0.1089 -0.8539 0.5089
vn 0.4053 -0.7521 0.5197
vn 0.1269 -0.9791 0.1592
vn 0.4719 -0.8510 0.2306
vn 0.9346 0.1390 -0.3275
vn 0.7784 0.1228 -0.6157
vn 0.7056 0.4381 -0.5570
vn 0.8202 0.4950 -0.2869
vn 0.4290 0.1212 -0.8951
vn 0.3947 0.4370 -0.8082
vn 0.1137 0.1308 -0.9849
vn 0.1071 0.4888 -0.8658
vn 0.1110 0.8549 -0.5067
vn 0.4110 0.7556 -0.5101
vn 0.1280 0.9795 -0.1553
vn 0.4746 0.8533 -0.2159
vn 0.9308 -0.1306 -0.3413
vn 0.8143 -0.4895 -0.3120
vn 0.6954 -0.4335 -0.5731
vn 0.7725 -0.1170 -0.6241
vn 0.4719 -0.8510 -0.2306
vn 0.4053 -0.7521 -0.5197
vn 0.1269 -0.9791 -0.1592
vn 0.1089 -0.8539 -0.5089
vn 0.1042 -0.4887 -0.8662
vn 0.3859 -0.4346 -0.8138
vn 0.1121 -0.1306 -0.9851
vn 0.4242 -0.1186 -0.8978
vn 0.3275 0.1390 0.9346
vn 0.6157 0.1228 0.7784
vn 0.5570 0.4381 0.7056
vn 0.2869 0.4950 0.8202
vn 0.8951 0.1212 0.4290
vn 0.8082 0.4370 0.3947
vn 0.9849 0.1308 0.1137
vn 0.8658 0.4888 0.1071
vn 0.5067 0.8549 0.1110
vn 0.5101 0.7556 0.4110
vn 0.1553 0.9795 0.1280
vn 0.2159 0.8533 0.4746
vn 0.3413 -0.1306 0.9308
vn 0.3120 -0.4895 0.8143
vn 0.5731 -0.4335 0.6955
vn 0.6241 -0.1170 0.7725
vn 0.2306 -0.8510 0.4719
vn 0.5197 -0.7521 0.4053
vn 0.1592 -0.9791 0.1269
vn 0.5089 -0.8539 0.1089
vn 0.8662 -0.4886 0.1042
vn 0.8138 -0.4346 0.3859
vn 0.9851 -0.1306 0.1121
vn 0.8978 -0.1186 0.4242
vn 0.3275 0.1390 -0.9346
vn 0.2869 0.4950 -0.8202
vn 0.5569 0.4381 -0.7056
vn 0.6157 0.1228 -0.7784
vn 0.2159 0.8533 -0.4746
vn 0.5101 0.7556 -0.4110
vn 0.1553 0.9795 -0.1280
vn 0.5067 0.8549 -0.1110
vn 0.8658 0.4888 -0.1071
vn 0.8082 0.4370 -0.3947
vn 0.9849 0.1308 -0.1137
vn 0.8951 0.1212 -0.4290
vn 0.3413 -0.1306 -0.9308
vn 0.6241 -0.1170 -0.7725
vn 0.5731 -0.4335 -0.6955
vn 0.3120 -0.4895 -0.8143
vn 0.8978 -0.1186 -0.4242
vn 0.8138 -0.4346 -0.3859
vn 0.9851 -0.1306 -0.1121
vn 0.8662 -0.4887 -0.1042
vn 0.5089 -0.8539 -0.1089
vn 0.5197 -0.7521 -0.4053
vn 0.1592 -0.9791 -0.1269
vn 0.2306 -0.8510 -0.4719
vn 0.3995 0.6543 0.6421
vn 0.4683 0.8562 0.2182
vn 0.4683 0.8562 -0.2182
vn 0.3995 0.6543 -0.6421
vn -0.3995 0.6543 -0.6421
vn -0.4683 0.8562 -0.2182
vn -0.4683 0.8562 0.2182
vn -0.3995 0.6543 0.6421
vn 0.9909 -0.0000 -0.1344
vn 0.8620 -0.0002 -0.5068
vn 0.8640 -0.0001 -0.5034
vn 0.5068 -0.0002 -0.8620
vn 0.5034 -0.0001 -0.8640
vn 0.1344 -0.0000 -0.9909
vn -0.9909 -0.0000 -0.1344
vn -0.8640 0.0001 -0.5034
vn -0.5034 0.0001 -0.8640
vn -0.1344 -0.0000 -0.9909
vn 0.4708 0.1908 -0.8614
vn 0.4764 0.1142 -0.8718
vn 0.2332 -0.8736 -0.4271
vn 0.0662 -0.9978 -0.0000
vn -0.2216 0.7697 -0.5987
vn -0.2707 0.9289 -0.2528
vn -0.2707 0.9289 0.2528
vn -0.2216 0.7697 0.5987
vn 0.2216 0.7697 0.5987
vn 0.2707 0.9289 0.2528
vn 0.2707 0.9289 -0.2528
vn 0.2216 0.7697 -0.5987
vn 0.4708 0.1908 0.8614
vn 0.4764 0.1141 0.8718
vn 0.2332 -0.8736 0.4271
vn -0.4708 0.1908 -0.8614
vn -0.4764 0.1141 -0.8718
vn -0.2332 -0.8736 -0.4271
vn -0.0662 -0.9978 -0.0000
vn 0.5987 0.7697 -0.2216
vn 0.2528 0.9289 -0.2707
vn -0.2528 0.9289 -0.2707
vn -0.5987 0.7697 -0.2216
vn -0.0000 -0.9978 -0.0662
vn -0.4270 -0.8737 -0.2331
vn -0.8718 0.1143 -0.4764
vn -0.8613 0.1909 -0.4708
vn -0.6421 0.6543 -0.3995
vn -0.5987 0.7697 0.2216
vn -0.2528 0.9289 0.2707
vn 0.2528 0.9289 0.2707
vn 0.5987 0.7697 0.2216
vn -0.1958 0.9807 -0.0000
vn 0.0093 1.0000 -0.0000
vn 0.2462 0.9692 -0.0000
vn 0.4395 0.8982 -0.0000
vn 0.4645 0.8856 -0.0000
vn 0.3407 0.9402 -0.0000
vn 0.1928 0.9812 -0.0000
vn 0.0585 0.9983 -0.0000
vn -0.0000 0.8856 0.4645
vn -0.0000 0.9402 0.3407
vn -0.0000 0.9812 0.1928
vn -0.0000 0.9983 0.0585
vn -0.0000 0.8856 -0.4645
vn -0.0000 0.9402 -0.3407
vn -0.0000 0.9812 -0.1928
vn -0.0000 0.9983 -0.0585
vn -0.0000 0.8238 -0.5669
vn -0.0000 0.7621 -0.6474
vn -0.0001 -0.4180 -0.9084
vn 0.0001 -0.4099 -0.9121
vn -0.0000 -0.4131 -0.9107
vn -0.0000 -0.9868 -0.1617
vn -0.0000 -0.9868 -0.1622
vn 0.0381 -0.9985 -0.0381
vn -0.0000 -0.9967 -0.0812
vn 0.5669 0.8238 -0.0000
vn 0.6474 0.7621 -0.0000
vn 0.9084 -0.4181 0.0001
vn 0.9069 -0.4213 0.0001
vn 0.9107 -0.4130 -0.0000
vn 0.1617 -0.9868 -0.0000
vn 0.1613 -0.9869 -0.0000
vn 0.0812 -0.9967 -0.0000
vn -0.1995 0.9799 -0.0000
vn -0.0049 1.0000 -0.0000
vn 0.2199 0.9755 -0.0000
vn 0.4057 0.9140 -0.0000
vn 0.9084 -0.4180 -0.0001
vn 0.9121 -0.4099 0.0001
vn 0.9107 -0.4131 -0.0000
vn 0.1622 -0.9868 -0.0000
vn 0.0381 -0.9985 0.0382
vn 0.0811 -0.9967 -0.0000
vn -0.0000 0.8238 0.5669
vn -0.0000 0.7621 0.6474
vn -0.0001 -0.4181 0.9084
vn -0.0001 -0.4214 0.9069
vn -0.0000 -0.4130 0.9107
vn -0.0000 -0.9868 0.1617
vn -0.0000 -0.9869 0.1612
vn -0.0000 -0.9967 0.0812
vn 0.1958 0.9807 -0.0000
vn -0.0093 1.0000 -0.0000
vn -0.2462 0.9692 -0.0000
vn -0.4395 0.8982 -0.0000
vn -0.0585 0.9983 -0.0000
vn -0.1928 0.9812 -0.0000
vn -0.3407 0.9402 -0.0000
vn -0.4645 0.8856 -0.0000
vn -0.5669 0.8238 -0.0000
vn -0.6474 0.7621 -0.0000
vn -0.9084 -0.4181 -0.0001
vn -0.9069 -0.4213 -0.0001
vn -0.9107 -0.4130 -0.0000
vn -0.1617 -0.9868 -0.0000
vn -0.1613 -0.9869 -0.0000
vn -0.0812 -0.9967 -0.0000
vn 0.0001 -0.4180 0.9084
vn -0.0001 -0.4099 0.9121
vn -0.0000 -0.4131 0.9107
vn -0.0000 -0.9868 0.1622
vn -0.0381 -0.9985 0.0381
vn 0.1995 0.9799 -0.0000
vn 0.0049 1.0000 -0.0000
vn -0.2199 0.9755 -0.0000
vn -0.4057 0.9140 -0.0000
vn -0.0811 -0.9967 -0.0000
vn -0.1612 -0.9869 -0.0000
vn -0.9107 -0.4131 -0.0000
vn -0.9069 -0.4213 0.0001
vn -0.9084 -0.4181 0.0001
vn -0.6474 0.7622 -0.0000
vn 0.0001 -0.4181 -0.9084
vn 0.0001 -0.4214 -0.9069
vn -0.0000 -0.4130 -0.9107
vn -0.0000 -0.9869 -0.1612
vn -0.0000 0.9799 0.1995
vn -0.0000 1.0000 0.0049
vn -0.0000 0.9755 -0.2199
vn -0.0000 0.9140 -0.4057
vn -0.0000 0.9807 0.1958
vn -0.0000 1.0000 -0.0093
vn -0.0000 0.9692 -0.2462
vn -0.0000 0.8982 -0.4395
vn -0.0000 0.9799 -0.1995
vn -0.0000 1.0000 -0.0049
vn -0.0000 0.9755 0.2199
vn -0.0000 0.9140 0.4057
vn -0.0000 0.9807 -0.1958
vn -0.0000 1.0000 0.0093
vn -0.0000 0.9692 0.2462
vn -0.0000 0.8982 0.4395
vn -0.0000 -0.9978 0.0662
vn -0.4271 -0.8736 0.2332
vn -0.8718 0.1141 0.4764
vn -0.8614 0.1908 0.4708
vn -0.6421 0.6543 0.3995
vn 0.4270 -0.8737 0.2331
vn 0.8718 0.1142 0.4764
vn 0.8613 0.1909 0.4708
vn 0.6421 0.6543 0.3995
vn 0.6420 0.6544 -0.3995
vn 0.2182 0.8562 -0.4683
vn -0.2182 0.8562 -0.4683
vn -0.2182 0.8562 0.4683
vn 0.2182 0.8562 0.4683
vn -0.4708 0.1908 0.8614
vn -0.4764 0.1142 0.8718
vn -0.2332 -0.8736 0.4271
vn 0.4271 -0.8736 -0.2332
vn 0.8718 0.1140 -0.4764
vn 0.8614 0.1908 -0.4708
vn 0.1344 -0.0000 0.9909
vn 0.5068 -0.0002 0.8620
vn 0.5034 -0.0001 0.8640
vn 0.8620 -0.0002 0.5068
vn 0.8640 -0.0001 0.5034
vn 0.9909 -0.0000 0.1344
vn 0.9070 -0.4212 -0.0001
vn 0.1612 -0.9869 -0.0000
vn -0.9122 -0.4098 0.0001
vn -0.1622 -0.9868 -0.0000
vn 0.9122 -0.4098 -0.0001
vn -0.0381 -0.9985 -0.0381
vn -0.9121 -0.4099 -0.0001
vn -0.9909 -0.0000 0.1344
vn -0.9904 0.1119 0.0815
vn -0.8542 -0.0002 0.5200
vn -0.8640 -0.0001 0.5034
vn -0.4935 -0.0002 0.8698
vn -0.5034 -0.0001 0.8640
vn -0.1344 -0.0000 0.9909
vn 0.0001 -0.4212 0.9070
vn -0.0001 -0.4097 -0.9122
vn -0.8135 0.5816 -0.0000
vn -0.9904 0.1119 -0.0815
vn -0.6231 0.5531 0.5529
vn -0.6231 0.5531 -0.5529
vn -0.0001 -0.4212 -0.9070
vn 0.0001 -0.4097 0.9122
vn -0.0959 0.0173 0.9952
vn -0.3189 0.0588 0.9460
vn -0.5554 0.1016 0.8254
vn -0.6649 0.1161 0.7378
vn 0.0959 0.0173 0.9952
vn 0.3189 0.0588 0.9460
vn 0.5554 0.1016 0.8254
vn 0.6649 0.1161 0.7378
vn -0.6649 0.1161 -0.7378
vn -0.5554 0.1016 -0.8254
vn -0.3189 0.0588 -0.9460
vn -0.0959 0.0173 -0.9952
vn 0.6649 0.1161 -0.7378
vn 0.5554 0.1016 -0.8254
vn 0.3189 0.0588 -0.9460
vn 0.0959 0.0173 -0.9952
vn -0.9952 0.0173 0.0959
vn -0.9460 0.0588 0.3189
vn -0.8254 0.1016 0.5554
vn -0.7378 0.1161 0.6649
vn -0.9952 0.0173 -0.0959
vn -0.9460 0.0588 -0.3189
vn -0.8254 0.1016 -0.5554
vn -0.7378 0.1161 -0.6649
vn 0.7378 0.1161 0.6649
vn 0.8254 0.1016 0.5554
vn 0.9460 0.0588 0.3189
vn 0.9952 0.0173 0.0959
vn 0.7378 0.1161 -0.6649
vn 0.8254 0.1016 -0.5554
vn 0.9460 0.0588 -0.3189
vn 0.9952 0.0173 -0.0959
vn -0.9759 0.1904 0.1061
vn -0.9740 0.1290 0.1860
vn -0.6985 0.1554 0.6985
vn -0.1860 0.1290 0.9740
vn -0.1061 0.1904 0.9759
vn -0.9759 0.1904 -0.1061
vn -0.9740 0.1290 -0.1860
vn -0.6985 0.1554 -0.6985
vn -0.1860 0.1290 -0.9740
vn -0.1061 0.1904 -0.9759
vn 0.1061 0.1904 -0.9759
vn 0.1860 0.1290 -0.9740
vn 0.6985 0.1554 -0.6985
vn 0.9740 0.1290 -0.1860
vn 0.9759 0.1904 -0.1061
vn 0.1061 0.1904 0.9759
vn 0.1860 0.1290 0.9740
vn 0.6985 0.1554 0.6985
vn 0.9740 0.1290 0.1860
vn 0.9759 0.1904 0.1061
vn -0.5960 -0.1287 -0.7926
vn -0.0180 0.0458 -0.9988
vn 0.4526 0.1457 -0.8797
vn 0.6942 0.1892 -0.6944
vn 0.5960 -0.1287 0.7926
vn 0.0180 0.0458 0.9988
vn -0.4526 0.1457 0.8797
vn -0.6942 0.1892 0.6944
vn 0.7926 -0.1287 -0.5960
vn 0.9988 0.0458 -0.0180
vn 0.8797 0.1457 0.4526
vn 0.6944 0.1892 0.6942
vn -0.7926 -0.1287 0.5960
vn -0.9988 0.0458 0.0180
vn -0.8797 0.1457 -0.4526
vn -0.6944 0.1892 -0.6942
vn -0.7971 -0.1273 -0.5903
vn -0.9986 0.0516 0.0076
vn -0.8729 0.1482 0.4648
vn 0.7971 -0.1273 0.5903
vn 0.9986 0.0516 -0.0076
vn 0.8729 0.1482 -0.4648
vn 0.5903 -0.1273 -0.7971
vn -0.0076 0.0516 -0.9986
vn -0.4648 0.1482 -0.8729
vn -0.5903 -0.1273 0.7971
vn 0.0076 0.0516 0.9986
vn 0.4648 0.1482 0.8729
vn -0.6836 -0.2553 0.6837
vn -0.0010 -1.0000 0.0007
vn 0.6837 -0.2553 -0.6837
vn 0.2101 0.9549 0.2100
vn 0.5299 0.6622 0.5298
vn 0.6958 0.1776 0.6959
vn 0.6481 -0.0021 0.7616
vn -0.7616 -0.0021 -0.6481
vn -0.6959 0.1776 -0.6958
vn -0.5298 0.6622 -0.5299
vn -0.2101 0.9549 -0.2100
vn -0.6481 -0.0021 -0.7616
vn -0.6958 0.1776 -0.6959
vn -0.5299 0.6622 -0.5298
vn -0.2101 0.9548 -0.2101
vn 0.5299 0.6622 0.5299
vn 0.6959 0.1776 0.6958
vn 0.7616 -0.0021 0.6481
vn -0.2101 0.9548 0.2101
vn -0.5298 0.6623 0.5298
vn -0.6958 0.1776 0.6959
vn -0.7615 -0.0021 0.6481
vn 0.6481 -0.0021 -0.7616
vn 0.6958 0.1776 -0.6959
vn 0.5299 0.6622 -0.5298
vn 0.2101 0.9549 -0.2100
vn 0.7616 -0.0021 -0.6481
vn 0.6959 0.1776 -0.6958
vn 0.5298 0.6623 -0.5298
vn 0.2101 0.9548 -0.2101
vn -0.2102 0.9548 0.2100
vn -0.5298 0.6622 0.5299
vn -0.6959 0.1776 0.6958
vn -0.6481 -0.0021 0.7615
vn -0.6837 -0.2553 0.6837
vn -0.6838 -0.2552 -0.6836
vn -0.0010 -1.0000 -0.0007
vn 0.6837 -0.2553 0.6837
vn -0.6837 -0.2552 -0.6836
vn 0.0019 -1.0000 0.0007
vn 0.6836 -0.2553 0.6837
vn -0.9561 -0.1673 0.2404
vn -0.9561 -0.1673 -0.2404
vn 0.2405 -0.1673 -0.9561
vn -0.2404 -0.1673 -0.9561
vn 0.9561 -0.1673 -0.2405
vn 0.9561 -0.1673 0.2404
vn 0.2404 -0.1673 0.9561
vn -0.2404 -0.1673 0.9561
vn -0.0584 0.9966 0.0587
vn -0.1945 0.9613 0.1954
vn -0.3423 0.8746 0.3433
vn -0.4567 0.7632 0.4571
vn 0.4258 0.7981 -0.4263
vn 0.1768 0.9679 -0.1784
vn -0.1784 0.9679 0.1768
vn -0.4264 0.7981 0.4257
vn 0.0586 0.9966 -0.0584
vn 0.1953 0.9613 -0.1945
vn 0.3433 0.8746 -0.3424
vn 0.4570 0.7632 -0.4567
vn 0.0584 0.9966 -0.0587
vn 0.1945 0.9613 -0.1954
vn 0.3423 0.8746 -0.3433
vn 0.4567 0.7632 -0.4570
vn -0.4258 0.7981 0.4263
vn -0.1757 0.9679 0.1795
vn -0.1768 0.9679 0.1784
vn 0.1796 0.9679 -0.1757
vn 0.1784 0.9679 -0.1768
vn 0.4264 0.7981 -0.4257
vn -0.0586 0.9966 0.0584
vn -0.1953 0.9613 0.1945
vn -0.3433 0.8746 0.3424
vn -0.4570 0.7632 0.4567
vn -0.1796 0.9679 0.1757
vn 0.1757 0.9679 -0.1795
vn 0.0584 0.9966 0.0587
vn 0.1945 0.9613 0.1954
vn 0.3424 0.8746 0.3433
vn 0.4567 0.7632 0.4570
vn -0.4258 0.7981 -0.4263
vn -0.1768 0.9679 -0.1784
vn -0.1757 0.9679 -0.1795
vn 0.1784 0.9679 0.1768
vn 0.1796 0.9679 0.1757
vn 0.4263 0.7981 0.4257
vn -0.0587 0.9966 -0.0584
vn -0.1953 0.9613 -0.1945
vn -0.3433 0.8746 -0.3424
vn -0.4571 0.7632 -0.4567
vn 0.0587 0.9966 0.0584
vn 0.1953 0.9613 0.1945
vn 0.3433 0.8746 0.3424
vn 0.4571 0.7632 0.4567
vn -0.4263 0.7981 -0.4257
vn -0.1784 0.9679 -0.1768
vn 0.1768 0.9679 0.1784
vn 0.4258 0.7981 0.4263
vn -0.0584 0.9966 -0.0587
vn -0.1945 0.9613 -0.1954
vn -0.3424 0.8746 -0.3433
vn -0.4567 0.7632 -0.4570
vn -0.1796 0.9679 -0.1757
vn 0.1757 0.9679 0.1795
vn 0.8640 0.0001 -0.5034
vn 0.5034 0.0001 -0.8640
vn -0.8640 -0.0001 -0.5034
vn -0.8542 -0.0002 -0.5200
vn -0.5034 -0.0001 -0.8640
vn -0.4935 -0.0002 -0.8698
vn 0.5034 0.0001 0.8640
vn 0.8640 0.0001 0.5034
vn -0.5186 -0.8451 -0.1300
vn -0.8640 0.0001 0.5034
vn -0.5034 0.0001 0.8640
vn -0.5161 0.8493 0.1113
vn 0.1377 0.9905 -0.0000
vn 0.5058 0.8626 -0.0000
vn 0.8618 0.5072 -0.0000
vn 0.9904 0.1382 -0.0000
vn 0.9904 -0.1381 -0.0000
vn 0.8619 -0.5071 -0.0000
vn 0.5059 -0.8626 -0.0000
vn 0.1377 -0.9905 -0.0000
vn -0.1377 0.9905 -0.0000
vn -0.5058 0.8626 -0.0000
vn -0.8618 0.5072 -0.0000
vn -0.9904 0.1382 -0.0000
vn -0.9904 -0.1381 -0.0000
vn -0.8619 -0.5071 -0.0000
vn -0.5059 -0.8626 -0.0000
vn -0.1377 -0.9905 -0.0000
vn -0.0000 0.9905 -0.1377
vn -0.0000 0.8626 -0.5058
vn -0.0000 0.5072 -0.8618
vn -0.0000 0.1382 -0.9904
vn -0.0000 -0.1381 -0.9904
vn -0.0000 -0.5071 -0.8619
vn -0.0000 -0.8626 -0.5059
vn -0.0000 -0.9905 -0.1377
vn -0.0000 0.9905 0.1377
vn -0.0000 0.8626 0.5058
vn -0.0000 0.5072 0.8618
vn -0.0000 0.1382 0.9904
vn -0.0000 -0.1381 0.9904
vn -0.0000 -0.5071 0.8619
vn -0.0000 -0.8626 0.5059
vn -0.0000 -0.9905 0.1377
vn 0.9912 0.1324 -0.0000
vn 0.8651 0.5016 -0.0000
vn 0.5005 0.8657 -0.0000
vn 0.1310 0.9914 -0.0000
vn 0.1311 -0.9914 -0.0000
vn 0.5006 -0.8657 -0.0000
vn 0.8648 -0.5021 -0.0000
vn 0.9911 -0.1330 -0.0000
vn -0.9912 0.1324 -0.0000
vn -0.8651 0.5016 -0.0000
vn -0.5005 0.8657 -0.0000
vn -0.1310 0.9914 -0.0000
vn -0.1311 -0.9914 -0.0000
vn -0.5006 -0.8657 -0.0000
vn -0.8648 -0.5021 -0.0000
vn -0.9911 -0.1330 -0.0000
vn -0.0000 0.1324 -0.9912
vn -0.0000 0.5016 -0.8651
vn -0.0000 0.8657 -0.5005
vn -0.0000 0.9914 -0.1310
vn -0.0000 -0.9914 -0.1311
vn -0.0000 -0.8657 -0.5006
vn -0.0000 -0.5021 -0.8648
vn -0.0000 -0.1330 -0.9911
vn -0.0000 0.1324 0.9912
vn -0.0000 0.5016 0.8651
vn -0.0000 0.8657 0.5005
vn -0.0000 0.9914 0.1310
vn -0.0000 -0.9914 0.1311
vn -0.0000 -0.8657 0.5006
vn -0.0000 -0.5021 0.8648
vn -0.0000 -0.1330 0.9911
vn 0.5186 -0.8451 -0.1300
vn 0.5161 0.8493 -0.1113
vn 0.1113 0.8493 -0.5161
vn -0.5186 -0.8451 0.1300
vn -0.1113 0.8493 -0.5161
vn -0.5161 0.8493 -0.1113
vn 0.1300 -0.8451 -0.5186
vn -0.1300 -0.8451 -0.5186
vn -0.1113 0.8493 0.5161
vn -0.1300 -0.8451 0.5186
vn 0.5161 0.8493 0.1113
vn 0.1113 0.8493 0.5161
vn 0.1300 -0.8451 0.5186
vn 0.5186 -0.8451 0.1300
vn -0.0000 -0.0000 1.0000
vn -0.0000 -0.0000 -1.0000
vn 1.0000 -0.0000 -0.0000
vn 0.8341 0.2551 -0.4891
vn 0.8341 0.2551 0.4891
vn 0.6941 0.1909 -0.6941
vn 0.4891 0.2551 -0.8341
vn -0.4891 0.2551 -0.8341
vn -0.6941 0.1909 -0.6941
vn -0.8341 0.2551 -0.4891
vn -0.8341 0.2551 0.4891
vn -0.6941 0.1909 0.6941
vn -0.4891 0.2551 0.8341
vn 0.4891 0.2551 0.8341
vn 0.6941 0.1909 0.6941
vn 0.7238 0.1340 -0.6769
vn -0.7238 0.1340 0.6769
vn 0.6769 0.1340 0.7238
vn -0.6769 0.1340 -0.7238
vn -0.6769 0.1340 0.7238
vn -1.0000 -0.0000 -0.0000
vn -0.6976 0.1631 0.6976
vn 0.6769 0.1340 -0.7238
vn -0.7238 0.1340 -0.6769
vn -0.6976 0.1631 -0.6976
vn 0.7238 0.1340 0.6769
vn 0.6976 0.1631 0.6976
vn 0.6976 0.1631 -0.6976
vt 0.270587 0.276009
vt 0.270587 0.270587
vt 0.276009 0.270587
vt 0.276009 0.276009
vt 0.004911 0.423626
vt 0.010333 0.418669
vt 0.010333 0.551506
vt 0.004911 0.551506
vt 0.010333 0.556928
vt 0.004911 0.556928
vt 0.285831 0.004911
vt 0.291253 0.004911
vt 0.291253 0.010333
vt 0.285831 0.010333
vt 0.291253 0.143171
vt 0.285831 0.138214
vt 0.551506 0.291253
vt 0.551506 0.285831
vt 0.556928 0.285831
vt 0.556928 0.291253
vt 0.418669 0.291253
vt 0.423625 0.285831
vt 0.142706 0.276009
vt 0.137749 0.270587
vt 0.143171 0.551506
vt 0.138214 0.556928
vt 0.419134 0.004911
vt 0.424091 0.010333
vt 0.143171 0.418669
vt 0.137749 0.137749
vt 0.270587 0.137749
vt 0.276009 0.142706
vt 0.424091 0.143171
vt 0.551506 0.424091
vt 0.418669 0.424091
vt 0.556928 0.419134
vt 0.281606 0.831951
vt 0.281496 0.832426
vt 0.281117 0.832426
vt 0.281361 0.831762
vt 0.005999 0.004911
vt 0.005788 0.005282
vt 0.005436 0.005436
vt 0.005619 0.004911
vt 0.005509 0.005509
vt 0.005282 0.005788
vt 0.004911 0.005999
vt 0.004911 0.005619
vt 0.280885 0.831229
vt 0.281073 0.831474
vt 0.280409 0.831718
vt 0.280409 0.831339
vt 0.496822 0.615299
vt 0.497107 0.615206
vt 0.497195 0.615439
vt 0.497003 0.615544
vt 0.497497 0.615099
vt 0.497462 0.615373
vt 0.497829 0.615006
vt 0.497736 0.615339
vt 0.497629 0.615728
vt 0.497396 0.615641
vt 0.497536 0.616013
vt 0.497291 0.615833
vt 0.831950 0.544887
vt 0.832115 0.544997
vt 0.831996 0.545377
vt 0.831762 0.545132
vt 0.832426 0.545207
vt 0.832426 0.545609
vt 0.275411 0.286429
vt 0.275131 0.285831
vt 0.276009 0.286355
vt 0.276009 0.286708
vt 0.831549 0.546084
vt 0.831339 0.545773
vt 0.831725 0.545651
vt 0.831229 0.545609
vt 0.831474 0.545420
vt 0.616013 0.328957
vt 0.615833 0.329202
vt 0.615641 0.329097
vt 0.615728 0.328864
vt 0.615544 0.329491
vt 0.615439 0.329299
vt 0.615299 0.329671
vt 0.615206 0.329386
vt 0.615099 0.328997
vt 0.615373 0.329031
vt 0.615006 0.328664
vt 0.615339 0.328757
vt 0.005387 0.567948
vt 0.005223 0.567838
vt 0.005342 0.567459
vt 0.005575 0.567703
vt 0.004911 0.567628
vt 0.004911 0.567227
vt 0.286429 0.556331
vt 0.286708 0.556928
vt 0.285831 0.556404
vt 0.285831 0.556051
vt 0.005788 0.566751
vt 0.005999 0.567062
vt 0.005612 0.567184
vt 0.006108 0.567226
vt 0.005863 0.567415
vt 0.222039 0.783164
vt 0.222131 0.783449
vt 0.221898 0.783536
vt 0.221793 0.783344
vt 0.222238 0.783838
vt 0.221964 0.783804
vt 0.222331 0.784171
vt 0.221999 0.784078
vt 0.221609 0.783971
vt 0.221697 0.783738
vt 0.221325 0.783878
vt 0.221505 0.783633
vt 0.831229 0.005387
vt 0.831339 0.005223
vt 0.831718 0.005342
vt 0.831474 0.005575
vt 0.831549 0.004911
vt 0.831950 0.004911
vt 0.556330 0.275411
vt 0.556928 0.275131
vt 0.556404 0.276009
vt 0.556051 0.276009
vt 0.832426 0.005788
vt 0.832114 0.005999
vt 0.831993 0.005612
vt 0.831950 0.006108
vt 0.831762 0.005863
vt 0.616013 0.222039
vt 0.615728 0.222131
vt 0.615641 0.221898
vt 0.615833 0.221793
vt 0.615339 0.222238
vt 0.615373 0.221964
vt 0.615006 0.222331
vt 0.615099 0.221999
vt 0.615206 0.221610
vt 0.615439 0.221697
vt 0.615299 0.221325
vt 0.615544 0.221505
vt 0.398614 0.713507
vt 0.398794 0.713752
vt 0.398462 0.714219
vt 0.398341 0.714046
vt 0.399083 0.714041
vt 0.398616 0.714373
vt 0.399328 0.714221
vt 0.398789 0.714494
vt 0.398168 0.714900
vt 0.398212 0.714583
vt 0.397629 0.715206
vt 0.397935 0.714667
vt 0.379792 0.733764
vt 0.379547 0.733576
vt 0.379649 0.733389
vt 0.379879 0.733483
vt 0.379259 0.733288
vt 0.379446 0.733186
vt 0.379071 0.733043
vt 0.379352 0.732956
vt 0.379759 0.732855
vt 0.379712 0.733108
vt 0.380067 0.732768
vt 0.379980 0.733076
vt 0.733764 0.446701
vt 0.733576 0.446946
vt 0.733389 0.446844
vt 0.733483 0.446614
vt 0.733288 0.447234
vt 0.733186 0.447047
vt 0.733043 0.447423
vt 0.732956 0.447141
vt 0.732855 0.446735
vt 0.733108 0.446781
vt 0.732768 0.446426
vt 0.733076 0.446514
vt 0.713507 0.427879
vt 0.713752 0.427699
vt 0.714219 0.428031
vt 0.714046 0.428152
vt 0.714041 0.427411
vt 0.714373 0.427877
vt 0.714221 0.427165
vt 0.714494 0.427704
vt 0.714900 0.428326
vt 0.714583 0.428282
vt 0.715206 0.428865
vt 0.714667 0.428559
vt 0.733043 0.103573
vt 0.733288 0.103761
vt 0.733186 0.103948
vt 0.732956 0.103854
vt 0.733576 0.104049
vt 0.733389 0.104152
vt 0.733764 0.104294
vt 0.733483 0.104381
vt 0.733076 0.104482
vt 0.733123 0.104230
vt 0.732768 0.104569
vt 0.732855 0.104261
vt 0.714221 0.123830
vt 0.714041 0.123585
vt 0.714373 0.123118
vt 0.714494 0.123291
vt 0.713752 0.123296
vt 0.714219 0.122965
vt 0.713507 0.123116
vt 0.714046 0.122843
vt 0.714668 0.122437
vt 0.714623 0.122754
vt 0.715206 0.122131
vt 0.714901 0.122670
vt 0.103573 0.666134
vt 0.103761 0.665889
vt 0.103948 0.665991
vt 0.103854 0.666221
vt 0.104049 0.665601
vt 0.104152 0.665788
vt 0.104294 0.665412
vt 0.104381 0.665694
vt 0.104482 0.666100
vt 0.104230 0.666054
vt 0.104569 0.666409
vt 0.104261 0.666322
vt 0.123116 0.685670
vt 0.122843 0.685131
vt 0.122965 0.684958
vt 0.123296 0.685425
vt 0.122437 0.684509
vt 0.122754 0.684554
vt 0.122131 0.683971
vt 0.122670 0.684276
vt 0.123291 0.684683
vt 0.123118 0.684804
vt 0.123830 0.684956
vt 0.123585 0.685136
vt 0.747263 0.811288
vt 0.746960 0.811123
vt 0.746934 0.811228
vt 0.747070 0.811280
vt 0.276009 0.014825
vt 0.275960 0.015348
vt 0.276009 0.015168
vt 0.276043 0.015008
vt 0.276009 0.015452
vt 0.276057 0.015348
vt 0.276009 0.014825
vt 0.276009 0.015037
vt 0.854069 0.819366
vt 0.854448 0.819352
vt 0.854444 0.819305
vt 0.854461 0.819547
vt 0.746884 0.811273
vt 0.746887 0.811226
vt 0.746854 0.811123
vt 0.881798 0.819367
vt 0.882177 0.819352
vt 0.882174 0.819305
vt 0.882099 0.819198
vt 0.774613 0.811273
vt 0.774799 0.811280
vt 0.774663 0.811228
vt 0.774616 0.811226
vt 0.774992 0.811288
vt 0.774691 0.811120
vt 0.774599 0.811468
vt 0.774599 0.811468
vt 0.285831 0.265468
vt 0.285831 0.266095
vt 0.882190 0.819547
vt 0.882190 0.819547
vt 0.567293 0.221325
vt 0.567293 0.221609
vt 0.566990 0.221648
vt 0.566751 0.221417
vt 0.567293 0.221999
vt 0.566990 0.221908
vt 0.567293 0.222331
vt 0.566751 0.222161
vt 0.870132 0.585817
vt 0.870207 0.586069
vt 0.870039 0.586234
vt 0.869906 0.586094
vt 0.870359 0.586330
vt 0.870154 0.586452
vt 0.870025 0.586586
vt 0.869904 0.586325
vt 0.566777 0.221717
vt 0.270044 0.783164
vt 0.270587 0.783257
vt 0.270348 0.783487
vt 0.270044 0.783449
vt 0.786765 0.578507
vt 0.786635 0.578373
vt 0.786742 0.578109
vt 0.786895 0.578173
vt 0.786430 0.578252
vt 0.786582 0.577990
vt 0.786657 0.577738
vt 0.786847 0.577949
vt 0.270044 0.784171
vt 0.270044 0.783838
vt 0.270347 0.783756
vt 0.270587 0.784001
vt 0.778767 0.818823
vt 0.778973 0.819135
vt 0.778986 0.819628
vt 0.778834 0.819390
vt 0.779101 0.819492
vt 0.779079 0.819808
vt 0.270044 0.567226
vt 0.270134 0.567063
vt 0.270587 0.567215
vt 0.270587 0.567494
vt 0.270323 0.566751
vt 0.270759 0.566994
vt 0.551506 0.556321
vt 0.551802 0.556389
vt 0.551679 0.556613
vt 0.551242 0.556928
vt 0.778801 0.819854
vt 0.778901 0.820054
vt 0.291253 0.275402
vt 0.291517 0.276009
vt 0.291329 0.276009
vt 0.290958 0.275469
vt 0.567015 0.004911
vt 0.567203 0.005224
vt 0.566917 0.005376
vt 0.566826 0.004911
vt 0.567293 0.005387
vt 0.566751 0.005654
vt 0.877688 0.827570
vt 0.877816 0.827214
vt 0.877804 0.827707
vt 0.877659 0.827889
vt 0.878022 0.826901
vt 0.877956 0.827469
vt 0.877988 0.827932
vt 0.877707 0.828417
vt 0.566688 0.005531
vt 0.545542 0.616013
vt 0.545542 0.615728
vt 0.545845 0.615689
vt 0.546085 0.615920
vt 0.545542 0.615339
vt 0.545845 0.615429
vt 0.545542 0.615006
vt 0.546085 0.615176
vt 0.842403 0.585817
vt 0.842478 0.586069
vt 0.842310 0.586234
vt 0.842177 0.586094
vt 0.842630 0.586330
vt 0.842425 0.586452
vt 0.842296 0.586586
vt 0.842175 0.586325
vt 0.546058 0.615620
vt 0.567293 0.329671
vt 0.566751 0.329578
vt 0.566990 0.329348
vt 0.567293 0.329386
vt 0.759036 0.578507
vt 0.758906 0.578373
vt 0.759013 0.578109
vt 0.759166 0.578173
vt 0.758701 0.578251
vt 0.758853 0.577990
vt 0.758928 0.577738
vt 0.759117 0.577948
vt 0.567293 0.328664
vt 0.567293 0.328997
vt 0.566990 0.329079
vt 0.566751 0.328834
vt 0.751038 0.818823
vt 0.751244 0.819135
vt 0.751257 0.819628
vt 0.751105 0.819390
vt 0.751372 0.819492
vt 0.751350 0.819808
vt 0.567293 0.545609
vt 0.567204 0.545772
vt 0.566751 0.545620
vt 0.566751 0.545341
vt 0.567015 0.546085
vt 0.566578 0.545841
vt 0.010333 0.286438
vt 0.010038 0.286371
vt 0.010160 0.286147
vt 0.010597 0.285831
vt 0.751072 0.819853
vt 0.751172 0.820054
vt 0.545542 0.831950
vt 0.546084 0.831683
vt 0.546084 0.831962
vt 0.545632 0.832426
vt 0.849959 0.827570
vt 0.850087 0.827214
vt 0.850074 0.827707
vt 0.849981 0.827887
vt 0.850293 0.826901
vt 0.850399 0.827652
vt 0.271053 0.005764
vt 0.270703 0.005548
vt 0.270511 0.005363
vt 0.270650 0.005607
vt 0.270587 0.005518
vt 0.270323 0.005286
vt 0.270134 0.004911
vt 0.270587 0.005376
vt 0.850013 0.827978
vt 0.270044 0.684956
vt 0.270044 0.684683
vt 0.270380 0.684626
vt 0.270587 0.684911
vt 0.270044 0.684277
vt 0.270379 0.684311
vt 0.270044 0.683971
vt 0.270587 0.684001
vt 0.774460 0.693401
vt 0.774313 0.693478
vt 0.774146 0.693200
vt 0.774335 0.693084
vt 0.774111 0.693606
vt 0.773957 0.693321
vt 0.773836 0.692933
vt 0.774046 0.692891
vt 0.773807 0.692612
vt 0.774030 0.692577
vt 0.774180 0.692529
vt 0.774258 0.692851
vt 0.270682 0.684342
vt 0.270684 0.684633
vt 0.882678 0.701685
vt 0.882477 0.701556
vt 0.882643 0.701279
vt 0.882833 0.701400
vt 0.882329 0.701480
vt 0.882540 0.701236
vt 0.567293 0.122131
vt 0.567293 0.122437
vt 0.566751 0.122471
vt 0.566751 0.122161
vt 0.567293 0.122843
vt 0.566958 0.122800
vt 0.567293 0.123116
vt 0.566751 0.123071
vt 0.882610 0.700607
vt 0.882760 0.700656
vt 0.882755 0.700979
vt 0.882565 0.700914
vt 0.882982 0.700691
vt 0.882954 0.701012
vt 0.769644 0.695659
vt 0.769492 0.695786
vt 0.769286 0.695484
vt 0.769493 0.695373
vt 0.769339 0.695915
vt 0.769101 0.695640
vt 0.887146 0.703738
vt 0.887296 0.703452
vt 0.887689 0.703718
vt 0.887450 0.703994
vt 0.887413 0.703061
vt 0.887633 0.703119
vt 0.887438 0.702739
vt 0.887798 0.702711
vt 0.768992 0.694632
vt 0.769167 0.694646
vt 0.769149 0.695071
vt 0.769006 0.695145
vt 0.769351 0.694660
vt 0.769376 0.694983
vt 0.870716 0.715492
vt 0.870564 0.715779
vt 0.870286 0.715674
vt 0.870510 0.715368
vt 0.870443 0.716167
vt 0.870180 0.716060
vt 0.870409 0.716492
vt 0.870178 0.716428
vt 0.870020 0.716350
vt 0.869995 0.715990
vt 0.567293 0.103573
vt 0.567293 0.103855
vt 0.566751 0.103825
vt 0.566751 0.103509
vt 0.567293 0.104261
vt 0.566955 0.104271
vt 0.567293 0.104569
vt 0.566751 0.104606
vt 0.870357 0.715298
vt 0.870037 0.715595
vt 0.786073 0.707413
vt 0.786279 0.707290
vt 0.786503 0.707595
vt 0.786225 0.707700
vt 0.786432 0.707219
vt 0.786753 0.707517
vt 0.270044 0.666409
vt 0.270044 0.666101
vt 0.270382 0.666110
vt 0.270587 0.666445
vt 0.270045 0.665694
vt 0.270587 0.665665
vt 0.270044 0.665412
vt 0.270587 0.665348
vt 0.786770 0.708271
vt 0.786612 0.708349
vt 0.786609 0.707981
vt 0.786795 0.707912
vt 0.786380 0.708413
vt 0.786346 0.708088
vt 0.874845 0.718530
vt 0.874889 0.718210
vt 0.875067 0.718223
vt 0.875224 0.718516
vt 0.875021 0.717827
vt 0.875149 0.717936
vt 0.875184 0.717545
vt 0.875489 0.717801
vt 0.781301 0.709722
vt 0.781454 0.709593
vt 0.781622 0.709862
vt 0.781524 0.709944
vt 0.781606 0.709466
vt 0.781768 0.709749
vt 0.781901 0.710131
vt 0.781722 0.710145
vt 0.781944 0.710452
vt 0.781751 0.710444
vt 0.781565 0.710437
vt 0.781593 0.710140
vt 0.875233 0.717922
vt 0.875196 0.718219
vt 0.567293 0.427879
vt 0.567293 0.428152
vt 0.566958 0.428210
vt 0.566751 0.427925
vt 0.567293 0.428559
vt 0.566958 0.428525
vt 0.567293 0.428865
vt 0.566751 0.428835
vt 0.746731 0.693401
vt 0.746584 0.693477
vt 0.746417 0.693200
vt 0.746606 0.693084
vt 0.746382 0.693606
vt 0.746228 0.693321
vt 0.746107 0.692933
vt 0.746317 0.692891
vt 0.746078 0.692612
vt 0.746301 0.692577
vt 0.746450 0.692528
vt 0.746529 0.692851
vt 0.566655 0.428493
vt 0.566654 0.428202
vt 0.854949 0.701685
vt 0.854747 0.701556
vt 0.854914 0.701279
vt 0.855104 0.701400
vt 0.854600 0.701480
vt 0.854811 0.701236
vt 0.545542 0.715206
vt 0.545542 0.714900
vt 0.546085 0.714866
vt 0.546085 0.715176
vt 0.545542 0.714494
vt 0.545877 0.714537
vt 0.545542 0.714221
vt 0.546085 0.714266
vt 0.854881 0.700607
vt 0.855031 0.700656
vt 0.855026 0.700979
vt 0.854836 0.700914
vt 0.855253 0.700691
vt 0.855224 0.701012
vt 0.741915 0.695659
vt 0.741763 0.695786
vt 0.741557 0.695484
vt 0.741764 0.695373
vt 0.741610 0.695915
vt 0.741372 0.695640
vt 0.859416 0.703738
vt 0.859567 0.703452
vt 0.859960 0.703718
vt 0.859721 0.703994
vt 0.859684 0.703061
vt 0.859904 0.703119
vt 0.859709 0.702739
vt 0.860069 0.702711
vt 0.741262 0.694632
vt 0.741438 0.694646
vt 0.741419 0.695071
vt 0.741277 0.695145
vt 0.741622 0.694660
vt 0.741647 0.694983
vt 0.842987 0.715492
vt 0.842835 0.715779
vt 0.842557 0.715674
vt 0.842781 0.715369
vt 0.842714 0.716167
vt 0.842451 0.716060
vt 0.842680 0.716492
vt 0.842449 0.716428
vt 0.842291 0.716350
vt 0.842266 0.715990
vt 0.545542 0.733764
vt 0.545542 0.733483
vt 0.546085 0.733512
vt 0.546085 0.733828
vt 0.545542 0.733076
vt 0.545880 0.733066
vt 0.545542 0.732768
vt 0.546085 0.732731
vt 0.842628 0.715298
vt 0.842308 0.715595
vt 0.758344 0.707413
vt 0.758550 0.707290
vt 0.758774 0.707595
vt 0.758496 0.707700
vt 0.758703 0.707219
vt 0.759024 0.707517
vt 0.567293 0.446426
vt 0.567293 0.446735
vt 0.566955 0.446725
vt 0.566751 0.446390
vt 0.567293 0.447141
vt 0.566751 0.447171
vt 0.567293 0.447423
vt 0.566751 0.447487
vt 0.759041 0.708271
vt 0.758883 0.708349
vt 0.758880 0.707981
vt 0.759065 0.707912
vt 0.758651 0.708413
vt 0.758617 0.708088
vt 0.847116 0.718530
vt 0.847160 0.718210
vt 0.847338 0.718223
vt 0.847495 0.718516
vt 0.847292 0.717828
vt 0.847420 0.717936
vt 0.847454 0.717545
vt 0.847759 0.717801
vt 0.753572 0.709722
vt 0.753725 0.709593
vt 0.753893 0.709862
vt 0.753795 0.709944
vt 0.753877 0.709466
vt 0.754039 0.709749
vt 0.754172 0.710132
vt 0.753993 0.710145
vt 0.754215 0.710452
vt 0.754022 0.710444
vt 0.753836 0.710437
vt 0.753864 0.710140
vt 0.847504 0.717922
vt 0.847467 0.718219
vt 0.831950 0.270044
vt 0.832114 0.270134
vt 0.831962 0.270420
vt 0.831683 0.270587
vt 0.832426 0.270323
vt 0.832426 0.270511
vt 0.556321 0.010333
vt 0.556389 0.010038
vt 0.556928 0.010409
vt 0.556928 0.010597
vt 0.695595 0.819840
vt 0.695628 0.819377
vt 0.695781 0.819615
vt 0.695878 0.820324
vt 0.695561 0.818810
vt 0.695768 0.819122
vt 0.695897 0.819478
vt 0.695926 0.819797
vt 0.831806 0.270650
vt 0.905751 0.826902
vt 0.905685 0.827469
vt 0.905533 0.827707
vt 0.905546 0.827214
vt 0.905717 0.827932
vt 0.905617 0.828133
vt 0.275402 0.551506
vt 0.276009 0.551242
vt 0.275693 0.551679
vt 0.275469 0.551802
vt 0.832426 0.280673
vt 0.832114 0.280862
vt 0.831962 0.280409
vt 0.832183 0.280236
vt 0.831951 0.280951
vt 0.831683 0.280409
vt 0.905417 0.827570
vt 0.905439 0.827887
vt 0.616013 0.280951
vt 0.615728 0.280951
vt 0.615689 0.280648
vt 0.615920 0.280409
vt 0.615339 0.280951
vt 0.615429 0.280648
vt 0.615006 0.280951
vt 0.615176 0.280409
vt 0.897861 0.585817
vt 0.897936 0.586069
vt 0.897768 0.586234
vt 0.897636 0.586094
vt 0.898088 0.586330
vt 0.897883 0.586452
vt 0.897754 0.586586
vt 0.897633 0.586325
vt 0.615620 0.280435
vt 0.616013 0.270044
vt 0.615920 0.270587
vt 0.615689 0.270347
vt 0.615728 0.270044
vt 0.703558 0.578508
vt 0.703428 0.578375
vt 0.703536 0.578110
vt 0.703688 0.578174
vt 0.703222 0.578253
vt 0.703375 0.577992
vt 0.703450 0.577739
vt 0.703640 0.577950
vt 0.615006 0.270044
vt 0.615339 0.270044
vt 0.615421 0.270347
vt 0.615176 0.270587
vt 0.280885 0.567293
vt 0.280409 0.567204
vt 0.280874 0.566917
vt 0.281152 0.566751
vt 0.004911 0.270134
vt 0.005286 0.270323
vt 0.005363 0.270511
vt 0.005414 0.270420
vt 0.005518 0.270587
vt 0.005548 0.270703
vt 0.005764 0.271053
vt 0.005607 0.270650
vt 0.806496 0.818823
vt 0.806702 0.819135
vt 0.806715 0.819628
vt 0.806390 0.819574
vt 0.806830 0.819492
vt 0.806859 0.819810
vt 0.721472 0.818810
vt 0.721405 0.819377
vt 0.721253 0.819614
vt 0.721266 0.819122
vt 0.721438 0.819840
vt 0.721337 0.820040
vt 0.286438 0.291253
vt 0.285831 0.291517
vt 0.286147 0.291080
vt 0.286371 0.290958
vt 0.004911 0.832162
vt 0.005224 0.831973
vt 0.005376 0.832426
vt 0.005154 0.832599
vt 0.005387 0.831884
vt 0.005654 0.832426
vt 0.721137 0.819478
vt 0.721159 0.819795
vt 0.221325 0.831884
vt 0.221609 0.831884
vt 0.221648 0.832187
vt 0.221417 0.832426
vt 0.221999 0.831884
vt 0.221908 0.832187
vt 0.222331 0.831884
vt 0.222161 0.832426
vt 0.713582 0.577739
vt 0.713658 0.577992
vt 0.713489 0.578156
vt 0.713357 0.578016
vt 0.713811 0.578253
vt 0.713605 0.578375
vt 0.713476 0.578508
vt 0.713354 0.578248
vt 0.221717 0.832400
vt 0.496822 0.567293
vt 0.496915 0.566751
vt 0.497146 0.566990
vt 0.497107 0.567293
vt 0.814494 0.578507
vt 0.814365 0.578373
vt 0.814471 0.578109
vt 0.814624 0.578173
vt 0.814159 0.578251
vt 0.814311 0.577990
vt 0.814386 0.577738
vt 0.814576 0.577949
vt 0.497829 0.567293
vt 0.497497 0.567293
vt 0.497414 0.566990
vt 0.497659 0.566751
vt 0.398614 0.567293
vt 0.398341 0.567293
vt 0.398284 0.566958
vt 0.398569 0.566751
vt 0.397935 0.567293
vt 0.397969 0.566958
vt 0.397629 0.567293
vt 0.397659 0.566751
vt 0.802189 0.693401
vt 0.802042 0.693477
vt 0.801875 0.693200
vt 0.802064 0.693084
vt 0.801840 0.693606
vt 0.801686 0.693321
vt 0.801565 0.692933
vt 0.801776 0.692891
vt 0.801536 0.692612
vt 0.801759 0.692577
vt 0.801909 0.692528
vt 0.801987 0.692851
vt 0.398001 0.566655
vt 0.398291 0.566654
vt 0.726127 0.693599
vt 0.725925 0.693470
vt 0.726091 0.693192
vt 0.726281 0.693314
vt 0.725776 0.693393
vt 0.725988 0.693149
vt 0.122131 0.831884
vt 0.122437 0.831884
vt 0.122471 0.832426
vt 0.122161 0.832426
vt 0.122843 0.831884
vt 0.122800 0.832219
vt 0.123116 0.831884
vt 0.123071 0.832426
vt 0.726057 0.692521
vt 0.726207 0.692570
vt 0.726202 0.692893
vt 0.726011 0.692827
vt 0.726431 0.692605
vt 0.726402 0.692925
vt 0.797373 0.695659
vt 0.797222 0.695786
vt 0.797015 0.695484
vt 0.797222 0.695373
vt 0.797068 0.695915
vt 0.796830 0.695640
vt 0.730614 0.695660
vt 0.730764 0.695374
vt 0.731158 0.695641
vt 0.730920 0.695917
vt 0.730881 0.694983
vt 0.731102 0.695041
vt 0.730906 0.694661
vt 0.731268 0.694634
vt 0.796721 0.694632
vt 0.796896 0.694646
vt 0.796878 0.695071
vt 0.796735 0.695145
vt 0.797081 0.694660
vt 0.797105 0.694982
vt 0.714168 0.707408
vt 0.714016 0.707695
vt 0.713738 0.707590
vt 0.713961 0.707284
vt 0.713895 0.708083
vt 0.713632 0.707975
vt 0.713862 0.708408
vt 0.713629 0.708343
vt 0.713470 0.708265
vt 0.713445 0.707906
vt 0.103573 0.831884
vt 0.103855 0.831884
vt 0.103825 0.832426
vt 0.103509 0.832426
vt 0.104261 0.831884
vt 0.104271 0.832222
vt 0.104569 0.831884
vt 0.104606 0.832426
vt 0.713808 0.707213
vt 0.713487 0.707511
vt 0.813802 0.707413
vt 0.814008 0.707290
vt 0.814232 0.707595
vt 0.813955 0.707700
vt 0.814161 0.707219
vt 0.814482 0.707517
vt 0.380067 0.567293
vt 0.379759 0.567293
vt 0.379769 0.566955
vt 0.380104 0.566751
vt 0.379352 0.567293
vt 0.379323 0.566751
vt 0.379071 0.567293
vt 0.379007 0.566751
vt 0.814499 0.708271
vt 0.814341 0.708349
vt 0.814338 0.707981
vt 0.814524 0.707912
vt 0.814109 0.708413
vt 0.814076 0.708088
vt 0.809673 0.710452
vt 0.809480 0.710444
vt 0.809452 0.710145
vt 0.809630 0.710132
vt 0.809294 0.710437
vt 0.809315 0.710140
vt 0.718316 0.710455
vt 0.718360 0.710135
vt 0.718677 0.710143
vt 0.718697 0.710441
vt 0.718493 0.709752
vt 0.718640 0.709865
vt 0.718655 0.709469
vt 0.718961 0.709726
vt 0.809030 0.709722
vt 0.809184 0.709593
vt 0.809365 0.709859
vt 0.809268 0.709895
vt 0.809335 0.709466
vt 0.809497 0.709749
vt 0.714221 0.270044
vt 0.714494 0.270044
vt 0.714551 0.270380
vt 0.714266 0.270587
vt 0.714900 0.270044
vt 0.714866 0.270379
vt 0.715206 0.270044
vt 0.715176 0.270587
vt 0.691257 0.693393
vt 0.691109 0.693470
vt 0.690942 0.693192
vt 0.691132 0.693076
vt 0.690906 0.693599
vt 0.690752 0.693314
vt 0.690632 0.692925
vt 0.690843 0.692883
vt 0.690602 0.692605
vt 0.690826 0.692570
vt 0.690976 0.692521
vt 0.691055 0.692843
vt 0.714834 0.270682
vt 0.714544 0.270684
vt 0.910407 0.701685
vt 0.910206 0.701556
vt 0.910372 0.701279
vt 0.910562 0.701400
vt 0.910058 0.701480
vt 0.910270 0.701236
vt 0.715206 0.280951
vt 0.714900 0.280951
vt 0.714866 0.280409
vt 0.715176 0.280409
vt 0.714494 0.280951
vt 0.714537 0.280616
vt 0.714221 0.280951
vt 0.714266 0.280409
vt 0.910339 0.700607
vt 0.910489 0.700656
vt 0.910484 0.700979
vt 0.910294 0.700913
vt 0.910711 0.700691
vt 0.910683 0.701012
vt 0.686420 0.695660
vt 0.686267 0.695787
vt 0.686062 0.695485
vt 0.686269 0.695374
vt 0.686113 0.695917
vt 0.685875 0.695641
vt 0.914875 0.703738
vt 0.915025 0.703452
vt 0.915418 0.703718
vt 0.915179 0.703994
vt 0.915142 0.703061
vt 0.915362 0.703119
vt 0.915167 0.702739
vt 0.915527 0.702711
vt 0.685766 0.694634
vt 0.685942 0.694647
vt 0.685924 0.695072
vt 0.685780 0.695146
vt 0.686127 0.694661
vt 0.686153 0.694983
vt 0.898445 0.715491
vt 0.898293 0.715779
vt 0.898015 0.715674
vt 0.898239 0.715369
vt 0.898172 0.716167
vt 0.897910 0.716060
vt 0.898138 0.716491
vt 0.897907 0.716428
vt 0.897749 0.716350
vt 0.897724 0.715990
vt 0.733764 0.280951
vt 0.733483 0.280951
vt 0.733512 0.280409
vt 0.733828 0.280409
vt 0.733076 0.280951
vt 0.733066 0.280613
vt 0.732768 0.280951
vt 0.732731 0.280409
vt 0.898086 0.715298
vt 0.897766 0.715595
vt 0.702865 0.707408
vt 0.703072 0.707284
vt 0.703296 0.707589
vt 0.703017 0.707695
vt 0.703226 0.707213
vt 0.703546 0.707511
vt 0.732768 0.270044
vt 0.733076 0.270044
vt 0.733066 0.270382
vt 0.732731 0.270587
vt 0.733483 0.270045
vt 0.733512 0.270587
vt 0.733764 0.270044
vt 0.733828 0.270587
vt 0.703563 0.708265
vt 0.703404 0.708344
vt 0.703402 0.707976
vt 0.703588 0.707906
vt 0.703172 0.708408
vt 0.703138 0.708083
vt 0.698717 0.710455
vt 0.698523 0.710448
vt 0.698494 0.710148
vt 0.698673 0.710135
vt 0.698336 0.710441
vt 0.698357 0.710143
vt 0.902574 0.718530
vt 0.902618 0.718210
vt 0.902933 0.718218
vt 0.902953 0.718516
vt 0.902751 0.717828
vt 0.902897 0.717941
vt 0.902913 0.717545
vt 0.903218 0.717801
vt 0.698072 0.709726
vt 0.698226 0.709597
vt 0.698408 0.709862
vt 0.698310 0.709899
vt 0.698379 0.709469
vt 0.698541 0.709752
vt 0.725267 0.811283
vt 0.725648 0.811270
vt 0.725598 0.811225
vt 0.725570 0.811116
vt 0.802342 0.811273
vt 0.802528 0.811280
vt 0.802392 0.811228
vt 0.802355 0.811227
vt 0.802721 0.811288
vt 0.802331 0.811459
vt 0.802328 0.811468
vt 0.296372 0.285831
vt 0.295745 0.285831
vt 0.725661 0.811465
vt 0.725661 0.811465
vt 0.725634 0.811224
vt 0.799739 0.558624
vt 0.799552 0.558710
vt 0.799448 0.558474
vt 0.799508 0.558133
vt 0.799357 0.558799
vt 0.799250 0.558565
vt 0.728248 0.558633
vt 0.728479 0.558142
vt 0.728739 0.558574
vt 0.728631 0.558809
vt 0.960785 0.953738
vt 0.960985 0.953547
vt 0.961177 0.953723
vt 0.961177 0.954129
vt 0.961177 0.953364
vt 0.961370 0.953547
vt 0.961569 0.953738
vt 0.961282 0.953823
vt 0.799386 0.558344
vt 0.265468 0.556928
vt 0.266095 0.556928
vt 0.909919 0.819547
vt 0.909828 0.819199
vt 0.909856 0.819307
vt 0.909919 0.819547
vt 0.909527 0.819366
vt 0.909906 0.819352
vt 0.691386 0.811270
vt 0.691572 0.811276
vt 0.691436 0.811225
vt 0.691399 0.811224
vt 0.691766 0.811284
vt 0.691464 0.811116
vt 0.691372 0.811465
vt 0.691372 0.811465
vt 0.909892 0.819306
vt 0.804197 0.556575
vt 0.804140 0.556004
vt 0.804398 0.556199
vt 0.804421 0.556472
vt 0.966380 0.948936
vt 0.966386 0.948539
vt 0.966558 0.948624
vt 0.966513 0.948781
vt 0.966375 0.948176
vt 0.966619 0.948441
vt 0.966898 0.948717
vt 0.966698 0.948703
vt 0.521143 0.567293
vt 0.521144 0.566751
vt 0.521401 0.566850
vt 0.521686 0.567049
vt 0.804578 0.556399
vt 0.804525 0.556141
vt 0.245646 0.831884
vt 0.246188 0.832128
vt 0.245903 0.832327
vt 0.245646 0.832426
vt 0.985278 0.499713
vt 0.985557 0.499436
vt 0.985618 0.499620
vt 0.985477 0.499698
vt 0.985801 0.499172
vt 0.985790 0.499535
vt 0.985796 0.499932
vt 0.985663 0.499777
vt 0.723771 0.556575
vt 0.723546 0.556472
vt 0.723569 0.556199
vt 0.723827 0.556004
vt 0.723388 0.556399
vt 0.723441 0.556141
vt 0.908051 0.564653
vt 0.907826 0.564550
vt 0.907850 0.564278
vt 0.908108 0.564083
vt 0.907670 0.564478
vt 0.907777 0.564245
vt 0.591692 0.280951
vt 0.591149 0.280707
vt 0.591434 0.280409
vt 0.591692 0.280409
vt 0.590851 0.989677
vt 0.591130 0.989401
vt 0.591191 0.989584
vt 0.591149 0.989677
vt 0.591374 0.989136
vt 0.591363 0.989499
vt 0.591369 0.989896
vt 0.591236 0.989741
vt 0.907813 0.564101
vt 0.912509 0.566703
vt 0.912739 0.566212
vt 0.912800 0.566553
vt 0.912890 0.566878
vt 0.841856 0.553772
vt 0.842056 0.553582
vt 0.842249 0.553757
vt 0.842144 0.553857
vt 0.842248 0.553398
vt 0.842440 0.553582
vt 0.842640 0.553772
vt 0.842353 0.553857
vt 0.688785 0.558633
vt 0.688597 0.558719
vt 0.688493 0.558483
vt 0.688555 0.558142
vt 0.688402 0.558809
vt 0.688392 0.558529
vt 0.596467 0.994783
vt 0.596571 0.994683
vt 0.596676 0.994783
vt 0.591692 0.270044
vt 0.591691 0.270587
vt 0.591434 0.270587
vt 0.591149 0.270288
vt 0.693645 0.556399
vt 0.693487 0.556472
vt 0.693465 0.556199
vt 0.693538 0.556166
vt 0.693262 0.556575
vt 0.693206 0.556004
vt 0.847451 0.548971
vt 0.847457 0.548574
vt 0.847629 0.548659
vt 0.847584 0.548816
vt 0.847446 0.548210
vt 0.847690 0.548475
vt 0.847969 0.548752
vt 0.847670 0.548752
vt 0.693502 0.556023
vt 0.852593 0.564654
vt 0.852368 0.564550
vt 0.852351 0.564258
vt 0.852455 0.564297
vt 0.852211 0.564478
vt 0.852318 0.564245
vt 0.545542 0.591692
vt 0.545696 0.591149
vt 0.546085 0.591435
vt 0.546085 0.591692
vt 0.905902 0.548728
vt 0.906092 0.548413
vt 0.906290 0.548728
vt 0.906272 0.548108
vt 0.852438 0.563986
vt 0.852438 0.563986
vt 0.857051 0.566702
vt 0.857194 0.566474
vt 0.857357 0.566558
vt 0.857432 0.566878
vt 0.857341 0.566239
vt 0.857489 0.566307
vt 0.921534 0.553529
vt 0.921865 0.553808
vt 0.921359 0.553962
vt 0.921204 0.553808
vt 0.743991 0.558160
vt 0.744137 0.558395
vt 0.743974 0.558479
vt 0.743673 0.558306
vt 0.744281 0.558624
vt 0.744093 0.558710
vt 0.743899 0.558799
vt 0.743879 0.558523
vt 0.857453 0.566602
vt 0.748739 0.556575
vt 0.748876 0.556218
vt 0.748980 0.556179
vt 0.748963 0.556471
vt 0.748893 0.555907
vt 0.748893 0.555907
vt 0.926974 0.548108
vt 0.927155 0.548728
vt 0.926956 0.548728
vt 0.566949 0.304808
vt 0.567139 0.305086
vt 0.566751 0.305094
vt 0.566751 0.304808
vt 0.567293 0.305350
vt 0.566751 0.305350
vt 0.749120 0.556399
vt 0.749013 0.556167
vt 0.990455 0.948176
vt 0.990722 0.948152
vt 0.990907 0.948418
vt 0.990800 0.948440
vt 0.990998 0.948124
vt 0.990998 0.948407
vt 0.882434 0.548111
vt 0.882063 0.548413
vt 0.881891 0.548417
vt 0.881891 0.548135
vt 0.881891 0.548728
vt 0.881891 0.548728
vt 0.521144 0.591692
vt 0.521686 0.591149
vt 0.521686 0.591149
vt 0.990998 0.948717
vt 0.990998 0.948717
vt 0.567294 0.989136
vt 0.566949 0.989400
vt 0.566842 0.989379
vt 0.567027 0.989112
vt 0.566751 0.989677
vt 0.566751 0.989677
vt 0.591692 0.305350
vt 0.591373 0.305086
vt 0.591149 0.304808
vt 0.590978 0.304808
vt 0.950812 0.548110
vt 0.951355 0.548135
vt 0.951355 0.548418
vt 0.951183 0.548728
vt 0.566751 0.989084
vt 0.566751 0.989367
vt 0.776468 0.556575
vt 0.776527 0.556256
vt 0.776669 0.556199
vt 0.776692 0.556472
vt 0.776605 0.555915
vt 0.776623 0.555907
vt 0.611591 0.989136
vt 0.611835 0.989677
vt 0.611816 0.989677
vt 0.611798 0.989695
vt 0.270567 0.808027
vt 0.270288 0.807751
vt 0.270587 0.807742
vt 0.270587 0.808027
vt 0.270044 0.807485
vt 0.270587 0.807485
vt 0.776849 0.556399
vt 0.776742 0.556166
vt 0.772010 0.558624
vt 0.771823 0.558710
vt 0.771719 0.558474
vt 0.771895 0.558384
vt 0.771628 0.558799
vt 0.771521 0.558565
vt 0.884780 0.566702
vt 0.884895 0.566462
vt 0.885269 0.566644
vt 0.885161 0.566878
vt 0.885015 0.566214
vt 0.885388 0.566385
vt 0.606394 0.994324
vt 0.606781 0.994702
vt 0.606597 0.994886
vt 0.606006 0.994702
vt 0.771775 0.558135
vt 0.771598 0.558216
vt 0.880322 0.564653
vt 0.880097 0.564550
vt 0.880121 0.564278
vt 0.880263 0.564334
vt 0.879941 0.564478
vt 0.880048 0.564245
vt 0.567293 0.245646
vt 0.567049 0.245911
vt 0.566751 0.245903
vt 0.566751 0.245646
vt 0.566770 0.246188
vt 0.566751 0.246188
vt 0.670660 0.989136
vt 0.670453 0.989695
vt 0.670435 0.989677
vt 0.670416 0.989677
vt 0.880184 0.563993
vt 0.880167 0.563986
vt 0.635671 0.989136
vt 0.636214 0.989136
vt 0.636214 0.989392
vt 0.636016 0.989677
vt 0.961177 0.499172
vt 0.961454 0.499172
vt 0.961268 0.499428
vt 0.961177 0.499428
vt 0.961720 0.499172
vt 0.961375 0.499436
vt 0.961177 0.499713
vt 0.961177 0.499713
vt 0.245646 0.807485
vt 0.245991 0.807750
vt 0.246188 0.808027
vt 0.246188 0.808027
vt 0.246386 0.808027
vt 0.246188 0.808027
vt 0.646580 0.989136
vt 0.646235 0.989677
vt 0.646127 0.989392
vt 0.646037 0.989136
vt 0.590951 0.246188
vt 0.591347 0.245911
vt 0.591240 0.246097
vt 0.591059 0.246188
vt 0.591692 0.245646
vt 0.591149 0.246188
vt 0.872069 0.548752
vt 0.871871 0.548475
vt 0.871978 0.548467
vt 0.872160 0.548612
vt 0.871526 0.548210
vt 0.871793 0.548210
vt 0.872069 0.548210
vt 0.872069 0.548467
vt 0.591149 0.246279
vt 0.292571 0.896699
vt 0.292504 0.896632
vt 0.292571 0.896157
vt 0.292321 0.896449
vt 0.292302 0.896430
vt 0.292070 0.896198
vt 0.852232 0.089830
vt 0.852214 0.089627
vt 0.852189 0.088761
vt 0.852055 0.088213
vt 0.852185 0.089296
vt 0.852501 0.089315
vt 0.195547 0.845556
vt 0.195171 0.845113
vt 0.195171 0.845113
vt 0.195476 0.845024
vt 0.852140 0.086376
vt 0.852261 0.087607
vt 0.851852 0.084684
vt 0.852027 0.086305
vt 0.326573 0.896699
vt 0.326506 0.896632
vt 0.326573 0.896157
vt 0.326322 0.896449
vt 0.326303 0.896430
vt 0.326072 0.896198
vt 0.356842 0.847155
vt 0.356303 0.847118
vt 0.356805 0.846045
vt 0.357364 0.847072
vt 0.293097 0.847102
vt 0.292831 0.847133
vt 0.292587 0.846050
vt 0.292831 0.846029
vt 0.292571 0.847160
vt 0.292322 0.847132
vt 0.292035 0.847098
vt 0.292387 0.846027
vt 0.326573 0.847160
vt 0.326037 0.847098
vt 0.326589 0.846050
vt 0.327099 0.847103
vt 0.912238 0.009766
vt 0.911972 0.009797
vt 0.911727 0.008713
vt 0.911971 0.008692
vt 0.911712 0.009824
vt 0.911463 0.009795
vt 0.911176 0.009762
vt 0.911528 0.008690
vt 0.340382 0.846031
vt 0.340181 0.846045
vt 0.339938 0.846012
vt 0.340139 0.845999
vt 0.254531 0.842783
vt 0.254559 0.842581
vt 0.254922 0.842248
vt 0.254605 0.842252
vt 0.254922 0.842248
vt 0.218557 0.845556
vt 0.218181 0.845113
vt 0.218181 0.845113
vt 0.218485 0.845024
vt 0.931787 0.089338
vt 0.931426 0.086399
vt 0.931547 0.087629
vt 0.931787 0.089338
vt 0.931138 0.084705
vt 0.931313 0.086328
vt 0.931787 0.089338
vt 0.931787 0.089338
vt 0.911712 0.059371
vt 0.911645 0.059304
vt 0.911712 0.058829
vt 0.911461 0.059121
vt 0.911442 0.059102
vt 0.911211 0.058870
vt 0.184973 0.845556
vt 0.185044 0.845024
vt 0.185349 0.845113
vt 0.185349 0.845113
vt 0.053835 0.842268
vt 0.053864 0.842599
vt 0.053519 0.842248
vt 0.053519 0.842248
vt 0.053882 0.842802
vt 0.053519 0.842248
vt 0.901459 0.089338
vt 0.901900 0.086404
vt 0.901686 0.087628
vt 0.902076 0.084703
vt 0.901808 0.086319
vt 0.901459 0.089338
vt 0.901459 0.089338
vt 0.359163 0.896639
vt 0.359092 0.896575
vt 0.359137 0.896098
vt 0.358900 0.896401
vt 0.358881 0.896383
vt 0.358638 0.896163
vt 0.073661 0.842802
vt 0.073708 0.842268
vt 0.074025 0.842248
vt 0.981062 0.040257
vt 0.981033 0.040588
vt 0.981063 0.039739
vt 0.980745 0.040276
vt 0.981015 0.040791
vt 0.981174 0.039252
vt 0.978329 0.039847
vt 0.025527 0.876172
vt 0.025668 0.873224
vt 0.025539 0.874849
vt 0.025527 0.876172
vt 0.025636 0.874941
vt 0.025445 0.877895
vt 0.025445 0.877895
vt 0.025478 0.877302
vt 0.871630 0.113224
vt 0.871805 0.113140
vt 0.871962 0.113612
vt 0.871890 0.113972
vt 0.872016 0.113025
vt 0.872069 0.113144
vt 0.961616 0.064185
vt 0.961357 0.064933
vt 0.961177 0.064105
vt 0.961231 0.063986
vt 0.961177 0.065792
vt 0.960958 0.065027
vt 0.675857 0.558401
vt 0.675487 0.557571
vt 0.675637 0.556898
vt 0.676228 0.557571
vt 0.872069 0.114831
vt 0.872069 0.114149
vt 0.867530 0.157902
vt 0.867796 0.158255
vt 0.867829 0.158356
vt 0.867578 0.158157
vt 0.868291 0.158630
vt 0.868132 0.158525
vt 0.868574 0.159001
vt 0.868262 0.158727
vt 0.867918 0.158472
vt 0.867901 0.158429
vt 0.780676 0.830925
vt 0.780266 0.830568
vt 0.780527 0.830426
vt 0.780799 0.830282
vt 0.867632 0.158440
vt 0.184973 0.915326
vt 0.185349 0.915731
vt 0.185147 0.915834
vt 0.184964 0.915585
vt 0.898018 0.159033
vt 0.898206 0.159480
vt 0.898078 0.159357
vt 0.898021 0.159137
vt 0.898384 0.159881
vt 0.898151 0.159571
vt 0.897882 0.159278
vt 0.897954 0.159227
vt 0.753263 0.880978
vt 0.753672 0.881336
vt 0.753412 0.881478
vt 0.753139 0.881621
vt 0.184955 0.915873
vt 0.185150 0.915920
vt 0.039797 0.904943
vt 0.040212 0.904819
vt 0.040243 0.904946
vt 0.040085 0.905784
vt 0.881945 0.112992
vt 0.882156 0.113107
vt 0.881999 0.113580
vt 0.881891 0.113111
vt 0.882330 0.113192
vt 0.881891 0.113964
vt 0.991185 0.066783
vt 0.991131 0.067659
vt 0.990998 0.066982
vt 0.991066 0.066430
vt 0.990998 0.068437
vt 0.990865 0.067659
vt 0.990811 0.066783
vt 0.990998 0.065942
vt 0.881848 0.114111
vt 0.077061 0.909723
vt 0.077465 0.909982
vt 0.077264 0.910150
vt 0.077064 0.909974
vt 0.027853 0.948473
vt 0.028076 0.948937
vt 0.027939 0.948804
vt 0.027864 0.948578
vt 0.028286 0.949354
vt 0.028029 0.949027
vt 0.027739 0.948713
vt 0.027806 0.948666
vt 0.741943 0.842246
vt 0.741586 0.842655
vt 0.741443 0.842394
vt 0.741300 0.842122
vt 0.077069 0.910253
vt 0.077271 0.910232
vt 0.254531 0.909790
vt 0.254922 0.910070
vt 0.254713 0.910227
vt 0.254522 0.910041
vt 0.947272 0.158234
vt 0.947577 0.158648
vt 0.947418 0.158543
vt 0.947302 0.158335
vt 0.947860 0.159018
vt 0.947548 0.158745
vt 0.947204 0.158492
vt 0.947261 0.158433
vt 0.791996 0.869658
vt 0.792353 0.869249
vt 0.792495 0.869509
vt 0.792639 0.869782
vt 0.254512 0.910320
vt 0.254715 0.910309
vt 0.050483 0.909723
vt 0.050479 0.909974
vt 0.050279 0.910151
vt 0.050078 0.909981
vt 0.050475 0.910253
vt 0.050273 0.910241
vt 0.741943 0.869658
vt 0.741299 0.869781
vt 0.741384 0.869450
vt 0.741585 0.869249
vt 0.886042 0.158492
vt 0.885692 0.158754
vt 0.885825 0.158547
vt 0.885926 0.158428
vt 0.885368 0.159036
vt 0.885662 0.158653
vt 0.885975 0.158232
vt 0.885943 0.158335
vt 0.050163 0.910341
vt 0.882276 0.319475
vt 0.882260 0.321571
vt 0.881891 0.323369
vt 0.881891 0.321565
vt 0.882357 0.323995
vt 0.881891 0.326080
vt 0.882435 0.326080
vt 0.881891 0.326080
vt 0.990998 0.726001
vt 0.990722 0.726001
vt 0.990751 0.724747
vt 0.990455 0.726001
vt 0.990532 0.723915
vt 0.990474 0.721519
vt 0.990684 0.723310
vt 0.950916 0.113192
vt 0.951091 0.113107
vt 0.951248 0.113580
vt 0.951355 0.113964
vt 0.951302 0.112992
vt 0.951355 0.113111
vt 0.146284 0.866789
vt 0.145845 0.867561
vt 0.145845 0.866709
vt 0.145899 0.866590
vt 0.596759 0.556748
vt 0.596704 0.557623
vt 0.596571 0.556947
vt 0.596571 0.555907
vt 0.596571 0.558401
vt 0.596438 0.557623
vt 0.596384 0.556748
vt 0.596503 0.556395
vt 0.951398 0.114111
vt 0.195547 0.915326
vt 0.195555 0.915585
vt 0.195373 0.915835
vt 0.195171 0.915729
vt 0.195565 0.915873
vt 0.195371 0.915929
vt 0.791996 0.842245
vt 0.792462 0.842299
vt 0.792555 0.842453
vt 0.792353 0.842655
vt 0.856078 0.159202
vt 0.855805 0.159504
vt 0.855880 0.159283
vt 0.855947 0.159154
vt 0.855563 0.159822
vt 0.855748 0.159408
vt 0.855942 0.158955
vt 0.855939 0.159061
vt 0.195270 0.916069
vt 0.950812 0.326080
vt 0.950889 0.323995
vt 0.951109 0.324827
vt 0.951355 0.326080
vt 0.950987 0.321571
vt 0.951197 0.323362
vt 0.950970 0.319475
vt 0.951355 0.321565
vt 0.567275 0.762479
vt 0.567217 0.764875
vt 0.566997 0.765707
vt 0.566972 0.764260
vt 0.567294 0.766961
vt 0.567027 0.766961
vt 0.566751 0.766961
vt 0.566869 0.765707
vt 0.275125 0.869281
vt 0.275313 0.869237
vt 0.275363 0.869732
vt 0.275384 0.870131
vt 0.275544 0.869171
vt 0.275570 0.869299
vt 0.690842 0.859098
vt 0.690918 0.859984
vt 0.690435 0.859281
vt 0.690412 0.859153
vt 0.911899 0.115931
vt 0.911845 0.116807
vt 0.911712 0.116130
vt 0.911712 0.115091
vt 0.911712 0.117585
vt 0.911579 0.116807
vt 0.911525 0.115931
vt 0.911644 0.115579
vt 0.275393 0.870284
vt 0.218557 0.915326
vt 0.218565 0.915585
vt 0.218383 0.915835
vt 0.218181 0.915729
vt 0.218575 0.915873
vt 0.218381 0.915929
vt 0.780676 0.880978
vt 0.780799 0.881622
vt 0.780468 0.881537
vt 0.780266 0.881336
vt 0.935364 0.159278
vt 0.935091 0.159581
vt 0.935166 0.159360
vt 0.935233 0.159231
vt 0.934849 0.159901
vt 0.935034 0.159486
vt 0.935228 0.159032
vt 0.935225 0.159137
vt 0.218280 0.916069
vt 0.965716 0.108863
vt 0.965668 0.109118
vt 0.965435 0.109322
vt 0.965451 0.109215
vt 0.965614 0.109401
vt 0.965341 0.109398
vt 0.753263 0.830925
vt 0.753140 0.830282
vt 0.753471 0.830366
vt 0.753672 0.830568
vt 0.965328 0.109434
vt 0.964978 0.109697
vt 0.965130 0.109494
vt 0.964654 0.109980
vt 0.964948 0.109596
vt 0.961721 0.276997
vt 0.961454 0.276997
vt 0.961424 0.275743
vt 0.961644 0.274911
vt 0.961177 0.276997
vt 0.961236 0.275731
vt 0.635671 0.766961
vt 0.635967 0.764849
vt 0.635968 0.765707
vt 0.636214 0.766961
vt 0.961177 0.274870
vt 0.961335 0.272474
vt 0.961340 0.274279
vt 0.961562 0.270391
vt 0.961546 0.272487
vt 0.871684 0.319430
vt 0.871912 0.321513
vt 0.871906 0.323318
vt 0.871701 0.321526
vt 0.872069 0.323909
vt 0.872069 0.326036
vt 0.646580 0.766961
vt 0.646037 0.766961
vt 0.646037 0.766961
vt 0.646283 0.764849
vt 0.872069 0.326035
vt 0.871793 0.326036
vt 0.871822 0.324782
vt 0.871526 0.326036
vt 0.871603 0.323949
vt 0.287394 0.891531
vt 0.287152 0.891290
vt 0.287401 0.891590
vt 0.287638 0.891775
vt 0.287123 0.891822
vt 0.287379 0.891516
vt 0.287354 0.891492
vt 0.906535 0.054205
vt 0.906293 0.053964
vt 0.906542 0.054264
vt 0.906779 0.054449
vt 0.906264 0.054496
vt 0.906217 0.054497
vt 0.906172 0.054489
vt 0.342981 0.891952
vt 0.343227 0.891778
vt 0.343490 0.891490
vt 0.343237 0.891720
vt 0.343279 0.891682
vt 0.343253 0.891706
vt 0.343494 0.892023
vt 0.926467 0.054449
vt 0.926705 0.054264
vt 0.926954 0.053964
vt 0.926712 0.054205
vt 0.927074 0.054489
vt 0.927029 0.054497
vt 0.926983 0.054496
vt 0.064158 0.843387
vt 0.063967 0.843431
vt 0.063849 0.843197
vt 0.064205 0.842853
vt 0.063576 0.843431
vt 0.063625 0.843181
vt 0.063385 0.843387
vt 0.063367 0.843184
vt 0.063338 0.842853
vt 0.063598 0.842869
vt 0.175830 0.842901
vt 0.175645 0.842880
vt 0.175651 0.842297
vt 0.175901 0.842369
vt 0.175455 0.842859
vt 0.175463 0.842590
vt 0.227700 0.842901
vt 0.227629 0.842369
vt 0.227920 0.842607
vt 0.228075 0.842859
vt 0.245085 0.842354
vt 0.245039 0.842683
vt 0.244781 0.842667
vt 0.244783 0.842658
vt 0.245011 0.842885
vt 0.244620 0.842954
vt 0.205065 0.842859
vt 0.204875 0.842880
vt 0.204910 0.842607
vt 0.205057 0.842590
vt 0.204690 0.842901
vt 0.204619 0.842369
vt 0.842682 0.088710
vt 0.842711 0.089041
vt 0.842449 0.089005
vt 0.842449 0.088997
vt 0.842729 0.089244
vt 0.842544 0.089265
vt 0.842354 0.089286
vt 0.842303 0.089022
vt 0.990518 0.040206
vt 0.990536 0.040002
vt 0.990797 0.039967
vt 0.990892 0.040247
vt 0.990565 0.039671
vt 0.990798 0.039958
vt 0.063771 0.843156
vt 0.063821 0.843159
vt 0.063972 0.843193
vt 0.063973 0.843202
vt 0.063826 0.843218
vt 0.063385 0.910518
vt 0.063576 0.910561
vt 0.063710 0.910797
vt 0.063637 0.910783
vt 0.063967 0.910561
vt 0.063829 0.910798
vt 0.064158 0.910517
vt 0.063906 0.910783
vt 0.063772 0.911072
vt 0.063772 0.911072
vt 0.755649 0.855952
vt 0.754882 0.855952
vt 0.754883 0.855952
vt 0.766969 0.844632
vt 0.766969 0.843865
vt 0.766969 0.843865
vt 0.766969 0.843865
vt 0.978911 0.108582
vt 0.978827 0.108306
vt 0.978897 0.108311
vt 0.978911 0.108582
vt 0.978619 0.108068
vt 0.978994 0.108110
vt 0.854253 0.157149
vt 0.854443 0.157128
vt 0.854349 0.157350
vt 0.854288 0.157357
vt 0.854627 0.157107
vt 0.854420 0.157345
vt 0.854335 0.157620
vt 0.978958 0.108318
vt 0.766969 0.867272
vt 0.766969 0.868039
vt 0.231369 0.912158
vt 0.231226 0.911907
vt 0.231296 0.911897
vt 0.231369 0.912158
vt 0.230971 0.911721
vt 0.231346 0.911680
vt 0.172184 0.911680
vt 0.172374 0.911701
vt 0.172234 0.911897
vt 0.172173 0.911890
vt 0.172559 0.911721
vt 0.172304 0.911907
vt 0.172161 0.912158
vt 0.231357 0.911890
vt 0.207961 0.911721
vt 0.208146 0.911701
vt 0.208286 0.911897
vt 0.208216 0.911907
vt 0.208336 0.911680
vt 0.208346 0.911890
vt 0.241605 0.909929
vt 0.241340 0.910181
vt 0.241204 0.910203
vt 0.241214 0.909998
vt 0.241191 0.910464
vt 0.241191 0.910464
vt 0.778290 0.855952
vt 0.779056 0.855952
vt 0.779056 0.855952
vt 0.208359 0.912158
vt 0.208359 0.912158
vt 0.427729 0.849013
vt 0.427914 0.848531
vt 0.428101 0.848712
vt 0.428005 0.849026
vt 0.428180 0.847992
vt 0.428295 0.848391
vt 0.428407 0.847553
vt 0.428510 0.848036
vt 0.428626 0.848626
vt 0.428399 0.848751
vt 0.428679 0.849140
vt 0.428410 0.849080
vt 0.430284 0.846445
vt 0.430133 0.846097
vt 0.430260 0.845827
vt 0.430399 0.846107
vt 0.429899 0.845698
vt 0.430086 0.845540
vt 0.429697 0.845385
vt 0.430203 0.845243
vt 0.409852 0.844853
vt 0.410068 0.844983
vt 0.409879 0.845183
vt 0.409726 0.845122
vt 0.410304 0.845124
vt 0.410027 0.845374
vt 0.410495 0.845713
vt 0.425751 0.845734
vt 0.411256 0.849140
vt 0.410986 0.849080
vt 0.410976 0.848751
vt 0.411203 0.848626
vt 0.410581 0.849026
vt 0.410678 0.848712
vt 0.410306 0.849013
vt 0.410491 0.848531
vt 0.410757 0.847992
vt 0.410872 0.848391
vt 0.410983 0.847553
vt 0.411087 0.848036
vt 0.412861 0.846445
vt 0.412710 0.846098
vt 0.412837 0.845827
vt 0.412976 0.846107
vt 0.412475 0.845698
vt 0.412662 0.845540
vt 0.412274 0.845386
vt 0.412780 0.845243
vt 0.375006 0.844859
vt 0.375221 0.844989
vt 0.375033 0.845190
vt 0.374879 0.845129
vt 0.375457 0.845130
vt 0.375181 0.845381
vt 0.376320 0.845720
vt 0.404517 0.845736
vt 0.375458 0.849025
vt 0.375644 0.848544
vt 0.375830 0.848724
vt 0.375734 0.849039
vt 0.375910 0.848004
vt 0.376025 0.848403
vt 0.376136 0.847564
vt 0.376240 0.848047
vt 0.376356 0.848638
vt 0.376128 0.848764
vt 0.376409 0.849152
vt 0.376139 0.849093
vt 0.376693 0.843374
vt 0.376457 0.843232
vt 0.376744 0.842990
vt 0.376958 0.843299
vt 0.376241 0.843103
vt 0.376446 0.842812
vt 0.411539 0.843372
vt 0.411303 0.843230
vt 0.411924 0.842894
vt 0.412046 0.843229
vt 0.411087 0.843101
vt 0.411367 0.842855
vt 0.428962 0.843371
vt 0.428510 0.843101
vt 0.429013 0.842988
vt 0.429469 0.843229
vt 0.394622 0.843229
vt 0.394381 0.843297
vt 0.393869 0.842810
vt 0.394417 0.842918
vt 0.394116 0.843372
vt 0.393664 0.843102
vt 0.377200 0.843231
vt 0.377078 0.842895
vt 0.376771 0.842785
vt 0.392880 0.845124
vt 0.392604 0.845374
vt 0.392453 0.845183
vt 0.392429 0.844853
vt 0.391729 0.845713
vt 0.381103 0.845739
vt 0.378014 0.846452
vt 0.377863 0.846105
vt 0.377990 0.845834
vt 0.378130 0.846113
vt 0.377629 0.845705
vt 0.377816 0.845547
vt 0.377427 0.845392
vt 0.377692 0.845317
vt 0.377934 0.845249
vt 0.377961 0.845505
vt 0.392218 0.845149
vt 0.392882 0.849013
vt 0.393068 0.848531
vt 0.393254 0.848712
vt 0.393158 0.849026
vt 0.393334 0.847992
vt 0.393449 0.848391
vt 0.393560 0.847553
vt 0.393664 0.848036
vt 0.393779 0.848626
vt 0.393552 0.848751
vt 0.393833 0.849140
vt 0.393563 0.849080
vt 0.395437 0.846445
vt 0.395286 0.846097
vt 0.395414 0.845827
vt 0.395553 0.846107
vt 0.395052 0.845698
vt 0.395239 0.845540
vt 0.394850 0.845386
vt 0.395115 0.845311
vt 0.395357 0.845243
vt 0.395384 0.845499
vt 0.427727 0.845124
vt 0.427450 0.845374
vt 0.427300 0.845183
vt 0.427275 0.844853
vt 0.425903 0.845713
vt 0.402337 0.845734
vt 0.427065 0.845149
vt 0.743386 0.840803
vt 0.743118 0.840303
vt 0.743474 0.840333
vt 0.743613 0.840576
vt 0.975389 0.110061
vt 0.975202 0.110336
vt 0.975136 0.110142
vt 0.975247 0.110021
vt 0.975001 0.110629
vt 0.975019 0.110274
vt 0.974979 0.109882
vt 0.975105 0.109948
vt 0.744040 0.840148
vt 0.743880 0.840309
vt 0.743603 0.840201
vt 0.743489 0.839933
vt 0.025770 0.948437
vt 0.025702 0.948560
vt 0.025644 0.948360
vt 0.967334 0.110151
vt 0.967248 0.109839
vt 0.967359 0.109660
vt 0.967417 0.109804
vt 0.967147 0.109546
vt 0.967311 0.109556
vt 0.751820 0.832368
vt 0.751593 0.832595
vt 0.751157 0.832264
vt 0.751320 0.832101
vt 0.751326 0.832862
vt 0.751027 0.832394
vt 0.751166 0.833023
vt 0.751130 0.832651
vt 0.967537 0.109427
vt 0.967446 0.109528
vt 0.728610 0.850443
vt 0.728207 0.850400
vt 0.728207 0.850210
vt 0.728613 0.850070
vt 0.747447 0.835975
vt 0.747652 0.836135
vt 0.747541 0.836263
vt 0.747288 0.836134
vt 0.747874 0.836314
vt 0.747741 0.836447
vt 0.747465 0.836724
vt 0.747296 0.836508
vt 0.747332 0.836857
vt 0.746981 0.836463
vt 0.746992 0.836429
vt 0.782773 0.878881
vt 0.782989 0.879432
vt 0.782720 0.879318
vt 0.782613 0.879042
vt 0.937553 0.158987
vt 0.937513 0.159377
vt 0.937420 0.159243
vt 0.937454 0.159050
vt 0.937531 0.159728
vt 0.937362 0.159433
vt 0.937183 0.159157
vt 0.937329 0.159120
vt 0.782118 0.879535
vt 0.782345 0.879309
vt 0.782589 0.879447
vt 0.782618 0.879802
vt 0.789899 0.871755
vt 0.790059 0.871595
vt 0.790335 0.871702
vt 0.790267 0.871788
vt 0.790326 0.871328
vt 0.790465 0.871571
vt 0.790553 0.871101
vt 0.790788 0.871567
vt 0.790681 0.871739
vt 0.790587 0.871834
vt 0.730683 0.837418
vt 0.731084 0.836971
vt 0.731121 0.837001
vt 0.731198 0.837064
vt 0.790553 0.871868
vt 0.786607 0.875047
vt 0.786790 0.875273
vt 0.786659 0.875380
vt 0.786474 0.875180
vt 0.941607 0.153793
vt 0.941467 0.153921
vt 0.941301 0.153790
vt 0.941342 0.153686
vt 0.941366 0.154073
vt 0.941192 0.153945
vt 0.941035 0.153844
vt 0.941186 0.153700
vt 0.786065 0.875589
vt 0.786198 0.875456
vt 0.786419 0.875620
vt 0.786469 0.875951
vt 0.786765 0.875506
vt 0.782118 0.832368
vt 0.782584 0.832134
vt 0.782589 0.832457
vt 0.782345 0.832595
vt 0.782757 0.832240
vt 0.782758 0.832392
vt 0.406602 0.884719
vt 0.407003 0.884272
vt 0.406987 0.884391
vt 0.407117 0.884365
vt 0.782885 0.832368
vt 0.782805 0.832655
vt 0.782720 0.832586
vt 0.782773 0.833023
vt 0.782613 0.832862
vt 0.865932 0.158567
vt 0.865888 0.158701
vt 0.865794 0.158515
vt 0.420525 0.883386
vt 0.421117 0.883303
vt 0.421117 0.883389
vt 0.421117 0.883430
vt 0.790681 0.840163
vt 0.790635 0.840488
vt 0.790464 0.840332
vt 0.790587 0.840070
vt 0.790553 0.840803
vt 0.790326 0.840576
vt 0.790059 0.840309
vt 0.790335 0.840201
vt 0.789899 0.840148
vt 0.790439 0.839943
vt 0.790553 0.840036
vt 0.862080 0.154023
vt 0.861906 0.153895
vt 0.862015 0.153740
vt 0.862181 0.153871
vt 0.861749 0.153793
vt 0.861868 0.153618
vt 0.786607 0.836856
vt 0.786474 0.836723
vt 0.786850 0.836333
vt 0.786969 0.836452
vt 0.786198 0.836447
vt 0.786589 0.836071
vt 0.786065 0.836314
vt 0.786290 0.836132
vt 0.862321 0.153744
vt 0.862167 0.153592
vt 0.751166 0.878881
vt 0.751326 0.879042
vt 0.751027 0.879509
vt 0.750950 0.879432
vt 0.751593 0.879309
vt 0.751158 0.879640
vt 0.751820 0.879536
vt 0.751321 0.879803
vt 0.896066 0.159158
vt 0.895887 0.159436
vt 0.895850 0.159248
vt 0.895916 0.159150
vt 0.895715 0.159734
vt 0.895733 0.159379
vt 0.895693 0.158987
vt 0.895770 0.159101
vt 0.888048 0.159219
vt 0.887962 0.158907
vt 0.888073 0.158728
vt 0.888131 0.158873
vt 0.887861 0.158613
vt 0.888025 0.158623
vt 0.743386 0.871101
vt 0.743613 0.871328
vt 0.743282 0.871764
vt 0.743119 0.871601
vt 0.743880 0.871595
vt 0.743412 0.871894
vt 0.744040 0.871755
vt 0.743669 0.871791
vt 0.888251 0.158495
vt 0.888160 0.158596
vt 0.747332 0.875047
vt 0.747465 0.875180
vt 0.747280 0.875380
vt 0.747152 0.875269
vt 0.747741 0.875456
vt 0.747526 0.875625
vt 0.747874 0.875589
vt 0.747481 0.875940
vt 0.747447 0.875929
vt 0.747151 0.875633
vt 0.728610 0.870293
vt 0.728207 0.870249
vt 0.728207 0.870060
vt 0.728613 0.869920
vt 0.746992 0.875474
vt 0.774749 0.855297
vt 0.774910 0.855458
vt 0.774561 0.855592
vt 0.774190 0.855505
vt 0.775177 0.855725
vt 0.774896 0.855952
vt 0.775404 0.855952
vt 0.775177 0.856179
vt 0.774910 0.856446
vt 0.774419 0.856170
vt 0.774750 0.856606
vt 0.774191 0.856398
vt 0.390537 0.866913
vt 0.390568 0.866446
vt 0.390841 0.866709
vt 0.390719 0.867276
vt 0.390647 0.866005
vt 0.390902 0.866011
vt 0.391306 0.866065
vt 0.391154 0.866741
vt 0.391553 0.866126
vt 0.391514 0.866572
vt 0.391422 0.867030
vt 0.391163 0.867246
vt 0.391039 0.867503
vt 0.767624 0.863732
vt 0.767463 0.863892
vt 0.767330 0.863543
vt 0.767416 0.863173
vt 0.767196 0.864159
vt 0.766969 0.863878
vt 0.766969 0.864386
vt 0.766742 0.864159
vt 0.766475 0.863892
vt 0.766751 0.863401
vt 0.766315 0.863732
vt 0.766523 0.863173
vt 0.373112 0.866940
vt 0.373143 0.866473
vt 0.373416 0.866736
vt 0.373294 0.867304
vt 0.373222 0.866031
vt 0.373477 0.866038
vt 0.373881 0.866092
vt 0.373728 0.866768
vt 0.374128 0.866152
vt 0.374089 0.866599
vt 0.373997 0.867057
vt 0.373737 0.867275
vt 0.373614 0.867533
vt 0.408070 0.866005
vt 0.408325 0.866011
vt 0.408295 0.866703
vt 0.407991 0.866446
vt 0.408729 0.866065
vt 0.408605 0.866754
vt 0.408976 0.866126
vt 0.408938 0.866572
vt 0.408846 0.867030
vt 0.408575 0.867334
vt 0.759189 0.856606
vt 0.759029 0.856446
vt 0.759520 0.856170
vt 0.759748 0.856398
vt 0.758762 0.856179
vt 0.759043 0.855952
vt 0.758535 0.855952
vt 0.758762 0.855725
vt 0.759029 0.855458
vt 0.759378 0.855591
vt 0.759189 0.855297
vt 0.759748 0.855505
vt 0.407960 0.866913
vt 0.408154 0.867189
vt 0.408207 0.867469
vt 0.425494 0.866005
vt 0.425748 0.866011
vt 0.425719 0.866703
vt 0.425414 0.866446
vt 0.426152 0.866065
vt 0.426028 0.866754
vt 0.426400 0.866126
vt 0.426361 0.866572
vt 0.426269 0.867030
vt 0.425998 0.867334
vt 0.766315 0.848172
vt 0.766475 0.848011
vt 0.766751 0.848502
vt 0.766523 0.848731
vt 0.766743 0.847744
vt 0.766969 0.848025
vt 0.766969 0.847517
vt 0.767196 0.847744
vt 0.767464 0.848011
vt 0.767330 0.848360
vt 0.767624 0.848172
vt 0.767416 0.848731
vt 0.425383 0.866913
vt 0.425578 0.867189
vt 0.425630 0.867469
vt 0.771458 0.859898
vt 0.771325 0.860031
vt 0.771035 0.859934
vt 0.770905 0.859684
vt 0.771048 0.860307
vt 0.770947 0.860023
vt 0.770916 0.860440
vt 0.770701 0.859888
vt 0.387689 0.861631
vt 0.387859 0.861206
vt 0.387840 0.861421
vt 0.387707 0.861613
vt 0.388033 0.860794
vt 0.387952 0.861226
vt 0.387918 0.861682
vt 0.387809 0.861636
vt 0.770916 0.859814
vt 0.763023 0.860440
vt 0.762890 0.860307
vt 0.762992 0.860023
vt 0.763237 0.859887
vt 0.762614 0.860031
vt 0.762903 0.859934
vt 0.762481 0.859898
vt 0.763034 0.859684
vt 0.370266 0.861643
vt 0.370436 0.861218
vt 0.370416 0.861433
vt 0.370283 0.861626
vt 0.370610 0.860806
vt 0.370529 0.861239
vt 0.370494 0.861695
vt 0.370386 0.861649
vt 0.763022 0.859814
vt 0.762481 0.852006
vt 0.762614 0.851873
vt 0.762898 0.851974
vt 0.763034 0.852220
vt 0.762890 0.851596
vt 0.762987 0.851886
vt 0.763023 0.851463
vt 0.763237 0.852016
vt 0.405112 0.861631
vt 0.405282 0.861206
vt 0.405263 0.861421
vt 0.405130 0.861613
vt 0.405456 0.860794
vt 0.405375 0.861226
vt 0.405341 0.861682
vt 0.405232 0.861636
vt 0.763107 0.852005
vt 0.771458 0.852006
vt 0.770905 0.852220
vt 0.771041 0.851975
vt 0.771325 0.851873
vt 0.422535 0.861631
vt 0.422706 0.861206
vt 0.422686 0.861421
vt 0.422553 0.861613
vt 0.422879 0.860794
vt 0.422798 0.861226
vt 0.422764 0.861682
vt 0.422655 0.861636
vt 0.770916 0.851463
vt 0.771049 0.851596
vt 0.770947 0.851880
vt 0.770701 0.852016
vt 0.395433 0.862649
vt 0.395460 0.862433
vt 0.395538 0.862654
vt 0.302843 0.926630
vt 0.302876 0.927156
vt 0.302635 0.927167
vt 0.302394 0.926525
vt 0.893287 0.088690
vt 0.893190 0.088859
vt 0.893024 0.088809
vt 0.893103 0.088674
vt 0.893047 0.089201
vt 0.892895 0.089125
vt 0.892747 0.089040
vt 0.892888 0.088729
vt 0.033728 0.879370
vt 0.033643 0.878829
vt 0.033972 0.878937
vt 0.034052 0.879270
vt 0.360182 0.927085
vt 0.360135 0.926909
vt 0.360407 0.926865
vt 0.360597 0.927160
vt 0.360116 0.926558
vt 0.360377 0.926490
vt 0.360560 0.926432
vt 0.360756 0.926998
vt 0.893042 0.088416
vt 0.028483 0.877737
vt 0.028501 0.878281
vt 0.028120 0.878233
vt 0.028507 0.878462
vt 0.028520 0.878825
vt 0.898266 0.089666
vt 0.898385 0.089134
vt 0.898768 0.089160
vt 0.898425 0.088957
vt 0.898768 0.089160
vt 0.898504 0.088603
vt 0.849454 0.090041
vt 0.849414 0.089505
vt 0.849810 0.089481
vt 0.849418 0.089326
vt 0.849424 0.089440
vt 0.849401 0.088968
vt 0.934742 0.088604
vt 0.934846 0.089135
vt 0.934478 0.089160
vt 0.934901 0.089311
vt 0.934981 0.089666
vt 0.940200 0.089201
vt 0.940057 0.088859
vt 0.940222 0.088809
vt 0.940352 0.089125
vt 0.939960 0.088690
vt 0.940143 0.088674
vt 0.326123 0.926630
vt 0.326573 0.926525
vt 0.326332 0.927167
vt 0.326091 0.927156
vt 0.842248 0.089187
vt 0.842434 0.089237
vt 0.842422 0.089613
vt 0.842079 0.089762
vt 0.842698 0.089293
vt 0.842696 0.089644
vt 0.842657 0.089822
vt 0.842246 0.089917
vt 0.157000 0.842790
vt 0.156701 0.842631
vt 0.156842 0.842319
vt 0.157184 0.842274
vt 0.940500 0.089040
vt 0.940359 0.088728
vt 0.940204 0.088416
vt 0.292121 0.926630
vt 0.292386 0.926574
vt 0.292398 0.926950
vt 0.292124 0.926981
vt 0.292571 0.926525
vt 0.292571 0.926902
vt 0.336870 0.926558
vt 0.336878 0.927085
vt 0.336408 0.926809
vt 0.336426 0.926432
vt 0.972573 0.039674
vt 0.972476 0.039844
vt 0.972310 0.039795
vt 0.972304 0.039370
vt 0.972333 0.040186
vt 0.972033 0.040028
vt 0.861214 0.089066
vt 0.861066 0.089150
vt 0.860914 0.088694
vt 0.861051 0.088787
vt 0.860914 0.089225
vt 0.860730 0.088709
vt 0.292163 0.927159
vt 0.292404 0.927171
vt 0.292656 0.927260
vt 0.977552 0.040618
vt 0.977671 0.040087
vt 0.978054 0.040111
vt 0.977711 0.039910
vt 0.978054 0.040111
vt 0.977790 0.039556
vt 0.855456 0.088595
vt 0.855560 0.089127
vt 0.855192 0.089149
vt 0.855615 0.089303
vt 0.855192 0.089149
vt 0.855695 0.089657
vt 0.928740 0.090080
vt 0.928700 0.089543
vt 0.929096 0.089517
vt 0.928704 0.089364
vt 0.928710 0.089478
vt 0.928687 0.089005
vt 0.904560 0.089005
vt 0.904518 0.089542
vt 0.904150 0.089517
vt 0.904525 0.089722
vt 0.904150 0.089517
vt 0.904507 0.090080
vt 0.686091 0.833249
vt 0.685754 0.833288
vt 0.685694 0.832951
vt 0.685950 0.832719
vt 0.270258 0.843427
vt 0.270096 0.843476
vt 0.270039 0.843139
vt 0.270189 0.843091
vt 0.269931 0.843516
vt 0.269865 0.842972
vt 0.911304 0.089885
vt 0.911265 0.089706
vt 0.911539 0.089676
vt 0.911543 0.090030
vt 0.911262 0.089354
vt 0.911527 0.089300
vt 0.911712 0.089250
vt 0.911793 0.089635
vt 0.921984 0.089354
vt 0.921982 0.089706
vt 0.921708 0.089676
vt 0.921534 0.089251
vt 0.921943 0.089885
vt 0.921532 0.089981
vt 0.269983 0.842774
vt 0.270107 0.842753
vt 0.005437 0.842798
vt 0.004911 0.842445
vt 0.005200 0.842344
vt 0.005485 0.842258
vt 0.983487 0.314539
vt 0.983226 0.314144
vt 0.983440 0.314250
vt 0.983563 0.314432
vt 0.982940 0.313801
vt 0.983334 0.314065
vt 0.983787 0.314342
vt 0.983664 0.314342
vt 0.492807 0.842791
vt 0.492537 0.842808
vt 0.492289 0.842539
vt 0.492412 0.842248
vt 0.492255 0.842822
vt 0.492188 0.842537
vt 0.005441 0.991118
vt 0.005481 0.991659
vt 0.004911 0.991561
vt 0.004911 0.991453
vt 0.830707 0.874880
vt 0.830428 0.874868
vt 0.830665 0.874310
vt 0.830831 0.874310
vt 0.830158 0.874852
vt 0.830543 0.874310
vt 0.984819 0.463721
vt 0.984377 0.463998
vt 0.984480 0.463812
vt 0.984696 0.463721
vt 0.983993 0.464262
vt 0.984272 0.463918
vt 0.984529 0.463523
vt 0.984530 0.463631
vt 0.914037 0.838787
vt 0.913991 0.838523
vt 0.914563 0.838328
vt 0.914563 0.838434
vt 0.913935 0.838248
vt 0.914523 0.838239
vt 0.510141 0.852418
vt 0.509747 0.852960
vt 0.509624 0.852960
vt 0.509604 0.852333
vt 0.849460 0.363380
vt 0.849913 0.363104
vt 0.849806 0.363289
vt 0.849583 0.363380
vt 0.850307 0.362839
vt 0.850020 0.363182
vt 0.849760 0.363577
vt 0.849761 0.363471
vt 0.914033 0.987106
vt 0.914563 0.987442
vt 0.914274 0.987553
vt 0.913991 0.987373
vt 0.848717 0.512562
vt 0.848975 0.512957
vt 0.848766 0.512850
vt 0.848650 0.512669
vt 0.849254 0.513301
vt 0.848870 0.513037
vt 0.848428 0.512760
vt 0.848550 0.512759
vt 0.544684 0.872952
vt 0.545222 0.872878
vt 0.545190 0.873204
vt 0.545068 0.873495
vt 0.913947 0.987649
vt 0.914249 0.987644
vt 0.803111 0.830708
vt 0.802585 0.830356
vt 0.802874 0.830253
vt 0.803159 0.830168
vt 0.904201 0.363610
vt 0.903940 0.363216
vt 0.904154 0.363322
vt 0.904277 0.363504
vt 0.903654 0.362873
vt 0.904048 0.363137
vt 0.904501 0.363414
vt 0.904378 0.363414
vt 0.446923 0.852418
vt 0.447192 0.852401
vt 0.447441 0.852670
vt 0.447317 0.852960
vt 0.447474 0.852386
vt 0.447541 0.852672
vt 0.803115 0.979068
vt 0.803155 0.979610
vt 0.802874 0.979606
vt 0.802585 0.979404
vt 0.480074 0.863353
vt 0.479795 0.863340
vt 0.480032 0.863073
vt 0.480135 0.863072
vt 0.479525 0.863325
vt 0.479910 0.862783
vt 0.905533 0.512747
vt 0.905091 0.513023
vt 0.905195 0.512838
vt 0.905410 0.512746
vt 0.904706 0.513288
vt 0.904986 0.512944
vt 0.905243 0.512549
vt 0.905308 0.512747
vt 0.480248 0.862922
vt 0.872969 0.838787
vt 0.872921 0.838246
vt 0.873205 0.838242
vt 0.873495 0.838434
vt 0.534148 0.842822
vt 0.533867 0.842808
vt 0.534115 0.842539
vt 0.534220 0.842538
vt 0.533597 0.842791
vt 0.533992 0.842249
vt 0.928746 0.363414
vt 0.929199 0.363137
vt 0.929092 0.363322
vt 0.928869 0.363414
vt 0.929593 0.362873
vt 0.929306 0.363216
vt 0.929046 0.363610
vt 0.928974 0.363414
vt 0.534338 0.842388
vt 0.872965 0.987147
vt 0.873495 0.987483
vt 0.873205 0.987594
vt 0.872925 0.987689
vt 0.928003 0.512549
vt 0.928261 0.512944
vt 0.928052 0.512838
vt 0.927936 0.512656
vt 0.928540 0.513288
vt 0.928155 0.513023
vt 0.927714 0.512747
vt 0.927836 0.512746
vt 0.495815 0.872952
vt 0.496084 0.872937
vt 0.496322 0.873204
vt 0.496200 0.873495
vt 0.496364 0.872925
vt 0.496422 0.873206
vt 0.893499 0.987147
vt 0.894029 0.987483
vt 0.893740 0.987594
vt 0.893459 0.987689
vt 0.967646 0.912527
vt 0.967904 0.912922
vt 0.967695 0.912816
vt 0.967579 0.912634
vt 0.968183 0.913266
vt 0.967798 0.913002
vt 0.967357 0.912725
vt 0.967479 0.912725
vt 0.388509 0.877988
vt 0.388239 0.878004
vt 0.388002 0.877736
vt 0.388124 0.877446
vt 0.387960 0.878016
vt 0.387902 0.877734
vt 0.893503 0.838787
vt 0.893455 0.838246
vt 0.893739 0.838242
vt 0.894029 0.838434
vt 0.447474 0.863357
vt 0.447192 0.863342
vt 0.447441 0.863074
vt 0.447546 0.863072
vt 0.446923 0.863325
vt 0.447317 0.862783
vt 0.968389 0.763346
vt 0.968842 0.763069
vt 0.968735 0.763255
vt 0.968512 0.763346
vt 0.969236 0.762805
vt 0.968949 0.763148
vt 0.968689 0.763543
vt 0.968617 0.763346
vt 0.447664 0.862922
vt 0.925966 0.872304
vt 0.926007 0.872571
vt 0.925725 0.872751
vt 0.925436 0.872640
vt 0.926052 0.872846
vt 0.925748 0.872842
vt 0.506982 0.872952
vt 0.506597 0.873494
vt 0.506377 0.873183
vt 0.506443 0.872878
vt 0.590392 0.953685
vt 0.589950 0.953962
vt 0.590054 0.953776
vt 0.590172 0.953685
vt 0.589566 0.954227
vt 0.589845 0.953882
vt 0.590103 0.953487
vt 0.590170 0.953595
vt 0.925557 0.872930
vt 0.925962 0.723944
vt 0.925436 0.723592
vt 0.925725 0.723490
vt 0.926008 0.723680
vt 0.589060 0.804503
vt 0.588799 0.804108
vt 0.589013 0.804215
vt 0.589136 0.804396
vt 0.588513 0.803765
vt 0.588907 0.804029
vt 0.589360 0.804306
vt 0.589237 0.804306
vt 0.550932 0.852418
vt 0.551470 0.852333
vt 0.551450 0.852669
vt 0.551327 0.852960
vt 0.926063 0.723404
vt 0.925750 0.723400
vt 0.842778 0.987147
vt 0.842818 0.987689
vt 0.842538 0.987685
vt 0.842248 0.987483
vt 0.522723 0.872925
vt 0.523002 0.872937
vt 0.522765 0.873204
vt 0.522662 0.873205
vt 0.523272 0.872952
vt 0.522887 0.873495
vt 0.669678 0.953685
vt 0.669236 0.953962
vt 0.669340 0.953776
vt 0.669556 0.953685
vt 0.668852 0.954227
vt 0.669131 0.953882
vt 0.669389 0.953487
vt 0.669453 0.953685
vt 0.522549 0.873355
vt 0.842774 0.838787
vt 0.842249 0.838434
vt 0.842538 0.838332
vt 0.842821 0.838522
vt 0.668346 0.804503
vt 0.668085 0.804108
vt 0.668299 0.804215
vt 0.668422 0.804397
vt 0.667799 0.803765
vt 0.668193 0.804029
vt 0.668646 0.804306
vt 0.668523 0.804307
vt 0.458137 0.842791
vt 0.457599 0.842876
vt 0.457619 0.842539
vt 0.457742 0.842248
vt 0.842876 0.838247
vt 0.842563 0.838243
vt 0.935618 0.712895
vt 0.936148 0.713231
vt 0.935858 0.713342
vt 0.935578 0.713437
vt 0.612862 0.953487
vt 0.613120 0.953882
vt 0.612911 0.953776
vt 0.612795 0.953595
vt 0.613399 0.954226
vt 0.613015 0.953962
vt 0.612573 0.953685
vt 0.612695 0.953685
vt 0.463236 0.872952
vt 0.463505 0.872937
vt 0.463743 0.873204
vt 0.463621 0.873495
vt 0.463785 0.872925
vt 0.463843 0.873206
vt 0.935622 0.564535
vt 0.935574 0.563994
vt 0.935858 0.563990
vt 0.936148 0.564183
vt 0.482144 0.842822
vt 0.481862 0.842808
vt 0.482110 0.842539
vt 0.482216 0.842538
vt 0.481593 0.842790
vt 0.481987 0.842248
vt 0.613605 0.804306
vt 0.614058 0.804029
vt 0.613952 0.804215
vt 0.613728 0.804307
vt 0.614452 0.803765
vt 0.614166 0.804108
vt 0.613905 0.804503
vt 0.613833 0.804306
vt 0.482334 0.842388
vt 0.015097 0.842960
vt 0.015111 0.842419
vt 0.015381 0.842424
vt 0.015623 0.842969
vt 0.494680 0.852448
vt 0.494957 0.852423
vt 0.495029 0.852680
vt 0.494748 0.852718
vt 0.495232 0.852418
vt 0.495294 0.852686
vt 0.495339 0.852960
vt 0.495060 0.852960
vt 0.102481 0.842790
vt 0.102190 0.842790
vt 0.102187 0.842248
vt 0.102466 0.842248
vt 0.101939 0.842790
vt 0.101876 0.842248
vt 0.828071 0.884480
vt 0.828345 0.884483
vt 0.828281 0.884740
vt 0.828017 0.884748
vt 0.828620 0.884504
vt 0.828561 0.884773
vt 0.015093 0.991256
vt 0.015623 0.991264
vt 0.015375 0.991802
vt 0.015105 0.991798
vt 0.102604 0.991087
vt 0.102858 0.991086
vt 0.102859 0.991628
vt 0.102552 0.991628
vt 0.103146 0.991086
vt 0.103135 0.991628
vt 0.827979 0.885022
vt 0.828255 0.885022
vt 0.512567 0.842791
vt 0.512026 0.842718
vt 0.512091 0.842461
vt 0.512629 0.842523
vt 0.904321 0.838409
vt 0.904365 0.838679
vt 0.904095 0.838695
vt 0.904063 0.838413
vt 0.904377 0.838949
vt 0.904096 0.838954
vt 0.903851 0.838959
vt 0.903851 0.838700
vt 0.091570 0.842790
vt 0.091584 0.842248
vt 0.092113 0.842532
vt 0.092112 0.842791
vt 0.512674 0.842248
vt 0.512146 0.842248
vt 0.904381 0.987245
vt 0.904368 0.987516
vt 0.904097 0.987509
vt 0.904098 0.987250
vt 0.904331 0.987787
vt 0.904073 0.987791
vt 0.542596 0.863325
vt 0.542542 0.862783
vt 0.543081 0.863004
vt 0.543137 0.863263
vt 0.090953 0.991628
vt 0.090916 0.991357
vt 0.091446 0.991346
vt 0.091492 0.991628
vt 0.090905 0.991087
vt 0.091447 0.991088
vt 0.903851 0.987254
vt 0.903851 0.987513
vt 0.812771 0.830858
vt 0.812785 0.830317
vt 0.813055 0.830321
vt 0.813297 0.830866
vt 0.445049 0.842761
vt 0.444772 0.842785
vt 0.444701 0.842529
vt 0.444981 0.842490
vt 0.444498 0.842791
vt 0.444435 0.842248
vt 0.117058 0.842248
vt 0.117103 0.842519
vt 0.116824 0.842531
vt 0.116792 0.842391
vt 0.117117 0.842789
vt 0.116827 0.842789
vt 0.116575 0.842789
vt 0.116512 0.842248
vt 0.444669 0.842389
vt 0.812767 0.979197
vt 0.813297 0.979204
vt 0.813297 0.979463
vt 0.812779 0.979738
vt 0.117240 0.991041
vt 0.117494 0.991041
vt 0.117495 0.991299
vt 0.117241 0.991300
vt 0.117782 0.991041
vt 0.117771 0.991581
vt 0.477346 0.873495
vt 0.477384 0.873221
vt 0.477648 0.873213
vt 0.477622 0.873353
vt 0.477438 0.872952
vt 0.477712 0.872956
vt 0.477987 0.872976
vt 0.477876 0.873495
vt 0.117469 0.991439
vt 0.863309 0.838937
vt 0.862782 0.838945
vt 0.862783 0.838686
vt 0.863295 0.838396
vt 0.136021 0.842789
vt 0.135769 0.842789
vt 0.135772 0.842531
vt 0.136022 0.842531
vt 0.135478 0.842789
vt 0.135493 0.842519
vt 0.135538 0.842248
vt 0.135804 0.842248
vt 0.531172 0.852418
vt 0.531446 0.852423
vt 0.531375 0.852960
vt 0.531110 0.852960
vt 0.531724 0.852448
vt 0.531593 0.852960
vt 0.863312 0.987276
vt 0.863301 0.987817
vt 0.863031 0.987821
vt 0.862782 0.987283
vt 0.494277 0.863301
vt 0.494001 0.863321
vt 0.493938 0.863064
vt 0.494218 0.863031
vt 0.493727 0.863325
vt 0.493673 0.862783
vt 0.134862 0.991581
vt 0.134824 0.991311
vt 0.135100 0.991299
vt 0.135127 0.991439
vt 0.134813 0.991041
vt 0.135101 0.991040
vt 0.135356 0.991041
vt 0.135407 0.991582
vt 0.493912 0.862924
vt 0.883847 0.987276
vt 0.883835 0.987817
vt 0.883565 0.987821
vt 0.883317 0.987283
vt 0.390047 0.887640
vt 0.390323 0.887620
vt 0.390386 0.887877
vt 0.390106 0.887909
vt 0.390597 0.887616
vt 0.390651 0.888158
vt 0.828017 0.705286
vt 0.827979 0.705015
vt 0.828255 0.705004
vt 0.828281 0.705144
vt 0.827968 0.704745
vt 0.828256 0.704745
vt 0.828510 0.704745
vt 0.828561 0.705286
vt 0.390412 0.888017
vt 0.883843 0.838937
vt 0.883317 0.838945
vt 0.883317 0.838686
vt 0.883829 0.838396
vt 0.829175 0.556448
vt 0.828924 0.556448
vt 0.828927 0.556189
vt 0.829176 0.556189
vt 0.828633 0.556448
vt 0.828648 0.556178
vt 0.828692 0.555907
vt 0.828958 0.555907
vt 0.444498 0.872952
vt 0.444772 0.872958
vt 0.444701 0.873495
vt 0.444435 0.873495
vt 0.445049 0.872982
vt 0.444919 0.873495
vt 0.935618 0.872433
vt 0.935900 0.872437
vt 0.935902 0.872696
vt 0.935631 0.872704
vt 0.936148 0.872441
vt 0.936148 0.872700
vt 0.947179 0.712824
vt 0.947168 0.713094
vt 0.946638 0.713084
vt 0.946637 0.712825
vt 0.947131 0.713365
vt 0.946592 0.713365
vt 0.509070 0.863325
vt 0.508529 0.863263
vt 0.508585 0.863004
vt 0.509124 0.862783
vt 0.935667 0.872975
vt 0.935926 0.872978
vt 0.935622 0.724094
vt 0.935634 0.723824
vt 0.935903 0.723840
vt 0.935903 0.724099
vt 0.935678 0.723554
vt 0.935936 0.723558
vt 0.548507 0.842791
vt 0.548444 0.842248
vt 0.548983 0.842460
vt 0.549048 0.842718
vt 0.946455 0.563985
vt 0.946500 0.564256
vt 0.945971 0.564269
vt 0.945916 0.563986
vt 0.946514 0.564527
vt 0.945972 0.564528
vt 0.936148 0.724103
vt 0.936148 0.723844
vt 0.852431 0.987276
vt 0.852960 0.987283
vt 0.852960 0.987542
vt 0.852442 0.987817
vt 0.946637 0.872025
vt 0.946892 0.872025
vt 0.946892 0.872284
vt 0.946638 0.872284
vt 0.947179 0.872025
vt 0.947168 0.872295
vt 0.947131 0.872566
vt 0.946866 0.872566
vt 0.525360 0.863325
vt 0.525085 0.863321
vt 0.525149 0.862783
vt 0.525413 0.862782
vt 0.524810 0.863301
vt 0.524921 0.862783
vt 0.852435 0.838937
vt 0.852447 0.838667
vt 0.852716 0.838683
vt 0.852960 0.838945
vt 0.852491 0.838396
vt 0.852748 0.838400
vt 0.460562 0.852418
vt 0.460625 0.852960
vt 0.460086 0.852748
vt 0.460021 0.852491
vt 0.946455 0.723187
vt 0.946500 0.723458
vt 0.946221 0.723469
vt 0.945916 0.723187
vt 0.946514 0.723728
vt 0.946224 0.723728
vt 0.945972 0.723728
vt 0.946047 0.723469
vt 0.852883 0.838686
vt 0.925966 0.713024
vt 0.925954 0.713565
vt 0.925684 0.713569
vt 0.925436 0.713031
vt 0.461698 0.863301
vt 0.461422 0.863321
vt 0.461359 0.863064
vt 0.461639 0.863031
vt 0.461148 0.863325
vt 0.461094 0.863056
vt 0.461056 0.862783
vt 0.461332 0.862783
vt 0.827968 0.863946
vt 0.828256 0.863946
vt 0.828255 0.864488
vt 0.827979 0.864488
vt 0.828510 0.863946
vt 0.828562 0.864488
vt 0.925962 0.564685
vt 0.925436 0.564693
vt 0.925436 0.564435
vt 0.925948 0.564144
vt 0.829175 0.715650
vt 0.828924 0.715649
vt 0.828926 0.715391
vt 0.829176 0.715391
vt 0.828633 0.715649
vt 0.828648 0.715108
vt 0.479060 0.852960
vt 0.479105 0.852686
vt 0.479370 0.852680
vt 0.479339 0.852820
vt 0.479167 0.852418
vt 0.479442 0.852423
vt 0.479719 0.852448
vt 0.479589 0.852960
vt 0.828958 0.715251
vt 0.646580 0.953685
vt 0.646037 0.953685
vt 0.872069 0.512760
vt 0.871798 0.512760
vt 0.871526 0.512760
vt 0.950812 0.363414
vt 0.951355 0.363414
vt 0.566751 0.804306
vt 0.567022 0.804306
vt 0.567294 0.804306
vt 0.556928 0.547015
vt 0.556928 0.546388
vt 0.847087 0.588379
vt 0.847469 0.588554
vt 0.753862 0.580476
vt 0.754050 0.580365
vt 0.754244 0.580300
vt 0.874816 0.588379
vt 0.875198 0.588554
vt 0.781591 0.580476
vt 0.781779 0.580365
vt 0.781973 0.580300
vt 0.902545 0.588379
vt 0.902927 0.588554
vt 0.698362 0.580486
vt 0.698551 0.580375
vt 0.698746 0.580310
vt 0.546387 0.004911
vt 0.547015 0.004911
vt 0.718287 0.580310
vt 0.718671 0.580486
vt 0.809321 0.580476
vt 0.809508 0.580365
vt 0.809702 0.580300
vt 0.196359 0.683971
vt 0.196520 0.684278
vt 0.196700 0.684681
vt 0.196851 0.684956
vt 0.245956 0.783164
vt 0.246072 0.783450
vt 0.246157 0.783837
vt 0.246188 0.784171
vt 0.221324 0.807795
vt 0.221610 0.807911
vt 0.221998 0.807996
vt 0.222331 0.808027
vt 0.591382 0.221325
vt 0.591266 0.221610
vt 0.591181 0.221998
vt 0.591149 0.222331
vt 0.616013 0.245956
vt 0.615727 0.246072
vt 0.615339 0.246157
vt 0.615006 0.246188
vt 0.640978 0.122131
vt 0.640817 0.122439
vt 0.640637 0.122842
vt 0.640486 0.123116
vt 0.831950 0.137987
vt 0.832126 0.137868
vt 0.832426 0.137765
vt 0.556928 0.143155
vt 0.556328 0.143171
vt 0.699351 0.005387
vt 0.699470 0.005211
vt 0.699572 0.004911
vt 0.424075 0.276009
vt 0.424091 0.275409
vt 0.649759 0.104569
vt 0.649921 0.104260
vt 0.650104 0.103856
vt 0.650258 0.103573
vt 0.137987 0.567226
vt 0.137868 0.567050
vt 0.137765 0.566751
vt 0.418685 0.556928
vt 0.418669 0.556328
vt 0.005387 0.699826
vt 0.005211 0.699707
vt 0.004911 0.699604
vt 0.285831 0.424075
vt 0.286431 0.424091
vt 0.187578 0.666409
vt 0.187416 0.666099
vt 0.187234 0.665695
vt 0.187080 0.665412
vt 0.640978 0.428865
vt 0.640817 0.428557
vt 0.640637 0.428154
vt 0.640486 0.427879
vt 0.591149 0.328664
vt 0.591181 0.328998
vt 0.591266 0.329385
vt 0.591382 0.329671
vt 0.521453 0.616013
vt 0.521570 0.615727
vt 0.521655 0.615339
vt 0.521686 0.615006
vt 0.496822 0.591382
vt 0.497108 0.591266
vt 0.497496 0.591181
vt 0.497829 0.591149
vt 0.471857 0.715206
vt 0.472018 0.714899
vt 0.472198 0.714496
vt 0.472349 0.714221
vt 0.616013 0.305040
vt 0.615727 0.304924
vt 0.615339 0.304839
vt 0.615006 0.304808
vt 0.413485 0.831950
vt 0.413306 0.832426
vt 0.137809 0.004911
vt 0.137781 0.005275
vt 0.137749 0.005511
vt 0.280885 0.699351
vt 0.280409 0.699529
vt 0.004911 0.137809
vt 0.005275 0.137781
vt 0.005511 0.137749
vt 0.463076 0.732768
vt 0.462914 0.733078
vt 0.462731 0.733481
vt 0.462578 0.733764
vt 0.143171 0.286431
vt 0.143155 0.285831
vt 0.699572 0.546084
vt 0.699469 0.545785
vt 0.699351 0.545609
vt 0.649759 0.446426
vt 0.649921 0.446736
vt 0.650104 0.447140
vt 0.650258 0.447423
vt 0.831951 0.413009
vt 0.832126 0.413128
vt 0.832426 0.413231
vt 0.276009 0.418685
vt 0.275409 0.418669
vt 0.732768 0.363418
vt 0.733078 0.363580
vt 0.733481 0.363762
vt 0.733764 0.363916
vt 0.732768 0.187578
vt 0.733078 0.187416
vt 0.733481 0.187234
vt 0.733764 0.187080
vt 0.715206 0.196359
vt 0.714899 0.196520
vt 0.714496 0.196700
vt 0.714221 0.196851
vt 0.715206 0.354637
vt 0.714899 0.354475
vt 0.714496 0.354295
vt 0.714221 0.354144
vt 0.104569 0.749417
vt 0.104260 0.749255
vt 0.103856 0.749073
vt 0.103573 0.748919
vt 0.380067 0.649759
vt 0.379757 0.649921
vt 0.379354 0.650104
vt 0.379071 0.650258
vt 0.397629 0.640978
vt 0.397936 0.640817
vt 0.398340 0.640637
vt 0.398614 0.640486
vt 0.122131 0.758198
vt 0.122439 0.758360
vt 0.122842 0.758540
vt 0.123116 0.758691
vt 0.015452 0.276009
vt 0.015348 0.276057
vt 0.014825 0.276009
vt 0.746870 0.811468
vt 0.004911 0.295745
vt 0.004911 0.296372
vt 0.961720 0.463721
vt 0.961449 0.463721
vt 0.961177 0.463721
vt 0.636214 0.953685
vt 0.635671 0.953685
vt 0.990606 0.504733
vt 0.990806 0.504543
vt 0.990998 0.504359
vt 0.596571 0.994324
vt 0.596379 0.994507
vt 0.596179 0.994698
vt 0.882434 0.512747
vt 0.881891 0.512747
vt 0.990998 0.912725
vt 0.990727 0.912725
vt 0.990455 0.912725
vt 0.911712 0.553529
vt 0.911382 0.553808
vt 0.675470 0.994702
vt 0.675857 0.994324
vt 0.292070 0.896198
vt 0.292397 0.896390
vt 0.337823 0.896639
vt 0.338348 0.896163
vt 0.358638 0.896163
vt 0.358974 0.896339
vt 0.302394 0.896699
vt 0.302895 0.896198
vt 0.971491 0.563766
vt 0.971816 0.563775
vt 0.972046 0.563866
vt 0.881891 0.162735
vt 0.882287 0.163042
vt 0.980684 0.114762
vt 0.980360 0.114771
vt 0.979987 0.114862
vt 0.031066 0.953459
vt 0.030585 0.953894
vt 0.961177 0.517441
vt 0.961310 0.516663
vt 0.961365 0.515788
vt 0.950960 0.163042
vt 0.951355 0.162735
vt 0.585702 0.604826
vt 0.585933 0.604735
vt 0.586257 0.604726
vt 0.146251 0.916602
vt 0.145845 0.916082
vt 0.842436 0.115822
vt 0.853260 0.163901
vt 0.852887 0.163809
vt 0.842381 0.116698
vt 0.852562 0.163800
vt 0.842248 0.117476
vt 0.901398 0.163895
vt 0.901074 0.163904
vt 0.900701 0.163995
vt 0.900409 0.164245
vt 0.931848 0.163895
vt 0.932173 0.163904
vt 0.932545 0.163995
vt 0.932838 0.164245
vt 0.719014 0.900180
vt 0.718385 0.899982
vt 0.921722 0.115931
vt 0.921667 0.116807
vt 0.921535 0.117585
vt 0.264234 0.917889
vt 0.264745 0.917470
vt 0.979699 0.115115
vt 0.853551 0.164153
vt 0.961573 0.113998
vt 0.961341 0.113746
vt 0.961177 0.113555
vt 0.617247 0.604688
vt 0.616708 0.604726
vt 0.871674 0.163036
vt 0.871906 0.162785
vt 0.872069 0.162594
vt 0.665005 0.604688
vt 0.665543 0.604726
vt 0.606394 0.558401
vt 0.606764 0.557571
vt 0.302930 0.847098
vt 0.307816 0.891287
vt 0.307326 0.891775
vt 0.302394 0.847160
vt 0.921535 0.009824
vt 0.921784 0.009795
vt 0.922071 0.009762
vt 0.321151 0.891287
vt 0.321640 0.891775
vt 0.847181 0.054438
vt 0.842248 0.009823
vt 0.842785 0.009761
vt 0.847670 0.053950
vt 0.354005 0.891952
vt 0.353493 0.891487
vt 0.340683 0.847118
vt 0.340394 0.847138
vt 0.340144 0.847155
vt 0.981361 0.035643
vt 0.426884 0.845993
vt 0.409460 0.845993
vt 0.374614 0.846000
vt 0.392037 0.845993
vt 0.395317 0.862665
vt 0.395402 0.862217
vt 0.395437 0.861778
vt 0.377893 0.862678
vt 0.377979 0.862229
vt 0.378014 0.861790
vt 0.412740 0.862665
vt 0.412826 0.862217
vt 0.412861 0.861778
vt 0.430163 0.862665
vt 0.430249 0.862216
vt 0.430284 0.861778
vt 0.756709 0.854126
vt 0.756937 0.853898
vt 0.757202 0.853632
vt 0.757363 0.853471
vt 0.971167 0.104984
vt 0.971340 0.104856
vt 0.971498 0.104754
vt 0.761197 0.849637
vt 0.761061 0.849773
vt 0.760790 0.850044
vt 0.760655 0.850180
vt 0.728604 0.857263
vt 0.728207 0.856821
vt 0.751054 0.832368
vt 0.765143 0.845691
vt 0.764915 0.845919
vt 0.764650 0.846184
vt 0.764489 0.846345
vt 0.777230 0.857778
vt 0.777002 0.858006
vt 0.776737 0.858271
vt 0.776576 0.858432
vt 0.772742 0.862266
vt 0.772877 0.862131
vt 0.773148 0.861860
vt 0.773284 0.861724
vt 0.768796 0.866213
vt 0.769024 0.865984
vt 0.769289 0.865719
vt 0.769450 0.865558
vt 0.786947 0.875474
vt 0.731084 0.830550
vt 0.730680 0.830594
vt 0.756709 0.857778
vt 0.756937 0.858006
vt 0.757202 0.858271
vt 0.757363 0.858432
vt 0.761197 0.862266
vt 0.761061 0.862131
vt 0.760790 0.861860
vt 0.760655 0.861724
vt 0.765143 0.866213
vt 0.764915 0.865985
vt 0.764650 0.865719
vt 0.764489 0.865558
vt 0.768795 0.845691
vt 0.769024 0.845919
vt 0.769289 0.846184
vt 0.769450 0.846346
vt 0.406600 0.877894
vt 0.407003 0.877851
vt 0.786492 0.835975
vt 0.773284 0.850179
vt 0.773148 0.850044
vt 0.772877 0.849773
vt 0.772742 0.849637
vt 0.858245 0.159662
vt 0.858227 0.159311
vt 0.858268 0.158921
vt 0.777230 0.854126
vt 0.777002 0.853898
vt 0.776737 0.853632
vt 0.776576 0.853471
vt 0.728604 0.877112
vt 0.728207 0.876670
vt 0.743386 0.871868
vt 0.891881 0.154073
vt 0.892054 0.153945
vt 0.892212 0.153844
vt 0.025932 0.948485
vt 0.025778 0.948758
vt 0.025635 0.949051
vt 0.945386 0.158612
vt 0.945286 0.158910
vt 0.945199 0.159225
vt 0.792763 0.842245
vt 0.421117 0.881217
vt 0.420530 0.880701
vt 0.866100 0.158584
vt 0.866000 0.158881
vt 0.865913 0.159196
vt 0.028520 0.878825
vt 0.028512 0.878282
vt 0.353418 0.927085
vt 0.353405 0.926906
vt 0.353406 0.926548
vt 0.898345 0.089312
vt 0.309572 0.926842
vt 0.309546 0.926305
vt 0.842750 0.058861
vt 0.842423 0.059053
vt 0.842248 0.059362
vt 0.162219 0.843222
vt 0.162328 0.842690
vt 0.849401 0.088968
vt 0.934981 0.089666
vt 0.934901 0.089311
vt 0.934862 0.089134
vt 0.319395 0.926842
vt 0.319421 0.926305
vt 0.977631 0.040264
vt 0.343582 0.927085
vt 0.343581 0.926548
vt 0.855695 0.089657
vt 0.855586 0.089125
vt 0.285406 0.926842
vt 0.285401 0.926663
vt 0.285419 0.926305
vt 0.922036 0.058870
vt 0.921534 0.059371
vt 0.911538 0.059062
vt 0.911211 0.058870
vt 0.264745 0.842793
vt 0.264755 0.842250
vt 0.904547 0.089543
vt 0.904542 0.089363
vt 0.690638 0.830651
vt 0.690426 0.830150
vt 0.928687 0.089005
vt 0.646580 0.804306
vt 0.646037 0.804306
vt 0.872069 0.363380
vt 0.871798 0.363380
vt 0.871526 0.363380
vt 0.950812 0.512747
vt 0.951355 0.512747
vt 0.566751 0.953685
vt 0.567022 0.953685
vt 0.567294 0.953685
vt 0.961720 0.314342
vt 0.961449 0.314342
vt 0.961177 0.314342
vt 0.636214 0.804306
vt 0.635671 0.804306
vt 0.882434 0.363414
vt 0.881891 0.363414
vt 0.990998 0.763346
vt 0.990727 0.763346
vt 0.990455 0.763346
vt 0.529067 0.872952
vt 0.529067 0.873495
vt 0.675857 0.953685
vt 0.675857 0.953956
vt 0.675857 0.954227
vt 0.675857 0.803765
vt 0.675857 0.804035
vt 0.675857 0.804306
vt 0.464954 0.842248
vt 0.464954 0.842791
vt 0.457441 0.872953
vt 0.457441 0.873495
vt 0.606394 0.953685
vt 0.606394 0.953956
vt 0.606394 0.954226
vt 0.606394 0.803765
vt 0.606394 0.804036
vt 0.606394 0.804306
vt 0.474776 0.842248
vt 0.474776 0.842791
vt 0.490020 0.872952
vt 0.490020 0.873495
vt 0.921534 0.512747
vt 0.921534 0.513017
vt 0.921535 0.513288
vt 0.921535 0.362873
vt 0.921534 0.363143
vt 0.921534 0.363414
vt 0.526780 0.842248
vt 0.526780 0.842791
vt 0.538889 0.872952
vt 0.538889 0.873495
vt 0.842248 0.512760
vt 0.842248 0.513030
vt 0.842248 0.513301
vt 0.842248 0.362839
vt 0.842248 0.363110
vt 0.842248 0.363380
vt 0.516958 0.852960
vt 0.516958 0.852418
vt 0.473731 0.863325
vt 0.473731 0.862783
vt 0.911712 0.512747
vt 0.911712 0.513017
vt 0.911712 0.513288
vt 0.911712 0.362873
vt 0.911712 0.363143
vt 0.911712 0.363414
vt 0.440106 0.852960
vt 0.440106 0.852418
vt 0.512777 0.872952
vt 0.512777 0.873495
vt 0.596571 0.953685
vt 0.596571 0.953956
vt 0.596571 0.954226
vt 0.596571 0.803765
vt 0.596571 0.804035
vt 0.596571 0.804306
vt 0.544115 0.852960
vt 0.544115 0.852418
vt 0.824363 0.874852
vt 0.824363 0.874310
vt 0.990998 0.463721
vt 0.990998 0.463991
vt 0.990998 0.464262
vt 0.990998 0.313800
vt 0.990998 0.314071
vt 0.990998 0.314342
vt 0.499623 0.842248
vt 0.499623 0.842791
vt 0.394304 0.877988
vt 0.394304 0.877446
vt 0.961177 0.912725
vt 0.961177 0.912996
vt 0.961177 0.913266
vt 0.961177 0.762805
vt 0.961177 0.763075
vt 0.961177 0.763346
vt 0.440106 0.862783
vt 0.440106 0.863325
vt 0.950784 0.872025
vt 0.950784 0.872296
vt 0.950784 0.872566
vt 0.529067 0.862783
vt 0.529067 0.863325
vt 0.464954 0.852418
vt 0.464954 0.852960
vt 0.950784 0.723187
vt 0.950784 0.723458
vt 0.950784 0.723728
vt 0.824363 0.863946
vt 0.824363 0.864488
vt 0.457441 0.862783
vt 0.457441 0.863054
vt 0.457441 0.863325
vt 0.474776 0.852418
vt 0.474776 0.852689
vt 0.474776 0.852960
vt 0.824363 0.715108
vt 0.824364 0.715649
vt 0.131209 0.991041
vt 0.131209 0.991311
vt 0.131209 0.991582
vt 0.490020 0.862783
vt 0.490020 0.863325
vt 0.526780 0.852418
vt 0.526780 0.852960
vt 0.131209 0.842248
vt 0.131209 0.842519
vt 0.131209 0.842789
vt 0.087300 0.991087
vt 0.087300 0.991357
vt 0.087300 0.991628
vt 0.538889 0.862783
vt 0.538889 0.863325
vt 0.516958 0.842791
vt 0.516958 0.842520
vt 0.516958 0.842248
vt 0.087300 0.842248
vt 0.087300 0.842790
vt 0.121387 0.991041
vt 0.121387 0.991582
vt 0.473731 0.873495
vt 0.473731 0.873224
vt 0.473731 0.872952
vt 0.440106 0.842791
vt 0.440106 0.842248
vt 0.121387 0.842248
vt 0.121387 0.842519
vt 0.121387 0.842789
vt 0.950784 0.712824
vt 0.950784 0.713094
vt 0.950784 0.713365
vt 0.512777 0.862783
vt 0.512777 0.863325
vt 0.544115 0.842791
vt 0.544115 0.842248
vt 0.950784 0.563986
vt 0.950784 0.564256
vt 0.950784 0.564527
vt 0.106750 0.991087
vt 0.106750 0.991628
vt 0.824363 0.885022
vt 0.824364 0.884751
vt 0.824363 0.884480
vt 0.499623 0.852418
vt 0.499623 0.852689
vt 0.499623 0.852960
vt 0.106750 0.842248
vt 0.106750 0.842790
vt 0.824363 0.704745
vt 0.824363 0.705015
vt 0.824363 0.705286
vt 0.394304 0.888158
vt 0.394304 0.887616
vt 0.440106 0.872952
vt 0.440106 0.873495
vt 0.824363 0.555907
vt 0.824363 0.556177
vt 0.824363 0.556448
vt 0.961177 0.948717
vt 0.990998 0.499713
vt 0.596571 0.989677
vt 0.842248 0.548752
vt 0.606394 0.989677
vt 0.675857 0.989677
vt 0.337849 0.896098
vt 0.847743 0.054486
vt 0.847789 0.054479
vt 0.847697 0.054485
vt 0.842248 0.058820
vt 0.321125 0.891822
vt 0.302394 0.896157
vt 0.921534 0.058829
vt 0.353492 0.892023
vt 0.307842 0.891822
vt 0.027244 0.842788
vt 0.027290 0.842790
vt 0.985457 0.005440
vt 0.985503 0.005447
vt 0.606394 0.604612
vt 0.675857 0.604612
vt 0.866415 0.162865
vt 0.895214 0.163405
vt 0.961177 0.563652
vt 0.990998 0.114647
vt 0.025445 0.952750
vt 0.945701 0.162896
vt 0.887546 0.162896
vt 0.969735 0.726001
vt 0.903154 0.326080
vt 0.891380 0.157741
vt 0.596571 0.604612
vt 0.842248 0.163686
vt 0.416825 0.883111
vt 0.416338 0.877837
vt 0.588013 0.766961
vt 0.930092 0.326080
vt 0.938033 0.163405
vt 0.941867 0.157741
vt 0.911712 0.163781
vt 0.921534 0.163781
vt 0.966832 0.113827
vt 0.982440 0.276997
vt 0.970666 0.108651
vt 0.974500 0.114299
vt 0.614952 0.766961
vt 0.850806 0.326036
vt 0.667299 0.766961
vt 0.858747 0.163338
vt 0.862581 0.157690
vt 0.675857 0.766961
vt 0.911712 0.326080
vt 0.990998 0.276997
vt 0.596571 0.766961
vt 0.961177 0.726001
vt 0.842248 0.326036
vt 0.921534 0.326080
vt 0.606394 0.766961
vt 0.731084 0.853196
vt 0.731084 0.860022
vt 0.728207 0.840172
vt 0.728207 0.833346
vt 0.404126 0.887473
vt 0.404126 0.880647
vt 0.731084 0.873045
vt 0.731084 0.879872
s 1
usemtl Textured
f 2/1/1 1/2/1 5/3/1 8/4/1
f 17/5/1 16/6/1 7/7/1 5/8/1
f 7/7/1 6/9/1 8/10/1 5/8/1
f 8/11/1 6/12/1 4/13/1 9/14/1
f 22/15/1 23/16/1 9/14/1 4/13/1
f 3/17/1 2/18/1 8/19/1 9/20/1
f 3/17/1 12/21/1 10/22/1 2/18/1
f 2/1/1 10/23/1 11/24/1 1/2/1
f 6/9/1 7/7/1 13/25/1 14/26/1
f 6/12/1 14/27/1 15/28/1 4/13/1
f 7/7/1 16/6/1 20/29/1 13/25/1
f 1/2/1 11/24/1 19/30/1 18/31/1
f 1/2/1 18/31/1 17/32/1 5/3/1
f 4/13/1 15/28/1 25/33/1 22/15/1
f 3/17/1 21/34/1 24/35/1 12/21/1
f 9/20/1 23/36/1 21/34/1 3/17/1
f 57/37/2 60/38/3 62/39/4 61/40/5
f 60/41/6 64/42/6 65/43/6 62/44/6
f 58/45/7 63/46/7 65/43/7 64/42/7
f 63/46/8 67/47/8 68/48/8 65/43/8
f 59/49/9 66/50/10 68/51/11 67/52/12
f 66/50/10 61/40/5 62/39/4 68/51/11
f 62/44/4 65/43/13 68/48/11
f 69/53/14 72/54/15 74/55/16 73/56/17
f 72/54/15 76/57/18 77/58/19 74/55/16
f 70/59/20 75/60/21 77/58/19 76/57/18
f 75/60/21 79/61/22 80/62/23 77/58/19
f 71/63/24 78/64/25 80/62/23 79/61/22
f 78/64/25 73/56/17 74/55/16 80/62/23
f 74/55/16 77/58/19 80/62/23
f 81/65/26 84/66/27 86/67/28 85/68/29
f 84/66/30 88/69/30 89/70/30 86/67/30
f 82/71/31 87/72/31 89/73/31 88/74/31
f 87/75/32 91/76/32 92/77/32 89/70/32
f 83/78/33 90/79/34 92/77/35 91/76/36
f 90/79/34 85/68/29 86/67/28 92/77/35
f 86/67/28 89/70/37 92/77/35
f 93/80/38 96/81/39 98/82/40 97/83/41
f 96/81/39 100/84/42 101/85/43 98/82/40
f 94/86/44 99/87/45 101/85/43 100/84/42
f 99/87/45 103/88/46 104/89/47 101/85/43
f 95/90/48 102/91/49 104/89/47 103/88/46
f 102/91/49 97/83/41 98/82/40 104/89/47
f 98/82/40 101/85/43 104/89/47
f 105/92/50 108/93/51 110/94/52 109/95/53
f 108/93/54 112/96/54 113/97/54 110/94/54
f 106/98/55 111/99/55 113/100/55 112/101/55
f 111/102/56 115/103/56 116/104/56 113/97/56
f 107/105/57 114/106/58 116/104/59 115/103/60
f 114/106/58 109/95/53 110/94/52 116/104/59
f 110/94/52 113/97/61 116/104/59
f 117/107/62 120/108/63 122/109/64 121/110/65
f 120/108/63 124/111/66 125/112/67 122/109/64
f 118/113/68 123/114/69 125/112/67 124/111/66
f 123/114/69 127/115/70 128/116/71 125/112/67
f 119/117/72 126/118/73 128/116/71 127/115/70
f 126/118/73 121/110/65 122/109/64 128/116/71
f 122/109/64 125/112/67 128/116/71
f 129/119/74 132/120/75 134/121/76 133/122/77
f 132/120/78 136/123/78 137/124/78 134/121/78
f 130/125/79 135/126/79 137/127/79 136/128/79
f 135/129/80 139/130/80 140/131/80 137/124/80
f 131/132/81 138/133/82 140/131/83 139/130/84
f 138/133/82 133/122/77 134/121/76 140/131/83
f 134/121/76 137/124/85 140/131/83
f 141/134/86 144/135/87 146/136/88 145/137/89
f 144/135/87 148/138/90 149/139/91 146/136/88
f 142/140/92 147/141/93 149/139/91 148/138/90
f 147/141/93 151/142/94 152/143/95 149/139/91
f 143/144/96 150/145/97 152/143/95 151/142/94
f 150/145/97 145/137/89 146/136/88 152/143/95
f 146/136/88 149/139/91 152/143/95
f 153/146/98 156/147/99 158/148/100 157/149/101
f 156/147/99 160/150/102 161/151/103 158/148/100
f 154/152/104 159/153/105 161/151/103 160/150/102
f 159/153/105 163/154/106 164/155/107 161/151/103
f 155/156/108 162/157/109 164/155/107 163/154/106
f 162/157/109 157/149/101 158/148/100 164/155/107
f 158/148/100 161/151/103 164/155/107
f 165/158/110 168/159/111 170/160/112 169/161/113
f 168/159/111 172/162/114 173/163/115 170/160/112
f 166/164/116 171/165/117 173/163/115 172/162/114
f 171/165/117 175/166/118 176/167/119 173/163/115
f 167/168/120 174/169/121 176/167/119 175/166/118
f 174/169/121 169/161/113 170/160/112 176/167/119
f 170/160/112 173/163/115 176/167/119
f 177/170/122 180/171/123 182/172/124 181/173/125
f 180/171/123 184/174/126 185/175/127 182/172/124
f 178/176/128 183/177/129 185/175/127 184/174/126
f 183/177/129 187/178/130 188/179/131 185/175/127
f 179/180/132 186/181/133 188/179/131 187/178/130
f 186/181/133 181/173/125 182/172/124 188/179/131
f 182/172/124 185/175/127 188/179/131
f 189/182/134 192/183/135 194/184/136 193/185/137
f 192/183/135 196/186/138 197/187/139 194/184/136
f 190/188/140 195/189/141 197/187/139 196/186/138
f 195/189/141 199/190/142 200/191/143 197/187/139
f 191/192/144 198/193/145 200/191/143 199/190/142
f 198/193/145 193/185/137 194/184/136 200/191/143
f 194/184/136 197/187/139 200/191/143
f 201/194/146 204/195/147 206/196/148 205/197/149
f 204/195/147 208/198/150 209/199/151 206/196/148
f 202/200/152 207/201/153 209/199/151 208/198/150
f 207/201/153 211/202/154 212/203/155 209/199/151
f 203/204/156 210/205/157 212/203/155 211/202/154
f 210/205/157 205/197/149 206/196/148 212/203/155
f 206/196/148 209/199/151 212/203/155
f 213/206/158 216/207/159 218/208/160 217/209/161
f 216/207/159 220/210/162 221/211/163 218/208/160
f 214/212/164 219/213/165 221/211/163 220/210/162
f 219/213/165 223/214/166 224/215/167 221/211/163
f 215/216/168 222/217/169 224/215/167 223/214/166
f 222/217/169 217/209/161 218/208/160 224/215/167
f 218/208/160 221/211/163 224/215/167
f 225/218/170 228/219/171 230/220/172 229/221/173
f 228/219/171 232/222/174 233/223/175 230/220/172
f 226/224/176 231/225/177 233/223/175 232/222/174
f 231/225/177 235/226/178 236/227/179 233/223/175
f 227/228/180 234/229/181 236/227/179 235/226/178
f 234/229/181 229/221/173 230/220/172 236/227/179
f 230/220/172 233/223/175 236/227/179
f 237/230/182 240/231/183 242/232/184 241/233/185
f 240/231/183 244/234/186 245/235/187 242/232/184
f 238/236/188 243/237/189 245/235/187 244/234/186
f 243/237/189 247/238/190 248/239/191 245/235/187
f 239/240/192 246/241/193 248/239/191 247/238/190
f 246/241/193 241/233/185 242/232/184 248/239/191
f 242/232/184 245/235/187 248/239/191
f 249/242/194 252/243/195 254/244/196 253/245/194
f 252/246/195 256/247/197 257/248/197 254/249/196
f 250/250/198 255/251/198 257/248/198 256/247/198
f 255/251/199 259/252/200 260/253/201 257/248/199
f 251/254/202 258/255/202 260/256/201 259/257/200
f 258/258/203 253/245/203 254/244/204 260/259/204
f 254/244/204 257/260/205 260/259/204
f 261/261/206 264/262/206 266/263/207 265/264/208
f 264/265/209 268/266/209 269/267/210 266/268/210
f 262/269/211 267/270/212 269/267/213 268/266/211
f 267/270/212 271/271/214 272/272/214 269/267/213
f 263/273/215 270/274/215 272/274/215 271/274/215
f 270/275/216 265/264/208 266/263/207 272/276/216
f 266/268/210 269/267/210 272/272/217
f 273/277/218 276/278/219 278/279/220 277/280/221
f 276/278/219 280/281/222 281/282/223 278/279/220
f 274/283/224 279/284/225 281/282/223 280/281/222
f 279/285/225 283/286/226 284/287/227 281/288/223
f 275/289/228 282/290/229 284/287/227 283/286/226
f 282/290/229 277/291/221 278/292/220 284/287/227
f 278/279/220 281/282/223 284/293/227
f 285/294/230 288/295/231 290/296/232 289/297/233
f 288/298/231 292/299/234 293/300/235 290/301/232
f 286/302/236 291/303/237 293/300/235 292/299/234
f 291/303/237 295/304/238 296/305/239 293/300/235
f 287/306/240 294/307/241 296/308/239 295/309/238
f 294/307/241 289/297/233 290/296/232 296/308/239
f 290/301/232 293/300/235 296/305/239
f 301/310/242 304/311/243 306/312/244 305/313/245
f 304/311/243 308/314/246 309/315/247 306/312/244
f 302/316/248 307/317/249 309/318/247 308/319/246
f 307/317/249 311/320/250 312/321/251 309/318/247
f 303/322/252 310/323/253 312/324/254 311/325/254
f 310/326/255 305/313/245 306/312/244 312/327/251
f 306/312/244 309/315/247 312/327/251
f 313/328/256 316/329/257 318/330/257 317/331/258
f 316/332/259 320/333/260 321/334/261 318/335/262
f 314/336/263 319/337/264 321/334/261 320/333/260
f 319/338/264 323/339/265 324/340/266 321/341/261
f 315/342/267 322/343/268 324/340/266 323/339/265
f 322/343/268 317/344/269 318/345/262 324/340/266
f 318/335/262 321/334/261 324/346/266
f 325/347/270 328/348/271 330/349/272 329/350/273
f 328/348/271 332/351/274 333/352/275 330/349/272
f 326/353/276 331/354/277 333/352/275 332/351/274
f 331/355/277 335/356/278 336/357/279 333/358/275
f 327/359/280 334/360/281 336/357/279 335/356/278
f 334/360/281 329/361/273 330/362/272 336/357/279
f 330/349/272 333/352/275 336/363/279
f 337/364/282 340/365/283 342/366/284 341/367/285
f 340/368/283 344/369/286 345/370/287 342/371/284
f 338/372/288 343/373/289 345/370/287 344/369/286
f 343/373/289 347/374/290 348/375/291 345/370/287
f 339/376/292 346/377/293 348/378/291 347/379/290
f 346/377/293 341/367/285 342/366/284 348/378/291
f 342/371/284 345/370/287 348/375/291
f 353/380/294 356/381/295 358/382/296 357/383/297
f 356/381/295 360/384/298 361/385/299 358/382/296
f 354/386/300 359/387/301 361/388/299 360/389/298
f 359/387/301 363/390/302 364/391/303 361/388/299
f 355/392/304 362/393/305 364/394/306 363/395/306
f 362/396/307 357/383/297 358/382/296 364/397/303
f 358/382/296 361/385/299 364/397/303
f 365/398/308 368/399/309 370/400/310 369/401/311
f 368/402/309 372/403/312 373/404/313 370/405/310
f 366/406/314 371/407/315 373/404/313 372/403/312
f 371/408/315 375/409/316 376/410/317 373/411/313
f 367/412/318 374/413/319 376/410/319 375/409/320
f 374/413/321 369/414/311 370/415/310 376/410/317
f 370/405/310 373/404/313 376/416/317
f 377/417/322 381/418/323 383/419/324 382/420/325
f 381/418/323 385/421/326 386/422/327 383/419/324
f 378/423/328 384/424/329 386/422/327 385/421/326
f 384/425/329 388/426/330 389/427/331 386/428/327
f 379/429/332 387/430/333 389/427/331 388/426/330
f 387/430/333 391/431/334 392/432/335 389/427/331
f 380/433/336 390/434/337 392/432/335 391/431/334
f 390/434/337 382/435/325 383/436/324 392/432/335
f 383/419/324 386/422/327 389/437/331 392/438/335
f 393/439/338 397/440/339 399/441/340 398/442/341
f 397/440/339 401/443/342 402/444/343 399/441/340
f 394/445/344 400/446/345 402/447/343 401/448/342
f 400/446/345 404/449/346 405/450/347 402/447/343
f 395/451/348 403/452/349 405/450/347 404/449/346
f 403/453/349 407/454/350 408/455/351 405/456/347
f 396/457/352 406/458/353 408/455/351 407/454/350
f 406/458/353 398/442/341 399/441/340 408/455/351
f 399/441/340 402/444/343 405/456/347 408/455/351
f 409/459/354 413/460/355 415/461/356 414/462/357
f 413/460/355 417/463/358 418/464/359 415/461/356
f 410/465/360 416/466/361 418/467/359 417/468/358
f 416/466/361 420/469/362 421/470/363 418/467/359
f 411/471/364 419/472/365 421/470/363 420/469/362
f 419/473/365 423/474/366 424/475/367 421/476/363
f 412/477/368 422/478/369 424/475/367 423/474/366
f 422/478/369 414/462/357 415/461/356 424/475/367
f 415/461/356 418/464/359 421/476/363 424/475/367
f 425/479/370 429/480/371 431/481/372 430/482/373
f 429/480/371 433/483/374 434/484/375 431/481/372
f 426/485/376 432/486/377 434/484/375 433/483/374
f 432/486/377 436/487/378 437/488/379 434/484/375
f 427/489/380 435/490/381 437/491/379 436/492/378
f 435/490/381 439/493/382 440/494/383 437/491/379
f 428/495/384 438/496/385 440/494/383 439/493/382
f 438/497/385 430/482/373 431/481/372 440/498/383
f 431/481/372 434/484/375 437/488/379 440/498/383
f 441/499/386 445/500/387 447/501/388 446/502/389
f 445/500/387 449/503/390 450/504/391 447/501/388
f 442/505/392 448/506/393 450/507/391 449/508/390
f 448/506/393 452/509/394 453/510/395 450/507/391
f 443/511/396 451/512/397 453/510/395 452/509/394
f 451/513/397 455/514/398 456/515/399 453/516/395
f 444/517/400 454/518/401 456/515/399 455/514/398
f 454/518/401 446/502/389 447/501/388 456/515/399
f 447/501/388 450/504/391 453/516/395 456/515/399
f 457/519/402 461/520/403 463/521/404 462/522/405
f 461/520/403 465/523/406 466/524/407 463/521/404
f 458/525/408 464/526/409 466/524/407 465/523/406
f 464/527/409 468/528/410 469/529/411 466/530/407
f 459/531/412 467/532/413 469/529/411 468/528/410
f 467/532/413 471/533/414 472/534/415 469/529/411
f 460/535/416 470/536/417 472/534/415 471/533/414
f 470/536/417 462/537/405 463/538/404 472/534/415
f 463/521/404 466/524/407 469/539/411 472/540/415
f 473/541/418 477/542/419 479/543/420 478/544/421
f 477/542/419 481/545/422 482/546/423 479/543/420
f 474/547/424 480/548/425 482/546/423 481/545/422
f 480/549/425 484/550/426 485/551/427 482/552/423
f 475/553/428 483/554/429 485/551/427 484/550/426
f 483/554/429 487/555/430 488/556/431 485/551/427
f 476/557/432 486/558/433 488/556/431 487/555/430
f 486/558/433 478/559/421 479/560/420 488/556/431
f 479/543/420 482/546/423 485/561/427 488/562/431
f 489/563/434 493/564/435 495/565/436 494/566/437
f 493/564/435 497/567/438 498/568/439 495/565/436
f 490/569/440 496/570/441 498/571/439 497/572/438
f 496/570/441 500/573/442 501/574/443 498/571/439
f 491/575/444 499/576/445 501/574/443 500/573/442
f 499/577/445 503/578/446 504/579/447 501/580/443
f 492/581/448 502/582/449 504/579/447 503/578/446
f 502/582/449 494/566/437 495/565/436 504/579/447
f 495/565/436 498/568/439 501/580/443 504/579/447
f 505/583/450 509/584/451 511/585/452 510/586/453
f 509/584/451 513/587/454 514/588/455 511/585/452
f 506/589/456 512/590/457 514/591/455 513/592/454
f 512/590/457 516/593/458 517/594/459 514/591/455
f 507/595/460 515/596/461 517/594/459 516/593/458
f 515/597/461 519/598/462 520/599/463 517/600/459
f 508/601/464 518/602/465 520/599/463 519/598/462
f 518/602/465 510/586/453 511/585/452 520/599/463
f 511/585/452 514/588/455 517/600/459 520/599/463
f 521/603/466 525/604/467 527/605/468 526/606/469
f 525/604/467 529/607/470 530/608/471 527/605/468
f 522/609/472 528/610/473 530/608/471 529/607/470
f 528/610/473 532/611/474 533/612/475 530/608/471
f 523/613/476 531/614/477 533/615/475 532/616/474
f 531/614/477 535/617/478 536/618/479 533/615/475
f 524/619/480 534/620/481 536/618/479 535/617/478
f 534/621/481 526/606/469 527/605/468 536/622/479
f 527/605/468 530/608/471 533/612/475 536/622/479
f 537/623/482 541/624/483 543/625/484 542/626/485
f 541/624/483 545/627/486 546/628/487 543/625/484
f 538/629/488 544/630/489 546/631/487 545/632/486
f 544/630/489 548/633/490 549/634/491 546/631/487
f 539/635/492 547/636/493 549/634/491 548/633/490
f 547/637/493 551/638/494 552/639/495 549/640/491
f 540/641/496 550/642/497 552/639/495 551/638/494
f 550/642/497 542/626/485 543/625/484 552/639/495
f 543/625/484 546/628/487 549/640/491 552/639/495
f 553/643/498 557/644/499 559/645/500 558/646/501
f 557/644/499 561/647/502 562/648/503 559/645/500
f 554/649/504 560/650/505 562/648/503 561/647/502
f 560/651/505 564/652/506 565/653/507 562/654/503
f 555/655/508 563/656/509 565/653/507 564/652/506
f 563/656/509 567/657/510 568/658/511 565/653/507
f 556/659/512 566/660/513 568/658/511 567/657/510
f 566/660/513 558/661/501 559/662/500 568/658/511
f 559/645/500 562/648/503 565/663/507 568/664/511
f 569/665/514 572/666/515 574/667/516 573/668/517
f 572/666/515 576/669/518 577/670/519 574/667/516
f 570/671/520 575/672/521 577/673/522 576/674/522
f 575/675/523 579/676/524 580/677/525 577/678/519
f 571/679/526 578/680/527 580/677/525 579/676/524
f 578/680/527 573/681/517 574/682/516 580/677/525
f 574/667/516 577/670/519 580/683/525
f 581/684/528 584/685/529 586/686/530 585/687/531
f 584/685/529 588/688/532 589/689/533 586/686/530
f 582/690/534 587/691/535 589/692/535 588/693/536
f 587/694/537 591/695/538 592/696/539 589/697/533
f 583/698/540 590/699/541 592/696/539 591/695/538
f 590/700/541 585/687/531 586/686/530 592/701/539
f 586/686/530 589/689/533 592/701/539
f 593/702/542 596/703/543 598/704/544 597/705/545
f 596/703/543 600/706/546 601/707/547 598/704/544
f 594/708/548 599/709/549 601/707/547 600/706/546
f 599/710/549 603/711/550 604/712/551 601/713/547
f 595/714/552 602/715/553 604/712/551 603/711/550
f 602/715/553 597/716/545 598/717/544 604/712/551
f 598/704/544 601/707/547 604/718/551
f 605/719/554 608/720/555 610/721/556 609/722/557
f 608/723/555 612/724/558 613/725/559 610/726/556
f 606/727/560 611/728/561 613/725/559 612/724/558
f 611/728/561 615/729/562 616/730/563 613/725/559
f 607/731/564 614/732/565 616/733/563 615/734/562
f 614/732/565 609/722/557 610/721/556 616/733/563
f 610/726/556 613/725/559 616/730/563
f 621/735/566 624/736/567 626/737/568 625/738/569
f 624/739/567 628/740/570 629/741/571 626/742/568
f 622/743/572 627/744/573 629/741/574 628/740/574
f 627/744/575 631/745/576 632/746/577 629/741/571
f 623/747/578 630/748/579 632/749/577 631/750/576
f 630/748/579 625/751/569 626/752/568 632/749/577
f 626/742/568 629/741/571 632/746/577
f 633/753/580 636/754/581 638/755/582 637/756/583
f 636/754/581 640/757/584 641/758/585 638/755/582
f 634/759/586 639/760/587 641/761/587 640/762/588
f 639/763/589 643/764/590 644/765/591 641/766/585
f 635/767/592 642/768/593 644/765/591 643/764/590
f 642/769/593 637/756/583 638/755/582 644/770/591
f 638/755/582 641/758/585 644/770/591
f 645/771/594 648/772/595 650/773/596 649/774/597
f 648/772/595 652/775/598 653/776/599 650/773/596
f 646/777/600 651/778/601 653/776/599 652/775/598
f 651/779/601 655/780/602 656/781/603 653/782/599
f 647/783/604 654/784/605 656/781/603 655/780/602
f 654/784/605 649/785/597 650/786/596 656/781/603
f 650/773/596 653/776/599 656/787/603
f 657/788/606 660/789/607 662/790/608 661/791/609
f 660/792/607 664/793/610 665/794/611 662/795/608
f 658/796/612 663/797/613 665/794/611 664/793/610
f 663/797/613 667/798/614 668/799/615 665/794/611
f 659/800/616 666/801/617 668/802/615 667/803/614
f 666/801/617 661/791/609 662/790/608 668/802/615
f 662/795/608 665/794/611 668/799/615
f 673/804/618 677/805/619 679/806/620 678/807/621
f 677/805/619 681/808/622 682/809/623 679/806/620
f 674/810/624 680/811/625 682/809/623 681/808/622
f 680/812/625 684/813/626 685/814/627 682/815/623
f 675/816/628 683/817/629 685/814/627 684/813/626
f 683/817/629 687/818/630 688/819/631 685/814/627
f 676/820/632 686/821/633 688/819/631 687/818/630
f 686/821/633 678/822/621 679/823/620 688/819/631
f 679/806/620 682/809/623 685/824/627 688/825/631
f 689/826/634 693/827/635 695/828/636 694/829/637
f 693/827/635 697/830/638 698/831/639 695/828/636
f 690/832/640 696/833/641 698/834/639 697/835/638
f 696/833/641 700/836/642 701/837/643 698/834/639
f 691/838/644 699/839/645 701/837/643 700/836/642
f 699/840/645 703/841/646 704/842/647 701/843/643
f 692/844/648 702/845/649 704/842/647 703/841/646
f 702/845/649 694/829/637 695/828/636 704/842/647
f 695/828/636 698/831/639 701/843/643 704/842/647
f 705/846/650 709/847/651 711/848/652 710/849/653
f 709/847/651 713/850/654 714/851/655 711/848/652
f 706/852/656 712/853/657 714/854/655 713/855/654
f 712/853/657 716/856/658 717/857/659 714/854/655
f 707/858/660 715/859/661 717/857/659 716/856/658
f 715/860/661 719/861/662 720/862/663 717/863/659
f 708/864/664 718/865/665 720/862/663 719/861/662
f 718/865/665 710/849/653 711/848/652 720/862/663
f 711/848/652 714/851/655 717/863/659 720/862/663
f 721/866/666 725/867/667 727/868/668 726/869/669
f 725/867/667 729/870/670 730/871/671 727/868/668
f 722/872/672 728/873/673 730/871/671 729/870/670
f 728/873/673 732/874/674 733/875/675 730/871/671
f 723/876/676 731/877/677 733/878/675 732/879/674
f 731/877/677 735/880/678 736/881/679 733/878/675
f 724/882/680 734/883/681 736/881/679 735/880/678
f 734/884/681 726/869/669 727/868/668 736/885/679
f 727/868/668 730/871/671 733/875/675 736/885/679
f 737/886/682 741/887/683 743/888/684 742/889/685
f 741/887/683 745/890/686 746/891/687 743/888/684
f 738/892/688 744/893/689 746/894/687 745/895/686
f 744/893/689 748/896/690 749/897/691 746/894/687
f 739/898/692 747/899/693 749/897/691 748/896/690
f 747/900/693 751/901/694 752/902/695 749/903/691
f 740/904/696 750/905/697 752/902/695 751/901/694
f 750/905/697 742/889/685 743/888/684 752/902/695
f 743/888/684 746/891/687 749/903/691 752/902/695
f 753/906/698 757/907/699 759/908/700 758/909/701
f 757/907/699 761/910/702 762/911/703 759/908/700
f 754/912/704 760/913/705 762/914/703 761/915/702
f 760/913/705 764/916/706 765/917/707 762/914/703
f 755/918/708 763/919/709 765/917/707 764/916/706
f 763/920/709 767/921/710 768/922/711 765/923/707
f 756/924/712 766/925/713 768/922/711 767/921/710
f 766/925/713 758/909/701 759/908/700 768/922/711
f 759/908/700 762/911/703 765/923/707 768/922/711
f 769/926/714 773/927/715 775/928/716 774/929/717
f 773/927/715 777/930/718 778/931/719 775/928/716
f 770/932/720 776/933/721 778/931/719 777/930/718
f 776/934/721 780/935/722 781/936/723 778/937/719
f 771/938/724 779/939/725 781/936/723 780/935/722
f 779/939/725 783/940/726 784/941/727 781/936/723
f 772/942/728 782/943/729 784/941/727 783/940/726
f 782/943/729 774/944/717 775/945/716 784/941/727
f 775/928/716 778/931/719 781/946/723 784/947/727
f 785/948/730 789/949/731 791/950/732 790/951/733
f 789/949/731 793/952/734 794/953/735 791/950/732
f 786/954/736 792/955/737 794/956/735 793/957/734
f 792/955/737 796/958/738 797/959/739 794/956/735
f 787/960/740 795/961/741 797/959/739 796/958/738
f 795/962/741 799/963/742 800/964/743 797/965/739
f 788/966/744 798/967/745 800/964/743 799/963/742
f 798/967/745 790/951/733 791/950/732 800/964/743
f 791/950/732 794/953/735 797/965/739 800/964/743
f 801/968/746 805/969/747 807/970/748 806/971/749
f 805/969/747 809/972/750 810/973/751 807/970/748
f 802/974/752 808/975/753 810/976/751 809/977/750
f 808/975/753 812/978/754 813/979/755 810/976/751
f 803/980/756 811/981/757 813/979/755 812/978/754
f 811/982/757 815/983/758 816/984/759 813/985/755
f 804/986/760 814/987/761 816/984/759 815/983/758
f 814/987/761 806/971/749 807/970/748 816/984/759
f 807/970/748 810/973/751 813/985/755 816/984/759
f 817/988/762 821/989/763 823/990/764 822/991/765
f 821/989/763 825/992/766 826/993/767 823/990/764
f 818/994/768 824/995/769 826/993/767 825/992/766
f 824/995/769 828/996/770 829/997/771 826/993/767
f 819/998/772 827/999/773 829/1000/771 828/1001/770
f 827/999/773 831/1002/774 832/1003/775 829/1000/771
f 820/1004/776 830/1005/777 832/1003/775 831/1002/774
f 830/1006/777 822/991/765 823/990/764 832/1007/775
f 823/990/764 826/993/767 829/997/771 832/1007/775
f 833/1008/778 837/1009/779 839/1010/780 838/1011/781
f 837/1009/779 841/1012/782 842/1013/783 839/1010/780
f 834/1014/784 840/1015/785 842/1016/783 841/1017/782
f 840/1015/785 844/1018/786 845/1019/787 842/1016/783
f 835/1020/788 843/1021/789 845/1019/787 844/1018/786
f 843/1022/789 847/1023/790 848/1024/791 845/1025/787
f 836/1026/792 846/1027/793 848/1024/791 847/1023/790
f 846/1027/793 838/1011/781 839/1010/780 848/1024/791
f 839/1010/780 842/1013/783 845/1025/787 848/1024/791
f 849/1028/794 853/1029/795 855/1030/796 854/1031/797
f 853/1029/795 857/1032/798 858/1033/799 855/1030/796
f 850/1034/800 856/1035/801 858/1036/799 857/1037/798
f 856/1035/801 860/1038/802 861/1039/803 858/1036/799
f 851/1040/804 859/1041/805 861/1039/803 860/1038/802
f 859/1042/805 863/1043/806 864/1044/807 861/1045/803
f 852/1046/808 862/1047/809 864/1044/807 863/1043/806
f 862/1047/809 854/1031/797 855/1030/796 864/1044/807
f 855/1030/796 858/1033/799 861/1045/803 864/1044/807
f 865/1048/810 868/1049/810 870/1050/811 869/1051/812
f 868/1052/813 872/1053/813 873/1054/814 870/1055/814
f 866/1056/815 871/1057/816 873/1054/817 872/1053/815
f 871/1057/816 875/1058/818 876/1058/818 873/1054/817
f 867/1059/819 874/1060/819 876/1060/819 875/1060/819
f 874/1061/820 869/1051/812 870/1050/811 876/1062/820
f 870/1050/814 873/1063/814 876/1062/821
f 877/1064/822 880/1065/823 882/1066/824 881/1067/825
f 880/1065/823 884/1068/826 885/1069/827 882/1066/824
f 878/1070/828 883/1071/829 885/1072/827 884/1073/826
f 883/1074/829 887/1075/830 888/1076/831 885/1077/827
f 879/1078/832 886/1079/833 888/1076/831 887/1075/830
f 886/1079/833 881/1080/825 882/1081/824 888/1076/831
f 882/1066/824 885/1069/827 888/1082/831
f 889/1083/834 892/1084/834 894/1084/834 893/1084/834
f 892/1085/835 896/1086/836 897/1087/837 894/1088/835
f 890/1089/838 895/1090/838 897/1087/837 896/1086/836
f 895/1091/839 899/1092/839 900/1093/840 897/1094/840
f 891/1095/841 898/1096/842 900/1093/843 899/1092/841
f 898/1096/842 893/1097/844 894/1098/844 900/1093/843
f 894/1088/845 897/1087/840 900/1099/840
f 901/1100/846 904/1101/847 906/1102/848 905/1103/849
f 904/1104/847 908/1105/850 909/1106/851 906/1107/848
f 902/1108/852 907/1109/853 909/1106/851 908/1105/850
f 907/1109/853 911/1110/854 912/1111/855 909/1106/851
f 903/1112/856 910/1113/857 912/1114/855 911/1115/854
f 910/1116/857 905/1103/849 906/1102/848 912/1117/855
f 906/1107/848 909/1106/851 912/1111/855
f 913/1118/858 916/1119/859 918/1120/860 917/1121/861
f 916/1122/859 920/1123/862 921/1124/863 918/1125/860
f 914/1126/864 919/1127/865 921/1124/863 920/1123/862
f 919/1127/865 923/1128/866 924/1129/867 921/1124/863
f 915/1130/868 922/1131/869 924/1132/867 923/1133/866
f 922/1131/869 917/1134/861 918/1135/860 924/1132/867
f 918/1125/860 921/1124/863 924/1129/867
f 957/1136/870 960/1137/871 962/1138/872 961/1139/873
f 960/1137/871 964/1140/874 965/1141/875 962/1138/872
f 958/1142/876 963/1143/877 965/1144/875 964/1145/874
f 963/1146/877 967/1147/878 968/1148/879 965/1149/875
f 959/1150/880 966/1151/881 968/1148/879 967/1147/878
f 966/1151/881 961/1152/873 962/1153/872 968/1148/879
f 962/1138/872 965/1141/875 968/1154/879
f 969/1155/882 972/1156/883 974/1157/884 973/1158/885
f 972/1159/883 976/1160/886 977/1161/887 974/1162/884
f 970/1163/888 975/1164/889 977/1161/887 976/1160/886
f 975/1164/889 979/1165/890 980/1166/891 977/1161/887
f 971/1167/892 978/1168/893 980/1169/891 979/1170/890
f 978/1168/893 973/1171/885 974/1172/884 980/1169/891
f 974/1173/884 977/1174/887 980/1175/891
f 981/1176/894 984/1177/895 986/1178/896 985/1179/897
f 984/1180/895 988/1181/898 989/1182/899 986/1183/896
f 982/1184/900 987/1185/901 989/1182/899 988/1181/898
f 987/1186/901 991/1187/902 992/1188/903 989/1189/899
f 983/1190/904 990/1191/905 992/1188/903 991/1187/902
f 990/1191/905 985/1192/897 986/1193/896 992/1188/903
f 986/1183/896 989/1182/899 992/1194/903
f 1025/1195/906 1028/1196/907 1030/1197/908 1029/1198/909
f 1028/1196/907 1032/1199/910 1033/1200/911 1030/1197/908
f 1026/1201/912 1031/1202/913 1033/1203/911 1032/1204/910
f 1031/1205/913 1035/1206/914 1036/1207/915 1033/1207/911
f 1027/1208/916 1034/1207/917 1036/1207/915 1035/1206/914
f 1034/1209/917 1029/1198/918 1030/1197/908 1036/1210/915
f 1030/1197/908 1033/1200/911 1036/1210/915
f 1037/1211/919 1040/1212/920 1042/1213/921 1041/1214/922
f 1040/1212/920 1044/1215/923 1045/1216/924 1042/1213/921
f 1038/1217/925 1043/1218/926 1045/1219/927 1044/1220/928
f 1043/1221/929 1047/1222/930 1048/1223/931 1045/1224/924
f 1039/1225/932 1046/1226/933 1048/1223/931 1047/1222/930
f 1046/1226/933 1041/1227/922 1042/1228/921 1048/1223/931
f 1042/1213/921 1045/1216/924 1048/1229/931
f 1049/1230/934 1052/1231/935 1054/1232/936 1053/1233/937
f 1052/1231/938 1056/1234/939 1057/1235/940 1054/1232/936
f 1050/1236/941 1055/1237/942 1057/1238/940 1056/1238/939
f 1055/1239/942 1059/1240/943 1060/1241/944 1057/1242/940
f 1051/1243/945 1058/1244/946 1060/1241/944 1059/1240/943
f 1058/1245/946 1053/1233/937 1054/1232/936 1060/1246/944
f 1054/1232/936 1057/1235/940 1060/1246/944
f 1093/1247/947 1096/1248/948 1098/1249/949 1097/1250/950
f 1096/1248/948 1100/1251/951 1101/1252/952 1098/1249/949
f 1094/1253/953 1099/1254/953 1101/1255/952 1100/1256/951
f 1099/1254/954 1103/1257/955 1104/1258/956 1101/1255/952
f 1095/1259/957 1102/1260/958 1104/1261/956 1103/1260/955
f 1102/1262/958 1097/1250/959 1098/1249/949 1104/1263/956
f 1098/1249/949 1101/1252/952 1104/1263/956
f 1105/1264/960 1108/1265/961 1110/1266/962 1109/1267/963
f 1108/1265/964 1112/1268/965 1113/1269/966 1110/1266/962
f 1106/1270/967 1111/1271/968 1113/1272/966 1112/1272/965
f 1111/1271/968 1115/1273/969 1116/1272/970 1113/1272/966
f 1107/1274/971 1114/1275/972 1116/1276/970 1115/1277/971
f 1114/1278/972 1109/1267/963 1110/1266/962 1116/1279/970
f 1110/1266/962 1113/1269/966 1116/1279/970
f 1117/1280/973 1120/1281/974 1122/1282/975 1121/1283/976
f 1120/1281/974 1124/1284/977 1125/1285/978 1122/1282/975
f 1118/1286/979 1123/1287/980 1125/1288/978 1124/1289/977
f 1123/1290/980 1127/1291/981 1128/1292/982 1125/1293/978
f 1119/1294/983 1126/1295/984 1128/1292/982 1127/1291/981
f 1126/1296/984 1121/1283/976 1122/1282/975 1128/1297/982
f 1122/1282/975 1125/1285/978 1128/1297/982
f 1129/1298/985 1132/1299/986 1134/1300/987 1133/1301/988
f 1132/1299/986 1136/1302/989 1137/1303/990 1134/1300/987
f 1130/1304/991 1135/1305/992 1137/1306/990 1136/1307/989
f 1135/1305/992 1139/1308/993 1140/1309/994 1137/1306/990
f 1131/1310/995 1138/1311/996 1140/1312/994 1139/1313/993
f 1138/1314/996 1133/1301/988 1134/1300/987 1140/1315/994
f 1134/1300/987 1137/1303/990 1140/1315/994
f 1141/1316/997 1144/1317/998 1146/1318/999 1145/1319/1000
f 1144/1317/998 1148/1320/1001 1149/1321/1002 1146/1318/999
f 1142/1322/1003 1147/1323/1004 1149/1324/1002 1148/1325/1001
f 1147/1323/1004 1151/1326/1005 1152/1327/1006 1149/1324/1002
f 1143/1328/1007 1150/1329/1008 1152/1330/1006 1151/1331/1005
f 1150/1332/1008 1145/1319/1000 1146/1318/999 1152/1333/1006
f 1146/1318/999 1149/1321/1002 1152/1333/1006
f 1185/1334/1009 1188/1335/1010 1190/1336/1011 1189/1337/1012
f 1188/1338/1010 1192/1339/1013 1193/1340/1014 1190/1341/1011
f 1186/1342/1015 1191/1343/1016 1193/1340/1014 1192/1339/1013
f 1191/1343/1017 1195/1344/1018 1196/1345/1019 1193/1340/1014
f 1187/1346/1020 1194/1347/1021 1196/1348/1019 1195/1349/1018
f 1194/1347/1021 1189/1350/1022 1190/1351/1011 1196/1348/1019
f 1190/1341/1011 1193/1340/1014 1196/1345/1019
f 1197/1352/1023 1200/1353/1024 1202/1354/1025 1201/1355/1026
f 1200/1356/1027 1204/1357/1028 1205/1358/1029 1202/1359/1025
f 1198/1360/1030 1203/1361/1031 1205/1358/1029 1204/1357/1028
f 1203/1362/1031 1207/1363/1032 1208/1364/1033 1205/1365/1029
f 1199/1366/1034 1206/1367/1035 1208/1364/1033 1207/1363/1036
f 1206/1367/1035 1201/1368/1026 1202/1369/1025 1208/1364/1033
f 1202/1359/1025 1205/1358/1029 1208/1370/1033
f 1209/1371/1037 1212/1372/1038 1211/1373/1039
f 1212/1372/1038 1213/1374/1040 1211/1375/1039
f 1213/1374/1040 1210/1376/1041 1211/1375/1039
f 1214/1377/1042 1217/1378/1042 1219/1379/1042 1218/1380/1042
f 1217/1378/1043 1221/1381/1043 1222/1382/1043 1219/1379/1043
f 1215/1383/1044 1220/1384/1044 1222/1385/1044 1221/1386/1044
f 1220/1382/1045 1224/1387/1045 1225/1388/1045 1222/1382/1045
f 1216/1389/1046 1223/1390/1046 1225/1388/1046 1224/1387/1046
f 1223/1390/1047 1218/1380/1047 1219/1379/1047 1225/1388/1047
f 1219/1379/1048 1222/1382/1048 1225/1388/1048
f 1226/1391/1049 1229/1392/1050 1228/1393/1051
f 1229/1392/1050 1230/1394/1052 1228/1395/1051
f 1230/1394/1052 1227/1396/1053 1228/1395/1051
f 1231/1397/1054 1235/1398/1055 1237/1399/1056 1236/1400/1057
f 1235/1401/1058 1239/1402/1058 1240/1403/1059 1237/1404/1059
f 1232/1405/1060 1238/1406/1061 1240/1403/1062 1239/1402/1063
f 1238/1406/1064 1242/1407/1064 1243/1408/1065 1240/1403/1065
f 1233/1409/1066 1241/1410/1067 1243/1411/1068 1242/1412/1069
f 1241/1413/1070 1245/1414/1070 1246/1415/1071 1243/1416/1071
f 1234/1417/1072 1244/1418/1073 1246/1415/1074 1245/1414/1075
f 1244/1418/1076 1236/1419/1076 1237/1420/1077 1246/1415/1077
f 1237/1421/1078 1240/1422/1078 1243/1423/1078 1246/1424/1078
f 1247/1425/1079 1250/1426/1079 1252/1427/1079 1251/1427/1079
f 1250/1426/1080 1254/1428/1080 1255/1429/1080 1252/1427/1080
f 1248/1430/1081 1253/1431/1081 1255/1432/1081 1254/1433/1081
f 1253/1434/1082 1257/1435/1082 1258/1436/1082 1255/1437/1082
f 1249/1438/1083 1256/1439/1083 1258/1436/1083 1257/1435/1083
f 1256/1439/1084 1251/1440/1084 1252/1441/1084 1258/1436/1084
f 1252/1441/1085 1255/1437/1085 1258/1436/1085
f 1259/1442/1086 1262/1443/1087 1261/1444/1088
f 1262/1443/1087 1263/1445/1089 1261/1446/1088
f 1263/1445/1089 1260/1447/1090 1261/1446/1088
f 1264/1448/1091 1267/1449/1091 1269/1450/1091 1268/1451/1091
f 1267/1452/1092 1271/1453/1092 1272/1454/1092 1269/1455/1092
f 1265/1456/1093 1270/1457/1093 1272/1454/1093 1271/1453/1093
f 1270/1458/1094 1274/1459/1094 1275/1460/1094 1272/1458/1094
f 1266/1461/1095 1273/1462/1095 1275/1460/1095 1274/1459/1095
f 1273/1462/1096 1268/1463/1096 1269/1464/1096 1275/1460/1096
f 1269/1464/1097 1272/1458/1097 1275/1460/1097
f 1276/1465/1098 1279/1466/1099 1278/1467/1100
f 1279/1466/1099 1280/1468/1101 1278/1469/1100
f 1280/1468/1101 1277/1470/1102 1278/1469/1100
f 1281/1471/1103 1284/1472/1103 1286/1473/1103 1285/1473/1103
f 1284/1474/1104 1288/1475/1104 1289/1476/1104 1286/1477/1104
f 1282/1478/1105 1287/1479/1105 1289/1476/1105 1288/1475/1105
f 1287/1479/1106 1291/1480/1106 1292/1481/1106 1289/1476/1106
f 1283/1482/1107 1290/1483/1107 1292/1484/1107 1291/1485/1107
f 1290/1483/1108 1285/1486/1108 1286/1487/1108 1292/1484/1108
f 1286/1487/1109 1289/1488/1109 1292/1484/1109
f 1293/1489/1110 1296/1490/1111 1298/1491/1112 1297/1492/1113
f 1296/1490/1114 1300/1493/1114 1301/1494/1115 1298/1491/1112
f 1294/1495/1116 1299/1496/1117 1301/1497/1115 1300/1498/1118
f 1299/1496/1117 1303/1499/1119 1304/1500/1120 1301/1497/1115
f 1295/1501/1121 1302/1502/1122 1304/1503/1120 1303/1504/1119
f 1302/1505/1122 1297/1492/1113 1298/1491/1112 1304/1506/1120
f 1298/1491/1112 1301/1494/1115 1304/1506/1120
f 1305/1507/1123 1308/1508/1124 1310/1509/1125 1309/1510/1126
f 1308/1508/1127 1312/1511/1128 1313/1512/1129 1310/1509/1125
f 1306/1513/1130 1311/1514/1131 1313/1512/1129 1312/1511/1128
f 1311/1514/1131 1315/1515/1132 1316/1516/1133 1313/1512/1129
f 1307/1517/1134 1314/1518/1135 1316/1519/1133 1315/1520/1136
f 1314/1521/1135 1309/1510/1126 1310/1509/1125 1316/1516/1133
f 1310/1509/1125 1313/1512/1129 1316/1516/1133
f 1317/1522/1137 1320/1523/1138 1322/1524/1139 1321/1525/1140
f 1320/1526/1141 1324/1527/1142 1325/1528/1143 1322/1529/1139
f 1318/1530/1144 1323/1531/1145 1325/1528/1143 1324/1527/1142
f 1323/1531/1145 1327/1532/1146 1328/1533/1147 1325/1528/1143
f 1319/1534/1148 1326/1535/1149 1328/1536/1147 1327/1537/1150
f 1326/1538/1149 1321/1525/1140 1322/1524/1139 1328/1539/1147
f 1322/1529/1139 1325/1528/1143 1328/1533/1147
f 1329/1540/1151 1332/1541/1152 1334/1542/1153 1333/1543/1154
f 1332/1544/1155 1336/1545/1155 1337/1546/1156 1334/1547/1153
f 1330/1548/1157 1335/1549/1158 1337/1546/1156 1336/1545/1159
f 1335/1550/1158 1339/1551/1160 1340/1552/1161 1337/1553/1156
f 1331/1554/1162 1338/1555/1163 1340/1552/1161 1339/1551/1160
f 1338/1555/1163 1333/1556/1154 1334/1557/1153 1340/1552/1161
f 1334/1547/1153 1337/1546/1156 1340/1558/1161
f 1341/1559/1164 1344/1560/1165 1346/1561/1166 1345/1562/1167
f 1344/1563/1168 1348/1564/1169 1349/1565/1170 1346/1566/1166
f 1342/1567/1171 1347/1568/1172 1349/1565/1170 1348/1564/1169
f 1347/1568/1172 1351/1569/1173 1352/1570/1174 1349/1565/1170
f 1343/1571/1175 1350/1572/1176 1352/1573/1174 1351/1574/1177
f 1350/1575/1176 1345/1562/1167 1346/1561/1166 1352/1576/1174
f 1346/1566/1166 1349/1565/1170 1352/1570/1174
f 1353/1577/1178 1356/1578/1179 1358/1579/1180 1357/1580/1181
f 1356/1581/1182 1360/1582/1183 1361/1583/1184 1358/1584/1180
f 1354/1585/1185 1359/1586/1186 1361/1583/1184 1360/1582/1183
f 1359/1586/1186 1363/1587/1187 1364/1588/1188 1361/1583/1184
f 1355/1589/1189 1362/1590/1190 1364/1591/1188 1363/1592/1191
f 1362/1593/1190 1357/1580/1181 1358/1579/1180 1364/1594/1188
f 1358/1584/1180 1361/1583/1184 1364/1588/1188
f 1365/1595/1192 1368/1596/1193 1370/1597/1194 1369/1598/1195
f 1368/1596/1193 1372/1599/1196 1373/1600/1197 1370/1597/1194
f 1366/1601/1198 1371/1602/1199 1373/1603/1197 1372/1604/1196
f 1371/1605/1200 1375/1606/1201 1376/1607/1202 1373/1608/1197
f 1367/1609/1203 1374/1610/1204 1376/1607/1202 1375/1606/1201
f 1374/1610/1204 1369/1611/1205 1370/1612/1194 1376/1607/1202
f 1370/1597/1194 1373/1600/1197 1376/1613/1202
f 1377/1614/1206 1380/1615/1207 1382/1616/1208 1381/1617/1209
f 1380/1615/1207 1384/1618/1210 1385/1619/1211 1382/1616/1208
f 1378/1620/1212 1383/1621/1213 1385/1619/1211 1384/1618/1210
f 1383/1622/1213 1387/1623/1214 1388/1624/1215 1385/1622/1211
f 1379/1625/1216 1386/1626/1217 1388/1624/1215 1387/1623/1214
f 1386/1626/1217 1381/1627/1209 1382/1628/1208 1388/1624/1215
f 1382/1628/1208 1385/1622/1211 1388/1624/1215
f 1389/1629/1218 1392/1630/1219 1394/1631/1220 1393/1632/1221
f 1392/1630/1222 1396/1633/1222 1397/1634/1223 1394/1631/1220
f 1390/1635/1224 1395/1636/1225 1397/1637/1223 1396/1638/1226
f 1395/1639/1225 1399/1640/1227 1400/1641/1228 1397/1642/1223
f 1391/1643/1229 1398/1644/1230 1400/1641/1228 1399/1640/1227
f 1398/1644/1230 1393/1645/1221 1394/1646/1220 1400/1641/1228
f 1394/1631/1220 1397/1634/1223 1400/1647/1228
f 1401/1648/1231 1404/1649/1232 1406/1650/1233 1405/1651/1234
f 1404/1649/1232 1408/1652/1235 1409/1653/1236 1406/1650/1233
f 1402/1654/1237 1407/1655/1238 1409/1656/1236 1408/1657/1235
f 1407/1658/1239 1411/1659/1240 1412/1660/1241 1409/1661/1236
f 1403/1662/1242 1410/1663/1243 1412/1660/1241 1411/1659/1240
f 1410/1663/1243 1405/1664/1244 1406/1665/1233 1412/1660/1241
f 1406/1650/1233 1409/1653/1236 1412/1666/1241
f 1413/1667/1245 1416/1668/1246 1418/1669/1247 1417/1670/1248
f 1416/1668/1246 1420/1671/1249 1421/1672/1250 1418/1669/1247
f 1414/1673/1251 1419/1674/1252 1421/1672/1250 1420/1671/1249
f 1419/1675/1252 1423/1676/1253 1424/1677/1254 1421/1678/1250
f 1415/1679/1255 1422/1680/1256 1424/1677/1254 1423/1676/1253
f 1422/1680/1256 1417/1681/1248 1418/1682/1247 1424/1677/1254
f 1418/1682/1247 1421/1678/1250 1424/1677/1254
f 1425/1683/1257 1428/1684/1258 1430/1685/1259 1429/1686/1260
f 1428/1684/1261 1432/1687/1261 1433/1688/1262 1430/1685/1259
f 1426/1689/1263 1431/1690/1264 1433/1691/1262 1432/1692/1265
f 1431/1693/1264 1435/1694/1266 1436/1695/1267 1433/1696/1262
f 1427/1697/1268 1434/1698/1269 1436/1695/1267 1435/1694/1266
f 1434/1698/1269 1429/1699/1260 1430/1700/1259 1436/1695/1267
f 1430/1685/1259 1433/1688/1262 1436/1701/1267
f 1437/1702/1270 1440/1703/1271 1442/1704/1272 1441/1705/1273
f 1440/1703/1271 1444/1706/1274 1445/1707/1275 1442/1704/1272
f 1438/1708/1276 1443/1709/1277 1445/1710/1275 1444/1711/1274
f 1443/1712/1278 1447/1713/1279 1448/1714/1280 1445/1715/1275
f 1439/1716/1281 1446/1717/1282 1448/1714/1280 1447/1713/1279
f 1446/1717/1282 1441/1718/1283 1442/1719/1272 1448/1714/1280
f 1442/1704/1272 1445/1707/1275 1448/1720/1280
f 1449/1721/1284 1452/1722/1285 1454/1723/1286 1453/1724/1287
f 1452/1722/1285 1456/1725/1288 1457/1726/1289 1454/1723/1286
f 1450/1727/1290 1455/1728/1291 1457/1729/1289 1456/1730/1288
f 1455/1731/1292 1459/1732/1293 1460/1733/1294 1457/1726/1289
f 1451/1734/1295 1458/1735/1296 1460/1733/1294 1459/1732/1293
f 1458/1735/1296 1453/1724/1297 1454/1723/1286 1460/1733/1294
f 1454/1723/1286 1457/1726/1289 1460/1733/1294
f 1461/1736/1298 1464/1737/1299 1466/1738/1300 1465/1739/1301
f 1464/1737/1299 1468/1740/1302 1469/1741/1303 1466/1738/1300
f 1462/1742/1304 1467/1743/1305 1469/1744/1303 1468/1745/1302
f 1467/1746/1305 1471/1747/1306 1472/1748/1307 1469/1741/1303
f 1463/1749/1308 1470/1750/1309 1472/1748/1307 1471/1747/1306
f 1470/1750/1309 1465/1739/1301 1466/1738/1300 1472/1748/1307
f 1466/1738/1300 1469/1741/1303 1472/1748/1307
f 1473/1751/1310 1476/1752/1311 1478/1753/1312 1477/1754/1313
f 1476/1752/1311 1480/1755/1314 1481/1756/1315 1478/1753/1312
f 1474/1757/1316 1479/1758/1317 1481/1759/1315 1480/1760/1314
f 1479/1761/1317 1483/1762/1318 1484/1763/1319 1481/1756/1315
f 1475/1764/1320 1482/1765/1321 1484/1763/1319 1483/1762/1318
f 1482/1765/1321 1477/1754/1313 1478/1753/1312 1484/1763/1319
f 1478/1753/1312 1481/1756/1315 1484/1763/1319
f 1489/1766/1322 1494/1767/1322 1495/1768/1322 1490/1769/1322 1491/1770/1322 1492/1771/1322 1493/1772/1322
f 1500/1773/1323 1505/1774/1323 1506/1775/1323 1501/1776/1323 1502/1777/1323 1503/1778/1323 1504/1779/1323
f 1511/1780/1324 1516/1781/1324 1517/1782/1324 1512/1783/1324 1513/1784/1324 1514/1785/1324 1515/1786/1324
f 1522/1787/1325 1527/1788/1325 1528/1789/1325 1523/1790/1325 1524/1791/1325 1525/1792/1325 1526/1793/1325
f 1545/1794/1326 1553/1795/1327 1555/1796/1328 1554/1797/1329
f 1553/1795/1327 1557/1798/1330 1558/1799/1331 1555/1796/1331
f 1546/1800/1332 1556/1801/1333 1558/1799/1334 1557/1798/1330
f 1556/1801/1335 1560/1802/1335 1561/1803/1336 1558/1799/1336
f 1547/1804/1337 1559/1805/1338 1561/1806/1339 1560/1807/1340
f 1559/1805/1338 1563/1808/1341 1564/1809/1342 1561/1806/1342
f 1548/1810/1343 1562/1811/1344 1564/1812/1345 1563/1813/1341
f 1562/1814/1346 1566/1815/1346 1567/1816/1347 1564/1817/1347
f 1549/1818/1348 1565/1819/1349 1567/1816/1350 1566/1815/1351
f 1565/1820/1349 1569/1821/1352 1570/1822/1353 1567/1823/1353
f 1550/1824/1354 1568/1825/1355 1570/1822/1356 1569/1821/1352
f 1568/1826/1357 1572/1827/1357 1573/1828/1358 1570/1829/1358
f 1551/1830/1359 1571/1831/1360 1573/1828/1361 1572/1827/1362
f 1571/1831/1360 1575/1832/1363 1576/1833/1364 1573/1828/1364
f 1552/1834/1365 1574/1835/1366 1576/1836/1367 1575/1837/1363
f 1574/1835/1368 1554/1838/1369 1555/1839/1370 1576/1836/1370
f 1555/1796/1370 1558/1799/1336 1561/1803/1336 1564/1840/1347 1567/1841/1347 1570/1842/1358 1573/1843/1358 1576/1844/1370
f 1577/1845/1371 1580/1846/1372 1582/1847/1373 1581/1848/1371
f 1580/1846/1372 1584/1849/1374 1585/1850/1375 1582/1847/1373
f 1578/1851/1376 1583/1852/1376 1585/1850/1375 1584/1849/1374
f 1583/1852/1377 1587/1853/1378 1588/1854/1379 1585/1850/1375
f 1579/1855/1380 1586/1856/1381 1588/1856/1379 1587/1857/1378
f 1586/1853/1381 1581/1848/1382 1582/1847/1373 1588/1854/1379
f 1582/1847/1373 1585/1850/1375 1588/1854/1379
f 1589/1858/1383 1592/1859/1384 1594/1860/1385 1593/1861/1386
f 1592/1862/1384 1596/1863/1387 1597/1864/1388 1594/1865/1385
f 1590/1866/1389 1595/1867/1390 1597/1864/1388 1596/1863/1389
f 1595/1868/1390 1599/1869/1391 1600/1870/1392 1597/1871/1388
f 1591/1872/1393 1598/1873/1393 1600/1870/1392 1599/1869/1391
f 1598/1873/1394 1593/1874/1386 1594/1874/1385 1600/1870/1392
f 1594/1865/1385 1597/1864/1388 1600/1875/1392
f 1601/1876/1395 1604/1877/1396 1606/1877/1397 1605/1877/1398
f 1604/1878/1396 1608/1879/1399 1609/1880/1400 1606/1881/1397
f 1602/1882/1401 1607/1883/1402 1609/1880/1400 1608/1879/1401
f 1607/1884/1402 1611/1885/1403 1612/1886/1404 1609/1887/1400
f 1603/1888/1405 1610/1889/1405 1612/1886/1404 1611/1885/1403
f 1610/1889/1406 1605/1890/1398 1606/1890/1397 1612/1886/1404
f 1606/1881/1397 1609/1880/1400 1612/1891/1404
f 1613/1892/1407 1616/1893/1408 1618/1894/1409 1617/1895/1407
f 1616/1893/1408 1620/1896/1410 1621/1897/1411 1618/1894/1409
f 1614/1898/1412 1619/1899/1412 1621/1900/1411 1620/1901/1410
f 1619/1899/1413 1623/1902/1414 1624/1903/1415 1621/1900/1411
f 1615/1904/1416 1622/1905/1417 1624/1905/1415 1623/1906/1414
f 1622/1907/1417 1617/1895/1418 1618/1894/1409 1624/1908/1415
f 1618/1894/1409 1621/1897/1411 1624/1908/1415
f 1625/1909/1419 1628/1910/1420 1630/1911/1421 1629/1912/1422
f 1628/1910/1420 1632/1913/1423 1633/1914/1424 1630/1911/1421
f 1626/1915/1425 1631/1916/1426 1633/1914/1424 1632/1913/1423
f 1631/1916/1426 1635/1917/1427 1636/1918/1428 1633/1914/1424
f 1627/1919/1429 1634/1920/1430 1636/1918/1428 1635/1917/1427
f 1634/1920/1430 1629/1912/1422 1630/1911/1421 1636/1918/1428
f 1630/1911/1421 1633/1914/1424 1636/1918/1428
f 1637/1921/1431 1640/1922/1432 1642/1923/1433 1641/1924/1434
f 1640/1922/1432 1644/1925/1435 1645/1926/1436 1642/1923/1433
f 1638/1927/1437 1643/1928/1438 1645/1926/1436 1644/1925/1435
f 1643/1929/1438 1647/1930/1439 1648/1931/1440 1645/1932/1436
f 1639/1933/1441 1646/1934/1442 1648/1931/1440 1647/1930/1439
f 1646/1934/1442 1641/1935/1434 1642/1936/1433 1648/1931/1440
f 1642/1936/1433 1645/1932/1436 1648/1931/1440
f 1649/1937/1443 1652/1938/1444 1654/1939/1445 1653/1940/1446
f 1652/1938/1444 1656/1941/1447 1657/1942/1448 1654/1939/1445
f 1650/1943/1449 1655/1944/1450 1657/1942/1448 1656/1941/1447
f 1655/1944/1450 1659/1945/1451 1660/1946/1452 1657/1942/1448
f 1651/1947/1453 1658/1948/1454 1660/1946/1452 1659/1945/1451
f 1658/1948/1454 1653/1940/1446 1654/1939/1445 1660/1946/1452
f 1654/1939/1445 1657/1942/1448 1660/1946/1452
f 1661/1949/1455 1664/1950/1456 1666/1951/1457 1665/1952/1458
f 1664/1950/1456 1668/1953/1459 1669/1954/1460 1666/1951/1457
f 1662/1955/1461 1667/1956/1462 1669/1954/1460 1668/1953/1459
f 1667/1957/1462 1671/1958/1463 1672/1959/1464 1669/1960/1460
f 1663/1961/1465 1670/1962/1466 1672/1959/1464 1671/1958/1463
f 1670/1962/1466 1665/1963/1458 1666/1964/1457 1672/1959/1464
f 1666/1964/1457 1669/1960/1460 1672/1959/1464
f 1673/1965/1467 1676/1966/1468 1678/1967/1469 1677/1968/1470
f 1676/1966/1468 1680/1969/1471 1681/1970/1472 1678/1967/1469
f 1674/1971/1473 1679/1972/1474 1681/1970/1472 1680/1969/1471
f 1679/1972/1474 1683/1973/1475 1684/1974/1476 1681/1970/1472
f 1675/1975/1477 1682/1976/1478 1684/1974/1476 1683/1973/1475
f 1682/1976/1478 1677/1968/1470 1678/1967/1469 1684/1974/1476
f 1678/1967/1469 1681/1970/1472 1684/1974/1476
f 1685/1977/1479 1689/1978/1480 1691/1979/1481 1690/1980/1482
f 1689/1978/1480 1693/1981/1483 1694/1982/1484 1691/1979/1481
f 1686/1983/1485 1692/1984/1486 1694/1985/1484 1693/1986/1483
f 1692/1984/1486 1696/1987/1487 1697/1988/1488 1694/1985/1484
f 1687/1989/1489 1695/1990/1490 1697/1991/1488 1696/1992/1487
f 1695/1993/1490 1699/1994/1491 1700/1995/1492 1697/1996/1488
f 1688/1997/1493 1698/1998/1494 1700/1995/1492 1699/1994/1491
f 1698/1999/1494 1690/1980/1482 1691/1979/1481 1700/2000/1492
f 1691/1979/1495 1694/1982/1495 1697/2001/1495 1700/2000/1495
f 1701/2002/1496 1704/2003/1497 1706/2004/1498 1705/2005/1499
f 1704/2003/1497 1708/2006/1500 1709/2007/1501 1706/2004/1498
f 1702/2008/1502 1707/2009/1503 1709/2010/1501 1708/2011/1500
f 1707/2009/1503 1711/2012/1504 1712/2013/1505 1709/2010/1501
f 1703/2014/1506 1710/2015/1507 1712/2013/1505 1711/2012/1504
f 1710/2015/1507 1705/2016/1499 1706/2017/1498 1712/2013/1505
f 1706/2004/1498 1709/2007/1501 1712/2018/1505
f 1713/2019/1508 1716/2020/1509 1718/2021/1510 1717/2022/1511
f 1716/2020/1509 1720/2023/1512 1721/2024/1513 1718/2021/1510
f 1714/2025/1514 1719/2026/1515 1721/2024/1513 1720/2023/1512
f 1719/2026/1515 1723/2027/1516 1724/2028/1517 1721/2024/1513
f 1715/2029/1518 1722/2030/1519 1724/2028/1517 1723/2027/1516
f 1722/2030/1519 1717/2022/1511 1718/2021/1510 1724/2028/1517
f 1718/2021/1510 1721/2024/1513 1724/2028/1517
f 1725/2031/1520 1728/2032/1521 1730/2033/1522 1729/2034/1523
f 1728/2032/1521 1732/2035/1524 1733/2036/1525 1730/2033/1522
f 1726/2037/1526 1731/2038/1527 1733/2036/1525 1732/2035/1524
f 1731/2038/1527 1735/2039/1528 1736/2040/1529 1733/2036/1525
f 1727/2041/1530 1734/2042/1531 1736/2043/1529 1735/2044/1528
f 1734/2042/1531 1729/2045/1523 1730/2046/1522 1736/2043/1529
f 1730/2046/1522 1733/2047/1525 1736/2043/1529
f 1737/2048/1532 1740/2049/1533 1742/2050/1534 1741/2051/1535
f 1740/2052/1533 1744/2053/1536 1745/2054/1537 1742/2055/1534
f 1738/2056/1538 1743/2057/1539 1745/2054/1537 1744/2053/1536
f 1743/2057/1539 1747/2058/1540 1748/2059/1541 1745/2054/1537
f 1739/2060/1542 1746/2061/1543 1748/2062/1541 1747/2063/1540
f 1746/2061/1543 1741/2051/1535 1742/2050/1534 1748/2062/1541
f 1742/2064/1534 1745/2065/1537 1748/2066/1541
f 1749/2067/1544 1752/2068/1545 1754/2069/1546 1753/2070/1547
f 1752/2068/1545 1756/2071/1548 1757/2072/1549 1754/2069/1546
f 1750/2073/1550 1755/2074/1551 1757/2075/1549 1756/2076/1548
f 1755/2074/1551 1759/2077/1552 1760/2078/1553 1757/2075/1549
f 1751/2079/1554 1758/2080/1555 1760/2078/1553 1759/2077/1552
f 1758/2081/1555 1753/2070/1547 1754/2069/1546 1760/2082/1553
f 1754/2069/1546 1757/2072/1549 1760/2082/1553
f 1761/2083/1556 1764/2084/1557 1766/2085/1558 1765/2086/1559
f 1764/2087/1557 1768/2088/1560 1769/2089/1561 1766/2090/1558
f 1762/2091/1562 1767/2092/1563 1769/2089/1561 1768/2088/1560
f 1767/2092/1563 1771/2093/1564 1772/2094/1565 1769/2089/1561
f 1763/2095/1566 1770/2096/1567 1772/2094/1565 1771/2093/1564
f 1770/2096/1567 1765/2097/1559 1766/2090/1558 1772/2094/1565
f 1766/2090/1558 1769/2089/1561 1772/2094/1565
f 1773/2098/1568 1776/2099/1569 1778/2100/1570 1777/2101/1571
f 1776/2102/1569 1780/2103/1572 1781/2104/1573 1778/2105/1570
f 1774/2106/1574 1779/2107/1575 1781/2104/1573 1780/2103/1572
f 1779/2107/1575 1783/2108/1576 1784/2109/1577 1781/2104/1573
f 1775/2110/1578 1782/2111/1579 1784/2112/1577 1783/2113/1576
f 1782/2111/1579 1777/2101/1571 1778/2100/1570 1784/2112/1577
f 1778/2105/1570 1781/2104/1573 1784/2109/1577
f 1785/2114/1580 1788/2115/1581 1790/2116/1582 1789/2117/1583
f 1788/2115/1581 1792/2118/1584 1793/2119/1585 1790/2116/1582
f 1786/2120/1586 1791/2121/1587 1793/2119/1585 1792/2118/1584
f 1791/2121/1587 1795/2122/1588 1796/2123/1589 1793/2119/1585
f 1787/2124/1590 1794/2125/1591 1796/2126/1589 1795/2127/1588
f 1794/2128/1591 1789/2117/1583 1790/2116/1582 1796/2123/1589
f 1790/2116/1582 1793/2119/1585 1796/2123/1589
f 1797/2129/1592 1800/2130/1593 1802/2131/1594 1801/2132/1595
f 1800/2133/1593 1804/2134/1596 1805/2135/1597 1802/2136/1594
f 1798/2137/1598 1803/2138/1599 1805/2135/1597 1804/2134/1596
f 1803/2138/1599 1807/2139/1600 1808/2140/1601 1805/2135/1597
f 1799/2141/1602 1806/2142/1603 1808/2143/1601 1807/2144/1600
f 1806/2142/1603 1801/2132/1595 1802/2131/1594 1808/2143/1601
f 1802/2131/1594 1805/2145/1597 1808/2143/1601
f 1833/2146/1604 1836/2147/1605 1838/2148/1606 1837/2149/1607
f 1836/2147/1605 1840/2150/1608 1841/2151/1609 1838/2148/1606
f 1834/2152/1610 1839/2153/1611 1841/2154/1609 1840/2155/1608
f 1839/2156/1611 1843/2157/1612 1844/2158/1613 1841/2151/1609
f 1835/2159/1614 1842/2160/1615 1844/2158/1613 1843/2157/1612
f 1842/2160/1615 1837/2149/1607 1838/2148/1606 1844/2158/1613
f 1838/2161/1606 1841/2162/1609 1844/2163/1613
f 1845/2164/1616 1848/2165/1617 1850/2166/1618 1849/2167/1619
f 1848/2168/1617 1852/2169/1620 1853/2170/1621 1850/2171/1618
f 1846/2172/1622 1851/2173/1623 1853/2170/1621 1852/2169/1620
f 1851/2173/1623 1855/2174/1624 1856/2175/1625 1853/2170/1621
f 1847/2176/1626 1854/2177/1627 1856/2175/1625 1855/2174/1624
f 1854/2177/1627 1849/2178/1619 1850/2171/1618 1856/2175/1625
f 1850/2171/1618 1853/2170/1621 1856/2175/1625
f 1857/2179/1628 1860/2180/1629 1862/2181/1630 1861/2182/1631
f 1860/2180/1629 1864/2183/1632 1865/2184/1633 1862/2181/1630
f 1858/2185/1634 1863/2186/1635 1865/2187/1633 1864/2188/1632
f 1863/2186/1635 1867/2189/1636 1868/2190/1637 1865/2187/1633
f 1859/2191/1638 1866/2192/1639 1868/2190/1637 1867/2189/1636
f 1866/2193/1639 1861/2182/1631 1862/2181/1630 1868/2194/1637
f 1862/2181/1630 1865/2184/1633 1868/2194/1637
f 1869/2195/1640 1872/2196/1641 1874/2197/1642 1873/2198/1643
f 1872/2196/1641 1876/2199/1644 1877/2200/1645 1874/2197/1642
f 1870/2201/1646 1875/2202/1647 1877/2200/1645 1876/2199/1644
f 1875/2203/1647 1879/2204/1648 1880/2205/1649 1877/2206/1645
f 1871/2207/1650 1878/2208/1651 1880/2205/1649 1879/2204/1648
f 1878/2208/1651 1873/2209/1643 1874/2210/1642 1880/2205/1649
f 1874/2210/1642 1877/2206/1645 1880/2205/1649
f 1881/2211/1652 1884/2212/1653 1886/2213/1654 1885/2214/1655
f 1884/2212/1653 1888/2215/1656 1889/2216/1657 1886/2213/1654
f 1882/2217/1658 1887/2218/1659 1889/2219/1657 1888/2220/1656
f 1887/2218/1659 1891/2221/1660 1892/2222/1661 1889/2219/1657
f 1883/2223/1662 1890/2224/1663 1892/2222/1661 1891/2221/1660
f 1890/2225/1663 1885/2214/1655 1886/2213/1654 1892/2226/1661
f 1886/2213/1654 1889/2216/1657 1892/2226/1661
f 1893/2227/1664 1896/2228/1665 1898/2229/1666 1897/2230/1667
f 1896/2228/1665 1900/2231/1668 1901/2232/1669 1898/2229/1666
f 1894/2233/1670 1899/2234/1671 1901/2232/1669 1900/2231/1668
f 1899/2234/1671 1903/2235/1672 1904/2236/1673 1901/2232/1669
f 1895/2237/1674 1902/2238/1675 1904/2239/1673 1903/2240/1672
f 1902/2241/1675 1897/2230/1667 1898/2229/1666 1904/2236/1673
f 1898/2229/1666 1901/2232/1669 1904/2236/1673
f 1929/2242/1676 1934/2243/1677 1936/2244/1678 1935/2245/1679
f 1934/2243/1677 1938/2246/1680 1939/2247/1681 1936/2244/1678
f 1930/2248/1682 1937/2249/1683 1939/2247/1681 1938/2246/1680
f 1937/2249/1683 1941/2250/1684 1942/2251/1685 1939/2247/1681
f 1931/2252/1686 1940/2253/1687 1942/2251/1685 1941/2250/1684
f 1940/2254/1687 1944/2255/1688 1945/2256/1689 1942/2257/1685
f 1932/2258/1690 1943/2259/1691 1945/2256/1689 1944/2255/1688
f 1943/2259/1691 1947/2260/1692 1948/2261/1693 1945/2256/1689
f 1933/2262/1694 1946/2263/1695 1948/2261/1693 1947/2260/1692
f 1946/2263/1695 1935/2264/1679 1936/2265/1678 1948/2261/1693
f 1936/2265/1678 1939/2266/1681 1942/2257/1685 1945/2256/1689 1948/2261/1693
f 1949/2267/1696 1954/2268/1697 1956/2269/1698 1955/2270/1699
f 1954/2268/1697 1958/2271/1700 1959/2272/1701 1956/2269/1698
f 1950/2273/1702 1957/2274/1703 1959/2272/1701 1958/2271/1700
f 1957/2274/1703 1961/2275/1704 1962/2276/1705 1959/2272/1701
f 1951/2277/1706 1960/2278/1707 1962/2276/1705 1961/2275/1704
f 1960/2279/1707 1964/2280/1708 1965/2281/1709 1962/2282/1705
f 1952/2283/1710 1963/2284/1711 1965/2281/1709 1964/2280/1708
f 1963/2284/1711 1967/2285/1712 1968/2286/1713 1965/2281/1709
f 1953/2287/1714 1966/2288/1715 1968/2286/1713 1967/2285/1712
f 1966/2288/1715 1955/2289/1699 1956/2290/1698 1968/2286/1713
f 1956/2290/1698 1959/2291/1701 1962/2282/1705 1965/2281/1709 1968/2286/1713
f 1969/2292/1716 1974/2293/1717 1976/2294/1718 1975/2295/1719
f 1974/2293/1717 1978/2296/1720 1979/2297/1721 1976/2294/1718
f 1970/2298/1722 1977/2299/1723 1979/2297/1721 1978/2296/1720
f 1977/2299/1723 1981/2300/1724 1982/2301/1725 1979/2297/1721
f 1971/2302/1726 1980/2303/1727 1982/2304/1725 1981/2305/1724
f 1980/2303/1727 1984/2306/1728 1985/2307/1729 1982/2304/1725
f 1972/2308/1730 1983/2309/1731 1985/2307/1729 1984/2306/1728
f 1983/2309/1731 1987/2310/1732 1988/2311/1733 1985/2307/1729
f 1973/2312/1734 1986/2313/1735 1988/2311/1733 1987/2310/1732
f 1986/2314/1735 1975/2295/1719 1976/2294/1718 1988/2315/1733
f 1976/2294/1718 1979/2297/1721 1982/2301/1725 1985/2316/1729 1988/2315/1733
f 1989/2317/1736 1994/2318/1737 1996/2319/1738 1995/2320/1739
f 1994/2318/1737 1998/2321/1740 1999/2322/1741 1996/2319/1738
f 1990/2323/1742 1997/2324/1743 1999/2322/1741 1998/2321/1740
f 1997/2324/1743 2001/2325/1744 2002/2326/1745 1999/2322/1741
f 1991/2327/1746 2000/2328/1747 2002/2329/1745 2001/2330/1744
f 2000/2328/1747 2004/2331/1748 2005/2332/1749 2002/2329/1745
f 1992/2333/1750 2003/2334/1751 2005/2332/1749 2004/2331/1748
f 2003/2334/1751 2007/2335/1752 2008/2336/1753 2005/2332/1749
f 1993/2337/1754 2006/2338/1755 2008/2336/1753 2007/2335/1752
f 2006/2339/1755 1995/2320/1739 1996/2319/1738 2008/2340/1753
f 1996/2319/1738 1999/2322/1741 2002/2326/1745 2005/2341/1749 2008/2340/1753
f 2009/2342/1756 2012/2343/1757 2014/2344/1758 2013/2345/1759
f 2012/2343/1757 2016/2346/1760 2017/2347/1761 2014/2344/1758
f 2010/2348/1762 2015/2349/1763 2017/2347/1761 2016/2346/1760
f 2015/2350/1764 2019/2351/1765 2020/2352/1766 2017/2353/1761
f 2011/2354/1767 2018/2355/1768 2020/2352/1766 2019/2351/1765
f 2018/2355/1768 2013/2356/1769 2014/2357/1758 2020/2352/1766
f 2014/2344/1758 2017/2347/1761 2020/2358/1766
f 2021/2359/1770 2024/2360/1771 2026/2361/1772 2025/2362/1773
f 2024/2360/1771 2028/2363/1774 2029/2364/1775 2026/2361/1772
f 2022/2365/1776 2027/2366/1777 2029/2364/1775 2028/2363/1774
f 2027/2367/1778 2031/2368/1779 2032/2369/1780 2029/2370/1775
f 2023/2371/1781 2030/2372/1782 2032/2369/1780 2031/2368/1779
f 2030/2372/1782 2025/2373/1783 2026/2374/1772 2032/2369/1780
f 2026/2361/1772 2029/2364/1775 2032/2375/1780
f 2033/2376/1784 2036/2377/1785 2038/2378/1786 2037/2379/1787
f 2036/2377/1785 2040/2380/1788 2041/2381/1789 2038/2378/1786
f 2034/2382/1790 2039/2383/1791 2041/2381/1789 2040/2380/1788
f 2039/2384/1792 2043/2385/1793 2044/2386/1794 2041/2387/1789
f 2035/2388/1795 2042/2389/1796 2044/2386/1794 2043/2385/1793
f 2042/2389/1796 2037/2390/1797 2038/2391/1786 2044/2386/1794
f 2038/2378/1786 2041/2381/1789 2044/2392/1794
f 2045/2393/1798 2048/2394/1799 2050/2395/1800 2049/2396/1801
f 2048/2397/1802 2052/2398/1803 2053/2399/1804 2050/2400/1800
f 2046/2401/1805 2051/2402/1806 2053/2399/1804 2052/2398/1803
f 2051/2402/1806 2055/2403/1807 2056/2404/1808 2053/2399/1804
f 2047/2405/1809 2054/2406/1810 2056/2407/1808 2055/2408/1811
f 2054/2406/1810 2049/2396/1801 2050/2395/1800 2056/2407/1808
f 2050/2409/1800 2053/2410/1804 2056/2411/1808
f 2057/2412/1812 2061/2413/1813 2063/2414/1814 2062/2415/1815
f 2061/2416/1813 2065/2417/1816 2066/2418/1817 2063/2419/1814
f 2058/2420/1818 2064/2421/1819 2066/2418/1817 2065/2417/1816
f 2064/2421/1819 2068/2422/1820 2069/2423/1821 2066/2418/1817
f 2059/2424/1822 2067/2425/1823 2069/2426/1821 2068/2427/1820
f 2067/2428/1823 2071/2429/1824 2072/2430/1825 2069/2431/1821
f 2060/2432/1826 2070/2433/1827 2072/2430/1825 2071/2429/1824
f 2070/2433/1827 2062/2434/1815 2063/2435/1814 2072/2430/1825
f 2063/2419/1814 2066/2418/1817 2069/2423/1821 2072/2436/1825
f 2073/2437/1828 2076/2438/1829 2075/2439/1830
f 2076/2438/1829 2077/2440/1831 2075/2438/1830
f 2077/2440/1831 2074/2441/1832 2075/2438/1830
f 2078/2442/1833 2081/2443/1834 2080/2444/1835
f 2081/2443/1834 2082/2445/1836 2080/2446/1835
f 2082/2445/1836 2079/2447/1837 2080/2446/1835
f 2083/2448/1838 2086/2449/1839 2085/2450/1840
f 2086/2449/1839 2087/2451/1841 2085/2452/1840
f 2087/2451/1841 2084/2453/1842 2085/2452/1840
f 2088/2454/1843 2091/2455/1844 2090/2456/1845
f 2091/2455/1844 2092/2457/1846 2090/2456/1845
f 2092/2457/1846 2089/2458/1847 2090/2456/1845
f 2093/2459/1848 2097/2460/1849 2099/2461/1850 2098/2462/1851
f 2097/2460/1849 2101/2463/1852 2102/2464/1853 2099/2461/1850
f 2094/2465/1854 2100/2466/1855 2102/2467/1853 2101/2468/1852
f 2100/2469/1855 2104/2470/1856 2105/2471/1857 2102/2472/1853
f 2095/2473/1858 2103/2474/1859 2105/2471/1857 2104/2470/1856
f 2103/2474/1859 2107/2475/1860 2108/2476/1861 2105/2471/1857
f 2096/2477/1862 2106/2478/1863 2108/2479/1861 2107/2480/1860
f 2106/2481/1863 2098/2462/1851 2099/2461/1850 2108/2482/1861
f 2099/2461/1850 2102/2464/1853 2105/2483/1857 2108/2482/1861
f 2109/2484/1864 2113/2485/1865 2115/2486/1866 2114/2487/1867
f 2113/2485/1865 2117/2488/1868 2118/2489/1869 2115/2486/1866
f 2110/2490/1870 2116/2491/1871 2118/2492/1869 2117/2493/1868
f 2116/2494/1871 2120/2495/1872 2121/2496/1873 2118/2497/1869
f 2111/2498/1874 2119/2499/1875 2121/2496/1873 2120/2495/1872
f 2119/2500/1875 2123/2501/1876 2124/2502/1877 2121/2503/1873
f 2112/2504/1878 2122/2505/1879 2124/2502/1877 2123/2501/1876
f 2122/2506/1879 2114/2487/1867 2115/2486/1866 2124/2507/1877
f 2115/2486/1866 2118/2489/1869 2121/2508/1873 2124/2507/1877
f 2125/2509/1880 2128/2510/1881 2127/2511/1882
f 2128/2510/1881 2129/2512/1883 2127/2513/1882
f 2129/2512/1883 2126/2514/1884 2127/2513/1882
f 2130/2515/1885 2133/2516/1886 2132/2517/1887
f 2133/2516/1886 2134/2518/1888 2132/2519/1887
f 2134/2518/1888 2131/2520/1889 2132/2519/1887
f 2135/2521/1890 2138/2522/1891 2137/2523/1892
f 2138/2522/1891 2139/2524/1893 2137/2525/1892
f 2139/2524/1893 2136/2526/1894 2137/2525/1892
f 2140/2527/1895 2143/2528/1896 2142/2529/1897
f 2143/2528/1896 2144/2530/1898 2142/2531/1897
f 2144/2530/1898 2141/2532/1899 2142/2531/1897
f 2145/2533/1900 2149/2534/1901 2151/2535/1902 2150/2536/1903
f 2149/2537/1901 2153/2538/1904 2154/2539/1905 2151/2540/1902
f 2146/2541/1906 2152/2542/1907 2154/2539/1905 2153/2538/1904
f 2152/2543/1907 2156/2544/1908 2157/2545/1909 2154/2546/1905
f 2147/2547/1910 2155/2548/1911 2157/2545/1909 2156/2544/1908
f 2155/2548/1911 2159/2549/1912 2160/2550/1913 2157/2545/1909
f 2148/2551/1914 2158/2552/1915 2160/2553/1913 2159/2554/1912
f 2158/2552/1915 2150/2555/1903 2151/2556/1902 2160/2553/1913
f 2151/2540/1902 2154/2539/1905 2157/2557/1909 2160/2558/1913
f 2185/2559/1916 2188/2560/1917 2190/2561/1918 2189/2562/1919
f 2188/2563/1920 2192/2564/1921 2193/2565/1922 2190/2566/1918
f 2186/2567/1923 2191/2568/1924 2193/2565/1922 2192/2564/1921
f 2191/2568/1924 2195/2569/1925 2196/2570/1926 2193/2565/1922
f 2187/2571/1927 2194/2572/1928 2196/2573/1926 2195/2574/1929
f 2194/2572/1928 2189/2575/1919 2190/2576/1918 2196/2573/1926
f 2190/2566/1918 2193/2565/1922 2196/2570/1926
f 2197/2577/1930 2200/2578/1931 2202/2579/1932 2201/2580/1933
f 2200/2581/1931 2204/2582/1934 2205/2583/1935 2202/2584/1932
f 2198/2585/1936 2203/2586/1937 2205/2583/1935 2204/2582/1934
f 2203/2587/1938 2207/2588/1939 2208/2589/1940 2205/2590/1935
f 2199/2591/1941 2206/2592/1942 2208/2589/1940 2207/2588/1939
f 2206/2592/1942 2201/2593/1943 2202/2594/1932 2208/2589/1940
f 2202/2594/1932 2205/2590/1935 2208/2589/1940
f 2209/2595/1944 2212/2596/1945 2214/2597/1946 2213/2598/1947
f 2212/2596/1945 2216/2599/1948 2217/2600/1949 2214/2597/1946
f 2210/2601/1950 2215/2602/1951 2217/2603/1949 2216/2604/1948
f 2215/2605/1952 2219/2606/1953 2220/2607/1954 2217/2608/1949
f 2211/2609/1955 2218/2610/1956 2220/2607/1954 2219/2606/1953
f 2218/2610/1956 2213/2611/1957 2214/2612/1946 2220/2607/1954
f 2214/2612/1946 2217/2608/1949 2220/2607/1954
f 2221/2613/1958 2224/2614/1959 2226/2615/1960 2225/2616/1961
f 2224/2617/1962 2228/2618/1963 2229/2619/1964 2226/2620/1960
f 2222/2621/1965 2227/2622/1966 2229/2619/1964 2228/2618/1963
f 2227/2622/1966 2231/2623/1967 2232/2624/1968 2229/2619/1964
f 2223/2625/1969 2230/2626/1970 2232/2627/1968 2231/2628/1971
f 2230/2629/1970 2225/2616/1961 2226/2615/1960 2232/2630/1968
f 2226/2620/1960 2229/2619/1964 2232/2624/1968
f 2233/2631/1972 2236/2632/1973 2238/2633/1974 2237/2634/1975
f 2236/2635/1976 2240/2636/1977 2241/2637/1978 2238/2638/1974
f 2234/2639/1979 2239/2640/1980 2241/2637/1978 2240/2636/1977
f 2239/2640/1980 2243/2641/1981 2244/2642/1982 2241/2637/1978
f 2235/2643/1983 2242/2644/1984 2244/2645/1982 2243/2646/1985
f 2242/2644/1984 2237/2647/1975 2238/2648/1974 2244/2645/1982
f 2238/2638/1974 2241/2637/1978 2244/2642/1982
f 2245/2649/1986 2248/2650/1987 2250/2651/1988 2249/2652/1989
f 2248/2653/1987 2252/2654/1990 2253/2655/1991 2250/2656/1988
f 2246/2657/1992 2251/2658/1993 2253/2655/1991 2252/2654/1990
f 2251/2659/1994 2255/2660/1995 2256/2661/1996 2253/2662/1991
f 2247/2663/1997 2254/2664/1998 2256/2661/1996 2255/2660/1995
f 2254/2664/1998 2249/2665/1999 2250/2666/1988 2256/2661/1996
f 2250/2656/1988 2253/2655/1991 2256/2667/1996
f 2257/2668/2000 2260/2669/2001 2262/2670/2002 2261/2671/2003
f 2260/2672/2001 2264/2673/2004 2265/2674/2005 2262/2675/2002
f 2258/2676/2006 2263/2677/2007 2265/2674/2005 2264/2673/2004
f 2263/2678/2008 2267/2679/2009 2268/2680/2010 2265/2681/2005
f 2259/2682/2011 2266/2683/2012 2268/2680/2010 2267/2679/2009
f 2266/2683/2012 2261/2684/2013 2262/2685/2002 2268/2680/2010
f 2262/2675/2002 2265/2674/2005 2268/2686/2010
f 2269/2687/2014 2272/2688/2015 2274/2689/2016 2273/2690/2017
f 2272/2691/2018 2276/2692/2019 2277/2693/2020 2274/2694/2016
f 2270/2695/2021 2275/2696/2022 2277/2693/2020 2276/2692/2019
f 2275/2696/2022 2279/2697/2023 2280/2698/2024 2277/2693/2020
f 2271/2699/2025 2278/2700/2026 2280/2701/2024 2279/2702/2027
f 2278/2700/2026 2273/2703/2017 2274/2704/2016 2280/2701/2024
f 2274/2694/2016 2277/2693/2020 2280/2698/2024
f 2305/2705/2028 2308/2706/2029 2310/2707/2030 2309/2708/2031
f 2308/2709/2032 2312/2710/2033 2313/2711/2034 2310/2712/2030
f 2306/2713/2035 2311/2714/2036 2313/2711/2034 2312/2710/2033
f 2311/2714/2036 2315/2715/2037 2316/2716/2038 2313/2711/2034
f 2307/2717/2039 2314/2718/2040 2316/2719/2038 2315/2720/2041
f 2314/2718/2040 2309/2721/2031 2310/2722/2030 2316/2719/2038
f 2310/2712/2030 2313/2711/2034 2316/2716/2038
f 2317/2723/2042 2320/2724/2043 2322/2725/2044 2321/2726/2045
f 2320/2727/2043 2324/2728/2046 2325/2729/2047 2322/2730/2044
f 2318/2731/2048 2323/2732/2049 2325/2729/2047 2324/2728/2046
f 2323/2733/2050 2327/2734/2051 2328/2735/2052 2325/2736/2047
f 2319/2737/2053 2326/2738/2054 2328/2735/2052 2327/2734/2051
f 2326/2738/2054 2321/2739/2055 2322/2740/2044 2328/2735/2052
f 2322/2730/2044 2325/2729/2047 2328/2741/2052
f 2329/2742/2056 2332/2743/2057 2334/2744/2058 2333/2745/2059
f 2332/2743/2057 2336/2746/2060 2337/2747/2061 2334/2744/2058
f 2330/2748/2062 2335/2749/2063 2337/2750/2061 2336/2751/2060
f 2335/2752/2064 2339/2753/2065 2340/2754/2066 2337/2755/2061
f 2331/2756/2067 2338/2757/2068 2340/2754/2066 2339/2753/2065
f 2338/2757/2068 2333/2758/2069 2334/2759/2058 2340/2754/2066
f 2334/2744/2058 2337/2747/2061 2340/2760/2066
f 2341/2761/2070 2344/2762/2071 2346/2763/2072 2345/2764/2073
f 2344/2765/2074 2348/2766/2075 2349/2767/2076 2346/2768/2072
f 2342/2769/2077 2347/2770/2078 2349/2767/2076 2348/2766/2075
f 2347/2770/2078 2351/2771/2079 2352/2772/2080 2349/2767/2076
f 2343/2773/2081 2350/2774/2082 2352/2775/2080 2351/2776/2083
f 2350/2777/2082 2345/2764/2073 2346/2763/2072 2352/2778/2080
f 2346/2768/2072 2349/2767/2076 2352/2772/2080
f 2361/2779/2084 2364/2780/2085 2366/2781/2086 2365/2782/2087
f 2364/2783/2085 2368/2784/2088 2369/2785/2089 2366/2786/2086
f 2362/2787/2090 2367/2788/2091 2369/2785/2089 2368/2784/2088
f 2367/2789/2092 2371/2790/2093 2372/2791/2094 2369/2792/2089
f 2363/2793/2095 2370/2794/2096 2372/2791/2094 2371/2790/2093
f 2370/2794/2096 2365/2795/2097 2366/2796/2086 2372/2791/2094
f 2366/2786/2086 2369/2785/2089 2372/2797/2094
f 2373/2798/2098 2376/2799/2099 2378/2800/2100 2377/2801/2101
f 2376/2802/2102 2380/2803/2103 2381/2804/2104 2378/2805/2100
f 2374/2806/2105 2379/2807/2106 2381/2804/2104 2380/2803/2103
f 2379/2807/2106 2383/2808/2107 2384/2809/2108 2381/2804/2104
f 2375/2810/2109 2382/2811/2110 2384/2812/2108 2383/2813/2111
f 2382/2814/2110 2377/2801/2101 2378/2800/2100 2384/2815/2108
f 2378/2805/2100 2381/2804/2104 2384/2809/2108
f 2385/2816/2112 2388/2817/2113 2390/2818/2114 2389/2819/2115
f 2388/2820/2116 2392/2821/2117 2393/2822/2118 2390/2823/2114
f 2386/2824/2119 2391/2825/2120 2393/2822/2118 2392/2821/2117
f 2391/2825/2120 2395/2826/2121 2396/2827/2122 2393/2822/2118
f 2387/2828/2123 2394/2829/2124 2396/2830/2122 2395/2831/2125
f 2394/2829/2124 2389/2832/2115 2390/2833/2114 2396/2830/2122
f 2390/2823/2114 2393/2822/2118 2396/2827/2122
f 2397/2834/2126 2400/2835/2127 2402/2836/2128 2401/2837/2129
f 2400/2838/2127 2404/2839/2130 2405/2840/2131 2402/2841/2128
f 2398/2842/2132 2403/2843/2133 2405/2840/2131 2404/2839/2130
f 2403/2844/2134 2407/2845/2135 2408/2846/2136 2405/2847/2131
f 2399/2848/2137 2406/2849/2138 2408/2846/2136 2407/2845/2135
f 2406/2849/2138 2401/2850/2139 2402/2851/2128 2408/2846/2136
f 2402/2841/2128 2405/2840/2131 2408/2852/2136
f 2425/2853/2140 2428/2854/2141 2430/2855/2142 2429/2856/2143
f 2428/2857/2141 2432/2858/2144 2433/2859/2145 2430/2860/2142
f 2426/2861/2146 2431/2862/2147 2433/2859/2145 2432/2858/2144
f 2431/2862/2147 2435/2863/2148 2436/2864/2149 2433/2859/2145
f 2427/2865/2150 2434/2866/2151 2436/2867/2149 2435/2868/2148
f 2434/2866/2151 2429/2869/2143 2430/2870/2142 2436/2867/2149
f 2430/2860/2142 2433/2859/2145 2436/2864/2149
f 2437/2871/2152 2440/2872/2153 2442/2873/2154 2441/2874/2155
f 2440/2872/2153 2444/2875/2156 2445/2876/2157 2442/2873/2154
f 2438/2877/2158 2443/2878/2159 2445/2879/2157 2444/2880/2156
f 2443/2881/2159 2447/2882/2160 2448/2883/2161 2445/2884/2157
f 2439/2885/2162 2446/2886/2163 2448/2883/2161 2447/2882/2160
f 2446/2887/2163 2441/2874/2155 2442/2873/2154 2448/2888/2161
f 2442/2873/2154 2445/2876/2157 2448/2888/2161
f 2449/2889/2164 2452/2890/2165 2454/2891/2166 2453/2892/2167
f 2452/2893/2165 2456/2894/2168 2457/2895/2169 2454/2896/2166
f 2450/2897/2170 2455/2898/2171 2457/2895/2169 2456/2894/2168
f 2455/2898/2171 2459/2899/2172 2460/2900/2173 2457/2895/2169
f 2451/2901/2174 2458/2902/2175 2460/2903/2173 2459/2904/2172
f 2458/2905/2175 2453/2892/2167 2454/2891/2166 2460/2906/2173
f 2454/2896/2166 2457/2895/2169 2460/2900/2173
f 2461/2907/2176 2464/2908/2177 2466/2909/2178 2465/2910/2179
f 2464/2908/2177 2468/2911/2180 2469/2912/2181 2466/2909/2178
f 2462/2913/2182 2467/2914/2183 2469/2915/2181 2468/2916/2180
f 2467/2917/2183 2471/2918/2184 2472/2919/2185 2469/2920/2181
f 2463/2921/2186 2470/2922/2187 2472/2919/2185 2471/2918/2184
f 2470/2923/2187 2465/2910/2179 2466/2909/2178 2472/2924/2185
f 2466/2909/2178 2469/2912/2181 2472/2924/2185
f 2473/2925/2188 2476/2926/2189 2478/2927/2190 2477/2928/2191
f 2476/2929/2189 2480/2930/2192 2481/2931/2193 2478/2932/2190
f 2474/2933/2194 2479/2934/2195 2481/2931/2193 2480/2930/2192
f 2479/2935/2195 2483/2936/2196 2484/2937/2197 2481/2938/2193
f 2475/2939/2198 2482/2940/2199 2484/2937/2197 2483/2936/2196
f 2482/2940/2199 2477/2941/2191 2478/2942/2190 2484/2937/2197
f 2478/2932/2190 2481/2931/2193 2484/2943/2197
f 2485/2944/2200 2488/2945/2201 2490/2946/2202 2489/2947/2203
f 2488/2948/2201 2492/2949/2204 2493/2950/2205 2490/2951/2202
f 2486/2952/2206 2491/2953/2207 2493/2950/2205 2492/2949/2204
f 2491/2954/2207 2495/2955/2208 2496/2956/2209 2493/2957/2205
f 2487/2958/2210 2494/2959/2211 2496/2956/2209 2495/2955/2208
f 2494/2959/2211 2489/2960/2203 2490/2961/2202 2496/2956/2209
f 2490/2951/2202 2493/2950/2205 2496/2962/2209
f 2497/2963/2212 2500/2964/2213 2502/2965/2214 2501/2966/2215
f 2500/2967/2213 2504/2968/2216 2505/2969/2217 2502/2970/2214
f 2498/2971/2218 2503/2972/2219 2505/2969/2217 2504/2968/2216
f 2503/2972/2219 2507/2973/2220 2508/2974/2221 2505/2969/2217
f 2499/2975/2222 2506/2976/2223 2508/2977/2221 2507/2978/2220
f 2506/2976/2223 2501/2979/2215 2502/2980/2214 2508/2977/2221
f 2502/2970/2214 2505/2969/2217 2508/2974/2221
f 2509/2981/2224 2512/2982/2225 2514/2983/2226 2513/2984/2227
f 2512/2985/2225 2516/2986/2228 2517/2987/2229 2514/2988/2226
f 2510/2989/2230 2515/2990/2231 2517/2987/2229 2516/2986/2228
f 2515/2991/2231 2519/2992/2232 2520/2993/2233 2517/2994/2229
f 2511/2995/2234 2518/2996/2235 2520/2993/2233 2519/2992/2232
f 2518/2996/2235 2513/2997/2227 2514/2998/2226 2520/2993/2233
f 2514/2988/2226 2517/2987/2229 2520/2999/2233
f 2529/3000/2236 2532/3001/2237 2534/3002/2238 2533/3003/2239
f 2532/3004/2237 2536/3005/2240 2537/3006/2241 2534/3007/2238
f 2530/3008/2242 2535/3009/2243 2537/3006/2241 2536/3005/2240
f 2535/3010/2243 2539/3011/2244 2540/3012/2245 2537/3013/2241
f 2531/3014/2246 2538/3015/2247 2540/3012/2245 2539/3011/2244
f 2538/3015/2247 2533/3016/2239 2534/3017/2238 2540/3012/2245
f 2534/3007/2238 2537/3006/2241 2540/3018/2245
f 2541/3019/2248 2544/3020/2249 2546/3021/2250 2545/3022/2251
f 2544/3023/2249 2548/3024/2252 2549/3025/2253 2546/3026/2250
f 2542/3027/2254 2547/3028/2255 2549/3025/2253 2548/3024/2252
f 2547/3028/2255 2551/3029/2256 2552/3030/2257 2549/3025/2253
f 2543/3031/2258 2550/3032/2259 2552/3033/2257 2551/3034/2256
f 2550/3032/2259 2545/3035/2251 2546/3036/2250 2552/3033/2257
f 2546/3026/2250 2549/3025/2253 2552/3030/2257
f 2553/3037/2260 2556/3038/2261 2558/3039/2262 2557/3040/2263
f 2556/3038/2261 2560/3041/2264 2561/3042/2265 2558/3039/2262
f 2554/3043/2266 2559/3044/2267 2561/3045/2265 2560/3046/2264
f 2559/3044/2267 2563/3047/2268 2564/3048/2269 2561/3045/2265
f 2555/3049/2270 2562/3050/2271 2564/3051/2269 2563/3052/2268
f 2562/3053/2271 2557/3040/2263 2558/3039/2262 2564/3054/2269
f 2558/3039/2262 2561/3042/2265 2564/3054/2269
f 2565/3055/2272 2568/3056/2273 2570/3057/2274 2569/3058/2275
f 2568/3056/2273 2572/3059/2276 2573/3060/2277 2570/3057/2274
f 2566/3061/2278 2571/3062/2279 2573/3063/2277 2572/3064/2276
f 2571/3065/2279 2575/3066/2280 2576/3067/2281 2573/3068/2277
f 2567/3069/2282 2574/3070/2283 2576/3067/2281 2575/3066/2280
f 2574/3071/2283 2569/3058/2275 2570/3057/2274 2576/3072/2281
f 2570/3057/2274 2573/3060/2277 2576/3072/2281
f 2585/3073/2284 2588/3074/2285 2590/3075/2286 2589/3076/2287
f 2588/3077/2285 2592/3078/2288 2593/3079/2289 2590/3080/2286
f 2586/3081/2290 2591/3082/2291 2593/3079/2289 2592/3078/2288
f 2591/3082/2291 2595/3083/2292 2596/3084/2293 2593/3079/2289
f 2587/3085/2294 2594/3086/2295 2596/3087/2293 2595/3088/2292
f 2594/3086/2295 2589/3089/2287 2590/3090/2286 2596/3087/2293
f 2590/3080/2286 2593/3079/2289 2596/3084/2293
f 2597/3091/2296 2600/3092/2297 2602/3093/2298 2601/3094/2299
f 2600/3092/2297 2604/3095/2300 2605/3096/2301 2602/3093/2298
f 2598/3097/2302 2603/3098/2303 2605/3099/2301 2604/3100/2300
f 2603/3101/2303 2607/3102/2304 2608/3103/2305 2605/3104/2301
f 2599/3105/2306 2606/3106/2307 2608/3103/2305 2607/3102/2304
f 2606/3106/2307 2601/3107/2299 2602/3108/2298 2608/3103/2305
f 2602/3093/2298 2605/3096/2301 2608/3109/2305
f 2609/3110/2308 2612/3111/2309 2614/3112/2310 2613/3113/2311
f 2612/3114/2309 2616/3115/2312 2617/3116/2313 2614/3117/2310
f 2610/3118/2314 2615/3119/2315 2617/3116/2313 2616/3115/2312
f 2615/3119/2315 2619/3120/2316 2620/3121/2317 2617/3116/2313
f 2611/3122/2318 2618/3123/2319 2620/3124/2317 2619/3125/2316
f 2618/3123/2319 2613/3126/2311 2614/3127/2310 2620/3124/2317
f 2614/3117/2310 2617/3116/2313 2620/3121/2317
f 2621/3128/2320 2624/3129/2321 2626/3130/2322 2625/3131/2323
f 2624/3132/2321 2628/3133/2324 2629/3134/2325 2626/3135/2322
f 2622/3136/2326 2627/3137/2327 2629/3134/2325 2628/3133/2324
f 2627/3138/2327 2631/3139/2328 2632/3140/2329 2629/3141/2325
f 2623/3142/2330 2630/3143/2331 2632/3140/2329 2631/3139/2328
f 2630/3143/2331 2625/3144/2323 2626/3145/2322 2632/3140/2329
f 2626/3135/2322 2629/3134/2325 2632/3146/2329
f 239/240/192 117/107/62 121/110/65 246/241/193
f 246/241/193 121/110/65 126/118/73 241/233/185
f 241/233/185 126/118/73 119/117/72 237/230/182
f 71/63/24 154/152/104 160/150/102 78/64/25
f 78/64/25 160/150/102 156/147/99 73/56/17
f 73/56/17 156/147/99 153/146/98 69/53/14
f 59/49/9 166/164/116 172/162/114 66/50/10
f 66/50/10 172/162/114 168/159/111 61/40/5
f 61/40/5 168/159/111 165/158/110 57/37/2
f 177/170/122 81/65/26 85/68/29 180/171/123
f 180/171/123 85/68/29 90/79/34 184/174/126
f 184/174/126 90/79/34 83/78/33 178/176/128
f 93/80/38 190/188/140 196/186/138 96/81/39
f 96/81/39 196/186/138 192/183/135 100/84/42
f 100/84/42 192/183/135 189/182/134 94/86/44
f 107/105/57 226/224/176 232/222/174 114/106/58
f 114/106/58 232/222/174 228/219/171 109/95/53
f 109/95/53 228/219/171 225/218/170 105/92/50
f 143/144/96 214/212/164 220/210/162 150/145/97
f 150/145/97 220/210/162 216/207/159 145/137/89
f 145/137/89 216/207/159 213/206/158 141/134/86
f 201/194/146 129/119/74 133/122/77 204/195/147
f 204/195/147 133/122/77 138/133/82 208/198/150
f 208/198/150 138/133/82 131/132/81 202/200/152
f 261/261/2332 457/519/402 462/522/405 264/262/2333
f 264/265/2333 462/537/405 470/536/417 268/266/2334
f 268/266/2334 470/536/417 460/535/416 262/269/2335
f 251/254/2336 553/643/498 558/646/501 258/255/2337
f 258/258/2337 558/661/501 566/660/513 253/245/2338
f 253/245/2338 566/660/513 556/659/512 249/242/2339
f 2166/3147/2340 1197/1352/1023 1201/1355/2341 2168/3148/2342
f 2168/3149/2342 1201/1368/2341 1206/1367/2343 2167/3150/2344
f 2167/3150/2344 1206/1367/2343 1199/1366/1034 2165/3151/2345
f 2174/3152/2346 1413/1667/1245 1417/1670/1248 2176/3153/2347
f 2176/3154/2347 1417/1681/1248 1422/1680/1256 2175/3155/2348
f 2175/3155/2348 1422/1680/1256 1415/1679/1255 2173/3156/2349
f 555/655/508 537/623/482 542/626/485 563/656/509
f 563/656/509 542/626/485 550/642/497 567/657/510
f 567/657/510 550/642/497 540/641/496 556/659/512
f 539/635/492 354/386/300 360/389/298 547/636/493
f 547/637/493 360/384/298 356/381/295 551/638/494
f 551/638/494 356/381/295 353/380/294 540/641/496
f 262/269/2335 301/310/242 305/313/245 267/270/2350
f 267/270/2350 305/313/245 310/326/255 271/271/2351
f 271/3157/2352 310/323/253 303/322/252 263/3158/2353
f 521/603/466 554/649/504 561/647/502 525/604/467
f 525/604/467 561/647/502 557/644/499 529/607/470
f 529/607/470 557/644/499 553/643/498 522/609/472
f 365/398/308 523/613/476 532/616/474 368/399/309
f 368/402/309 532/611/474 528/610/473 372/403/312
f 372/403/312 528/610/473 522/609/472 366/406/314
f 337/364/282 473/541/418 478/544/421 340/365/283
f 340/368/283 478/559/421 486/558/433 344/369/286
f 344/369/286 486/558/433 476/557/432 338/372/288
f 475/553/428 505/583/450 510/586/453 483/554/429
f 483/554/429 510/586/453 518/602/465 487/555/430
f 487/555/430 518/602/465 508/601/464 476/557/432
f 507/595/460 349/3159/2354 351/3160/2355 515/596/461
f 515/597/461 351/3161/2355 352/3162/2356 519/598/462
f 519/598/462 352/3162/2356 350/3163/2357 508/601/464
f 506/589/456 489/563/434 494/566/437 512/590/457
f 512/590/457 494/566/437 502/582/449 516/593/458
f 516/593/458 502/582/449 492/581/448 507/595/460
f 491/575/444 325/347/270 329/350/273 499/576/445
f 499/577/445 329/361/273 334/360/281 503/578/446
f 503/578/446 334/360/281 327/359/280 492/581/448
f 285/294/230 377/417/322 382/420/325 288/295/231
f 288/298/231 382/435/325 390/434/337 292/299/234
f 292/299/234 390/434/337 380/433/336 286/302/236
f 379/429/332 409/459/354 414/462/357 387/430/333
f 387/430/333 414/462/357 422/478/369 391/431/334
f 391/431/334 422/478/369 412/477/368 380/433/336
f 411/471/364 297/3164/2358 299/3165/2359 419/472/365
f 419/473/365 299/3166/2359 300/3167/2360 423/474/366
f 423/474/366 300/3167/2360 298/3168/2361 412/477/368
f 410/465/360 393/439/338 398/442/341 416/466/361
f 416/466/361 398/442/341 406/458/353 420/469/362
f 420/469/362 406/458/353 396/457/352 411/471/364
f 395/451/348 273/277/218 277/280/221 403/452/349
f 403/453/349 277/291/221 282/290/229 407/454/350
f 407/454/350 282/290/229 275/289/228 396/457/352
f 459/531/412 441/499/386 446/502/389 467/532/413
f 467/532/413 446/502/389 454/518/401 471/533/414
f 471/533/414 454/518/401 444/517/400 460/535/416
f 443/511/396 302/316/248 308/319/246 451/512/397
f 451/513/397 308/314/246 304/311/243 455/514/398
f 455/514/398 304/311/243 301/310/242 444/517/400
f 315/342/267 261/261/2332 265/264/2362 322/343/268
f 322/343/268 265/264/2362 270/275/2363 317/344/269
f 317/331/258 270/274/2364 263/273/2353 313/328/256
f 425/479/370 458/525/408 465/523/406 429/480/371
f 429/480/371 465/523/406 461/520/403 433/483/374
f 433/483/374 461/520/403 457/519/402 426/485/376
f 314/336/263 427/489/380 436/492/378 319/337/264
f 319/338/264 436/487/378 432/486/377 323/339/265
f 323/339/265 432/486/377 426/485/376 315/342/267
f 474/547/424 538/629/488 545/632/486 480/548/425
f 480/549/425 545/627/486 541/624/483 484/550/426
f 484/550/426 541/624/483 537/623/482 475/553/428
f 554/649/504 506/589/456 513/592/454 560/650/505
f 560/651/505 513/587/454 509/584/451 564/652/506
f 564/652/506 509/584/451 505/583/450 555/655/508
f 524/619/480 490/569/440 497/572/438 534/620/481
f 534/621/481 497/567/438 493/564/435 526/606/469
f 526/606/469 493/564/435 489/563/434 521/603/466
f 378/423/328 442/505/392 449/508/390 384/424/329
f 384/425/329 449/503/390 445/500/387 388/426/330
f 388/426/330 445/500/387 441/499/386 379/429/332
f 458/525/408 410/465/360 417/468/358 464/526/409
f 464/527/409 417/463/358 413/460/355 468/528/410
f 468/528/410 413/460/355 409/459/354 459/531/412
f 428/495/384 394/445/344 401/448/342 438/496/385
f 438/497/385 401/443/342 397/440/339 430/482/373
f 430/482/373 397/440/339 393/439/338 425/479/370
f 1119/1294/983 287/306/240 295/309/238 1126/1295/984
f 1126/1296/984 295/304/238 291/303/237 1121/1283/976
f 1121/1283/976 291/303/237 286/302/236 1117/1280/973
f 1039/1225/932 350/3163/2357 352/3162/2356 1046/1226/933
f 1046/1226/933 352/3162/2356 351/3161/2355 1041/1227/922
f 1041/1214/922 351/3160/2355 349/3159/2354 1037/1211/919
f 1051/1243/945 339/376/292 347/379/290 1058/1244/946
f 1058/1245/946 347/374/290 343/373/289 1053/1233/937
f 1053/1233/937 343/373/289 338/372/288 1049/1230/934
f 852/1046/808 833/1008/778 838/1011/781 862/1047/809
f 862/1047/809 838/1011/781 846/1027/793 854/1031/797
f 854/1031/797 846/1027/793 836/1026/792 849/1028/794
f 835/1020/788 569/665/514 573/668/517 843/1021/789
f 843/1022/789 573/681/517 578/680/527 847/1023/790
f 847/1023/790 578/680/527 571/679/526 836/1026/792
f 366/406/314 251/254/2336 259/257/2365 371/407/315
f 371/408/315 259/252/2365 255/251/2366 375/409/316
f 375/409/320 255/251/2367 250/250/2368 367/412/318
f 817/988/762 851/1040/804 860/1038/802 821/989/763
f 821/989/763 860/1038/802 856/1035/801 825/992/766
f 825/992/766 856/1035/801 850/1034/800 818/994/768
f 583/698/540 819/998/772 828/1001/770 590/699/541
f 590/700/541 828/996/770 824/995/769 585/687/531
f 585/687/531 824/995/769 818/994/768 581/684/528
f 605/719/554 769/926/714 774/929/717 608/720/555
f 608/723/555 774/944/717 782/943/729 612/724/558
f 612/724/558 782/943/729 772/942/728 606/727/560
f 771/938/724 801/968/746 806/971/749 779/939/725
f 779/939/725 806/971/749 814/987/761 783/940/726
f 783/940/726 814/987/761 804/986/760 772/942/728
f 803/980/756 617/3169/2369 619/3170/2370 811/981/757
f 811/982/757 619/3171/2370 620/3172/2371 815/983/758
f 815/983/758 620/3172/2371 618/3173/2372 804/986/760
f 802/974/752 785/948/730 790/951/733 808/975/753
f 808/975/753 790/951/733 798/967/745 812/978/754
f 812/978/754 798/967/745 788/966/744 803/980/756
f 787/960/740 593/702/542 597/705/545 795/961/741
f 795/962/741 597/716/545 602/715/553 799/963/742
f 799/963/742 602/715/553 595/714/552 788/966/744
f 756/924/712 737/886/682 742/889/685 766/925/713
f 766/925/713 742/889/685 750/905/697 758/909/701
f 758/909/701 750/905/697 740/904/696 753/906/698
f 739/898/692 621/735/566 625/738/569 747/899/693
f 747/900/693 625/751/569 630/748/579 751/901/694
f 751/901/694 630/748/579 623/747/578 740/904/696
f 570/671/520 889/3174/2373 893/3175/2374 575/672/521
f 575/675/523 893/1097/2375 898/1096/2376 579/676/524
f 579/676/524 898/1096/2376 891/1095/2377 571/679/526
f 721/866/666 755/918/708 764/916/706 725/867/667
f 725/867/667 764/916/706 760/913/705 729/870/670
f 729/870/670 760/913/705 754/912/704 722/872/672
f 635/767/592 723/876/676 732/879/674 642/768/593
f 642/769/593 732/874/674 728/873/673 637/756/583
f 637/756/583 728/873/673 722/872/672 633/753/580
f 657/788/606 673/804/618 678/807/621 660/789/607
f 660/792/607 678/822/621 686/821/633 664/793/610
f 664/793/610 686/821/633 676/820/632 658/796/612
f 675/816/628 705/846/650 710/849/653 683/817/629
f 683/817/629 710/849/653 718/865/665 687/818/630
f 687/818/630 718/865/665 708/864/664 676/820/632
f 707/858/660 669/3176/2378 671/3177/2379 715/859/661
f 715/860/661 671/3178/2379 672/3179/2380 719/861/662
f 719/861/662 672/3179/2380 670/3180/2381 708/864/664
f 706/852/656 689/826/634 694/829/637 712/853/657
f 712/853/657 694/829/637 702/845/649 716/856/658
f 716/856/658 702/845/649 692/844/648 707/858/660
f 691/838/644 645/771/594 649/774/597 699/839/645
f 699/840/645 649/785/597 654/784/605 703/841/646
f 703/841/646 654/784/605 647/783/604 692/844/648
f 770/932/720 834/1014/784 841/1017/782 776/933/721
f 776/934/721 841/1012/782 837/1009/779 780/935/722
f 780/935/722 837/1009/779 833/1008/778 771/938/724
f 851/1040/804 802/974/752 809/977/750 859/1041/805
f 859/1042/805 809/972/750 805/969/747 863/1043/806
f 863/1043/806 805/969/747 801/968/746 852/1046/808
f 820/1004/776 786/954/736 793/957/734 830/1005/777
f 830/1006/777 793/952/734 789/949/731 822/991/765
f 822/991/765 789/949/731 785/948/730 817/988/762
f 674/810/624 738/892/688 745/895/686 680/811/625
f 680/812/625 745/890/686 741/887/683 684/813/626
f 684/813/626 741/887/683 737/886/682 675/816/628
f 755/918/708 706/852/656 713/855/654 763/919/709
f 763/920/709 713/850/654 709/847/651 767/921/710
f 767/921/710 709/847/651 705/846/650 756/924/712
f 724/882/680 690/832/640 697/835/638 734/883/681
f 734/884/681 697/830/638 693/827/635 726/869/669
f 726/869/669 693/827/635 689/826/634 721/866/666
f 903/1112/856 659/800/616 667/803/614 910/1113/857
f 910/1116/857 667/798/614 663/797/613 905/1103/849
f 905/1103/849 663/797/613 658/796/612 901/1100/846
f 238/236/188 929/3181/2382 931/3182/2383 243/237/189
f 243/237/189 931/3182/2383 932/3183/2384 247/238/190
f 247/238/190 932/3183/2384 930/3184/2385 239/240/192
f 971/1167/892 618/3173/2372 620/3172/2371 978/1168/893
f 978/1168/893 620/3172/2371 619/3171/2370 973/1171/885
f 973/1158/885 619/3170/2370 617/3169/2369 969/1155/882
f 981/1176/894 607/731/564 615/734/562 984/1177/895
f 984/1180/895 615/729/562 611/728/561 988/1181/898
f 988/1181/898 611/728/561 606/727/560 982/1184/900
f 926/3185/2386 285/294/230 289/297/233 928/3186/2387
f 928/3186/2387 289/297/233 294/307/241 927/3187/2388
f 927/3187/2388 294/307/241 287/306/240 925/3188/2389
f 1154/3189/2390 119/117/72 127/115/70 1156/3190/2391
f 1156/3190/2391 127/115/70 123/114/69 1155/3191/2392
f 1155/3191/2392 123/114/69 118/113/68 1153/3192/2393
f 929/3181/2382 378/423/328 385/421/326 931/3182/2383
f 931/3182/2383 385/421/326 381/418/323 932/3183/2384
f 932/3183/2384 381/418/323 377/417/322 930/3184/2385
f 994/3193/2386 143/144/96 151/142/94 996/3194/2387
f 996/3194/2387 151/142/94 147/141/93 995/3195/2388
f 995/3195/2388 147/141/93 142/140/92 993/3196/2389
f 1158/3197/2394 605/719/554 609/722/557 1160/3198/2395
f 1160/3198/2395 609/722/557 614/732/565 1159/3199/2396
f 1159/3199/2396 614/732/565 607/731/564 1157/3200/2397
f 998/3201/2382 215/216/168 223/214/166 1000/3202/2383
f 1000/3202/2383 223/214/166 219/213/165 999/3203/2384
f 999/3203/2384 219/213/165 214/212/164 997/3204/2385
f 1162/3205/2398 131/132/81 139/130/84 1164/3206/2399
f 1164/3206/2400 139/130/2401 135/129/2401 1163/3207/2402
f 1163/3208/2403 135/126/2404 130/125/2405 1161/3209/2406
f 1002/3210/2407 314/336/263 320/333/260 1004/3211/2408
f 1004/3211/2409 320/333/2410 316/332/2410 1003/3212/2411
f 1003/3213/2412 316/329/2413 313/328/256 1001/3214/2414
f 1006/3215/2415 428/495/384 439/493/382 1008/3216/2416
f 1008/3216/2416 439/493/382 435/490/381 1007/3217/2417
f 1007/3217/2417 435/490/381 427/489/380 1005/3218/2418
f 934/3219/2407 107/105/57 115/103/60 936/3220/2408
f 936/3220/2419 115/103/2420 111/102/2420 935/3221/2421
f 935/3222/2412 111/99/2422 106/98/2423 933/3223/2424
f 1166/3224/2425 635/767/592 643/764/590 1168/3225/2426
f 1168/3225/2427 643/764/2428 639/763/2428 1167/3226/2429
f 1167/3227/2430 639/760/2431 634/759/586 1165/3228/2432
f 938/3229/2415 227/228/180 235/226/178 940/3230/2416
f 940/3230/2416 235/226/178 231/225/177 939/3231/2417
f 939/3231/2417 231/225/177 226/224/176 937/3232/2418
f 1010/3233/2433 474/547/424 481/545/422 1012/3234/2434
f 1012/3234/2434 481/545/422 477/542/419 1011/3235/2435
f 1011/3235/2435 477/542/419 473/541/418 1009/3236/2436
f 1014/3237/2437 95/90/48 103/88/46 1016/3238/2438
f 1016/3238/2438 103/88/46 99/87/45 1015/3239/2439
f 1015/3239/2439 99/87/45 94/86/44 1013/3240/2440
f 942/3241/2440 71/63/24 79/61/22 944/3242/2439
f 944/3242/2439 79/61/22 75/60/21 943/3243/2438
f 943/3243/2438 75/60/21 70/59/20 941/3244/2437
f 1062/3245/2390 657/788/606 661/791/609 1064/3246/2391
f 1064/3246/2391 661/791/609 666/801/617 1063/3247/2392
f 1063/3247/2392 666/801/617 659/800/616 1061/3248/2393
f 946/3249/2433 155/156/108 163/154/106 948/3250/2434
f 948/3250/2434 163/154/106 159/153/105 947/3251/2435
f 947/3251/2435 159/153/105 154/152/104 945/3252/2436
f 1066/3253/2394 93/80/38 97/83/41 1068/3254/2395
f 1068/3254/2395 97/83/41 102/91/49 1067/3255/2396
f 1067/3255/2396 102/91/49 95/90/48 1065/3256/2397
f 950/3257/2441 365/398/308 369/401/311 952/3258/2442
f 952/3259/2443 369/414/2444 374/413/2444 951/3260/2445
f 951/3260/2446 374/413/2447 367/412/318 949/3261/2448
f 1070/3262/2425 59/49/9 67/52/12 1072/3263/2426
f 1072/3264/2449 67/47/2450 63/46/2450 1071/3265/2451
f 1071/3265/2430 63/46/2452 58/45/2453 1069/3266/2432
f 954/3267/2454 524/619/480 535/617/478 956/3268/2455
f 956/3268/2455 535/617/478 531/614/477 955/3269/2456
f 955/3269/2456 531/614/477 523/613/476 953/3270/2457
f 1018/3271/2458 355/392/304 363/395/2459 1020/3272/2446
f 1020/3273/2460 363/390/2461 359/387/2461 1019/3274/2462
f 1019/3274/2463 359/387/301 354/386/300 1017/3275/2441
f 1022/3276/2454 179/180/132 187/178/130 1024/3277/2455
f 1024/3277/2455 187/178/130 183/177/129 1023/3278/2456
f 1023/3278/2456 183/177/129 178/176/128 1021/3279/2457
f 1074/3280/2398 583/698/540 591/695/538 1076/3281/2399
f 1076/3281/2464 591/695/2465 587/694/2465 1075/3282/2466
f 1075/3283/2403 587/691/2467 582/690/534 1073/3284/2406
f 1078/3285/2468 820/1004/776 831/1002/774 1080/3286/2469
f 1080/3286/2469 831/1002/774 827/999/773 1079/3287/2470
f 1079/3287/2470 827/999/773 819/998/772 1077/3288/2471
f 1170/3289/2468 203/204/156 211/202/154 1172/3290/2469
f 1172/3290/2469 211/202/154 207/201/153 1171/3291/2470
f 1171/3291/2470 207/201/153 202/200/152 1169/3292/2471
f 1174/3293/2472 770/932/720 777/930/718 1176/3294/2473
f 1176/3294/2473 777/930/718 773/927/715 1175/3295/2474
f 1175/3295/2474 773/927/715 769/926/714 1173/3296/2475
f 1082/3297/2472 191/192/144 199/190/142 1084/3298/2473
f 1084/3298/2473 199/190/142 195/189/141 1083/3299/2474
f 1083/3299/2474 195/189/141 190/188/140 1081/3300/2475
f 1178/3301/2476 724/882/680 735/880/678 1180/3302/2477
f 1180/3302/2477 735/880/678 731/877/677 1179/3303/2478
f 1179/3303/2478 731/877/677 723/876/676 1177/3304/2479
f 1086/3305/2476 167/168/120 175/166/118 1088/3306/2477
f 1088/3306/2477 175/166/118 171/165/117 1087/3307/2478
f 1087/3307/2478 171/165/117 166/164/116 1085/3308/2479
f 1090/3309/2480 674/810/624 681/808/622 1092/3310/2481
f 1092/3310/2481 681/808/622 677/805/619 1091/3311/2482
f 1091/3311/2482 677/805/619 673/804/618 1089/3312/2483
f 1182/3313/2480 238/236/188 244/234/186 1184/3314/2481
f 1184/3314/2481 244/234/186 240/231/183 1183/3315/2482
f 1183/3315/2482 240/231/183 237/230/182 1181/3316/2483
f 867/1059/2484 634/759/586 640/762/588 874/1060/2485
f 874/1061/2486 640/757/584 636/754/581 869/1051/2487
f 869/1051/2487 636/754/581 633/753/580 865/1048/2488
f 117/107/62 926/3185/2386 928/3186/2387 120/108/63
f 120/108/63 928/3186/2387 927/3187/2388 124/111/66
f 124/111/66 927/3187/2388 925/3188/2389 118/113/68
f 622/743/572 867/3317/2484 875/3318/2489 627/744/573
f 627/744/575 875/3318/2490 871/3319/2491 631/745/576
f 631/750/576 871/1057/2491 866/1056/2492 623/747/578
f 890/1089/2493 850/1034/800 857/1037/798 895/1090/2494
f 895/1091/2494 857/1032/798 853/1029/795 899/1092/2495
f 899/1092/2495 853/1029/795 849/1028/794 891/1095/2377
f 865/1048/2488 754/912/704 761/915/702 868/1049/2496
f 868/1052/2496 761/910/702 757/907/699 872/1053/2497
f 872/1053/2497 757/907/699 753/906/698 866/1056/2492
f 249/242/2339 353/380/294 357/383/297 252/243/2498
f 252/243/2498 357/383/297 362/396/307 256/3320/2499
f 256/3321/2500 362/393/305 355/392/304 250/3322/2368
f 889/1083/2373 582/690/534 588/693/536 892/1084/2501
f 892/1085/2502 588/688/532 584/685/529 896/1086/2503
f 896/1086/2503 584/685/529 581/684/528 890/1089/2493
f 646/777/600 913/1118/858 917/1121/861 651/778/601
f 651/779/601 917/1134/861 922/1131/869 655/780/602
f 655/780/602 922/1131/869 915/1130/868 647/783/604
f 669/3176/2378 878/1070/828 884/1073/826 671/3177/2379
f 671/3178/2379 884/1068/826 880/1065/823 672/3179/2380
f 672/3179/2380 880/1065/823 877/1064/822 670/3180/2381
f 2286/3323/2504 1186/1342/1015 1192/1339/2505 2288/3324/2506
f 2288/3324/2506 1192/1339/2505 1188/1338/2507 2287/3325/2508
f 2287/3326/2508 1188/1335/2507 1185/1334/1009 2285/3327/2509
f 302/316/248 934/3219/2407 936/3220/2408 307/317/249
f 307/317/2510 936/3220/2419 935/3221/2421 311/320/2510
f 311/325/2511 935/3222/2412 933/3223/2424 303/322/252
f 442/505/392 938/3229/2415 940/3230/2416 448/506/393
f 448/506/393 940/3230/2416 939/3231/2417 452/509/394
f 452/509/394 939/3231/2417 937/3232/2418 443/511/396
f 325/347/270 942/3241/2440 944/3242/2439 328/348/271
f 328/348/271 944/3242/2439 943/3243/2438 332/351/274
f 332/351/274 943/3243/2438 941/3244/2437 326/353/276
f 490/569/440 946/3249/2433 948/3250/2434 496/570/441
f 496/570/441 948/3250/2434 947/3251/2435 500/573/442
f 500/573/442 947/3251/2435 945/3252/2436 491/575/444
f 57/37/2 950/3257/2441 952/3258/2442 60/38/3
f 60/41/2512 952/3259/2443 951/3260/2445 64/42/2512
f 64/42/2513 951/3260/2446 949/3261/2448 58/45/2453
f 167/168/120 954/3267/2454 956/3268/2455 174/169/121
f 174/169/121 956/3268/2455 955/3269/2456 169/161/113
f 169/161/113 955/3269/2456 953/3270/2457 165/158/110
f 1095/1259/957 903/1112/856 911/1115/854 1102/1260/958
f 1102/1262/958 911/1110/854 907/1109/853 1097/1250/950
f 1097/1250/950 907/1109/853 902/1108/852 1093/1247/947
f 878/1070/828 915/1130/868 923/1133/866 883/1071/829
f 883/3328/829 923/1128/866 919/1127/865 887/3329/830
f 887/3329/830 919/1127/865 914/1126/864 879/3330/832
f 901/1100/846 877/1064/822 881/1067/825 904/1101/847
f 904/1104/847 881/1080/825 886/1079/833 908/1105/850
f 908/1105/850 886/1079/833 879/1078/832 902/1108/852
f 594/708/548 958/1142/876 964/1145/874 599/709/549
f 599/710/549 964/1140/874 960/1137/871 603/711/550
f 603/711/550 960/1137/871 957/1136/870 595/714/552
f 273/277/218 994/3193/2386 996/3194/2387 276/278/219
f 276/278/219 996/3194/2387 995/3195/2388 280/281/222
f 280/281/222 995/3195/2388 993/3196/2389 274/283/224
f 394/445/344 998/3201/2382 1000/3202/2383 400/446/345
f 400/446/345 1000/3202/2383 999/3203/2384 404/449/346
f 404/449/346 999/3203/2384 997/3204/2385 395/451/348
f 129/119/74 1002/3210/2407 1004/3211/2408 132/120/75
f 132/120/2514 1004/3211/2409 1003/3212/2411 136/123/2514
f 136/128/2422 1003/3213/2412 1001/3214/2414 130/125/2405
f 203/204/156 1006/3215/2415 1008/3216/2416 210/205/157
f 210/205/157 1008/3216/2416 1007/3217/2417 205/197/149
f 205/197/149 1007/3217/2417 1005/3218/2418 201/194/146
f 191/192/144 1010/3233/2433 1012/3234/2434 198/193/145
f 198/193/145 1012/3234/2434 1011/3235/2435 193/185/137
f 193/185/137 1011/3235/2435 1009/3236/2436 189/182/134
f 339/376/292 1014/3237/2437 1016/3238/2438 346/377/293
f 346/377/293 1016/3238/2438 1015/3239/2439 341/367/285
f 341/367/285 1015/3239/2439 1013/3240/2440 337/364/282
f 82/71/2515 1018/3271/2458 1020/3272/2446 87/72/2513
f 87/75/2516 1020/3273/2460 1019/3274/2462 91/76/2516
f 91/76/36 1019/3274/2463 1017/3275/2441 83/78/33
f 538/629/488 1022/3276/2454 1024/3277/2455 544/630/489
f 544/630/489 1024/3277/2455 1023/3278/2456 548/633/490
f 548/633/490 1023/3278/2456 1021/3279/2457 539/635/492
f 1105/1264/960 959/1150/880 967/1147/878 1108/1265/961
f 1108/1265/961 967/1147/878 963/1146/877 1112/1268/965
f 1112/1272/965 963/1143/877 958/1142/876 1106/1270/967
f 970/1163/888 983/1190/904 991/1187/902 975/1164/889
f 975/1164/889 991/1187/902 987/1186/901 979/1165/890
f 979/1170/890 987/1185/901 982/1184/900 971/1167/892
f 959/1150/880 970/3331/888 976/3332/886 966/1151/881
f 966/1151/881 976/3332/886 972/3333/883 961/1152/873
f 961/1139/873 972/1156/883 969/1155/882 957/1136/870
f 326/353/276 1026/1201/912 1032/1204/910 331/354/277
f 331/355/277 1032/1199/910 1028/1196/907 335/356/278
f 335/356/278 1028/1196/907 1025/1195/906 327/359/280
f 2302/3334/2517 1094/1253/2518 1100/1256/2519 2304/3335/2520
f 2304/3336/2520 1100/1251/2519 1096/1248/2521 2303/3337/2522
f 2303/3337/2522 1096/1248/2521 1093/1247/947 2301/3338/2523
f 69/53/14 1062/3245/2390 1064/3246/2391 72/54/15
f 72/54/15 1064/3246/2391 1063/3247/2392 76/57/18
f 76/57/18 1063/3247/2392 1061/3248/2393 70/59/20
f 593/702/542 1066/3253/2394 1068/3254/2395 596/703/543
f 596/703/543 1068/3254/2395 1067/3255/2396 600/706/546
f 600/706/546 1067/3255/2396 1065/3256/2397 594/708/548
f 621/735/566 1070/3262/2425 1072/3263/2426 624/736/567
f 624/739/2524 1072/3264/2449 1071/3265/2451 628/740/2524
f 628/740/2431 1071/3265/2430 1069/3266/2432 622/743/572
f 81/65/26 1074/3280/2398 1076/3281/2399 84/66/27
f 84/66/2525 1076/3281/2464 1075/3282/2466 88/69/2525
f 88/74/2404 1075/3283/2403 1073/3284/2406 82/71/2515
f 179/180/132 1078/3285/2468 1080/3286/2469 186/181/133
f 186/181/133 1080/3286/2469 1079/3287/2470 181/173/125
f 181/173/125 1079/3287/2470 1077/3288/2471 177/170/122
f 786/954/736 1082/3297/2472 1084/3298/2473 792/955/737
f 792/955/737 1084/3298/2473 1083/3299/2474 796/958/738
f 796/958/738 1083/3299/2474 1081/3300/2475 787/960/740
f 738/892/688 1086/3305/2476 1088/3306/2477 744/893/689
f 744/893/689 1088/3306/2477 1087/3307/2478 748/896/690
f 748/896/690 1087/3307/2478 1085/3308/2479 739/898/692
f 155/156/108 1090/3309/2480 1092/3310/2481 162/157/109
f 162/157/109 1092/3310/2481 1091/3311/2482 157/149/101
f 157/149/101 1091/3311/2482 1089/3312/2483 153/146/98
f 1026/1201/912 1095/1259/957 1103/1260/955 1031/1202/913
f 1031/1205/913 1103/1257/955 1099/1254/2526 1035/1206/914
f 1035/1206/914 1099/1254/2526 1094/1253/2518 1027/1208/916
f 1106/1270/967 1051/1243/945 1059/1240/943 1111/1271/968
f 1111/1271/968 1059/1240/943 1055/1239/942 1115/1273/2526
f 1115/1277/2526 1055/1237/942 1050/1236/941 1107/1274/2527
f 1038/1217/925 1050/1236/941 1056/1238/939 1043/1218/926
f 1043/1221/929 1056/1234/2528 1052/1231/935 1047/1222/930
f 1047/1222/930 1052/1231/935 1049/1230/934 1039/1225/932
f 1027/1208/916 1038/3339/925 1044/3340/928 1034/1207/917
f 1034/1209/2529 1044/1215/923 1040/1212/920 1029/1198/909
f 1029/1198/909 1040/1212/920 1037/1211/919 1025/1195/906
f 297/3164/2358 1130/1304/991 1136/1307/989 299/3165/2359
f 299/3166/2359 1136/1302/989 1132/1299/986 300/3167/2360
f 300/3167/2360 1132/1299/986 1129/1298/985 298/3168/2361
f 274/283/224 1142/1322/1003 1148/1325/1001 279/284/225
f 279/285/225 1148/1320/1001 1144/1317/998 283/286/226
f 283/286/226 1144/1317/998 1141/1316/997 275/289/228
f 645/771/594 1154/3189/2390 1156/3190/2391 648/772/595
f 648/772/595 1156/3190/2391 1155/3191/2392 652/775/598
f 652/775/598 1155/3191/2392 1153/3192/2393 646/777/600
f 141/134/86 1158/3197/2394 1160/3198/2395 144/135/87
f 144/135/87 1160/3198/2395 1159/3199/2396 148/138/90
f 148/138/90 1159/3199/2396 1157/3200/2397 142/140/92
f 569/665/514 1162/3205/2398 1164/3206/2399 572/666/515
f 572/666/2530 1164/3206/2400 1163/3207/2402 576/669/2530
f 576/674/2467 1163/3208/2403 1161/3209/2406 570/671/520
f 105/92/50 1166/3224/2425 1168/3225/2426 108/93/51
f 108/93/2531 1168/3225/2427 1167/3226/2429 112/96/2531
f 112/101/2452 1167/3227/2430 1165/3228/2432 106/98/2423
f 834/1014/784 1170/3289/2468 1172/3290/2469 840/1015/785
f 840/1015/785 1172/3290/2469 1171/3291/2470 844/1018/786
f 844/1018/786 1171/3291/2470 1169/3292/2471 835/1020/788
f 215/216/168 1174/3293/2472 1176/3294/2473 222/217/169
f 222/217/169 1176/3294/2473 1175/3295/2474 217/209/161
f 217/209/161 1175/3295/2474 1173/3296/2475 213/206/158
f 227/228/180 1178/3301/2476 1180/3302/2477 234/229/181
f 234/229/181 1180/3302/2477 1179/3303/2478 229/221/173
f 229/221/173 1179/3303/2478 1177/3304/2479 225/218/170
f 690/832/640 1182/3313/2480 1184/3314/2481 696/833/641
f 696/833/641 1184/3314/2481 1183/3315/2482 700/836/642
f 700/836/642 1183/3315/2482 1181/3316/2483 691/838/644
f 913/1118/858 1187/1346/1020 1195/1349/1018 916/1119/859
f 916/1122/859 1195/1344/1018 1191/1343/1016 920/1123/862
f 920/1123/862 1191/1343/1016 1186/1342/1015 914/1126/864
f 983/1190/904 1199/1366/1034 1207/1363/1036 990/1191/905
f 990/1191/905 1207/1363/1036 1203/1362/1031 985/1192/897
f 985/1179/897 1203/1361/1031 1198/1360/1030 981/1176/894
f 1118/1286/979 1185/1334/1009 1189/1337/1012 1123/1287/980
f 1123/1290/980 1189/1350/1012 1194/1347/1021 1127/1291/981
f 1127/1291/981 1194/1347/1021 1187/1346/1020 1119/1294/983
f 1197/1352/1023 1143/1328/1007 1151/1331/1005 1200/1353/1024
f 1200/1356/1024 1151/1326/1005 1147/1323/1004 1204/1357/1028
f 1204/1357/1028 1147/1323/1004 1142/1322/1003 1198/1360/1030
f 1130/1304/991 1141/1316/997 1145/1319/1000 1135/1305/992
f 1135/1305/992 1145/1319/1000 1150/1332/1008 1139/1308/993
f 1139/3341/993 1150/1329/1008 1143/1328/1007 1131/3342/995
f 1117/1280/973 1129/1298/985 1133/1301/988 1120/1281/974
f 1120/1281/974 1133/1301/988 1138/1314/996 1124/1284/977
f 1124/1289/977 1138/1311/996 1131/1310/995 1118/1286/979
f 2109/2484/1864 1210/3343/1041 1213/3344/1040 2113/2485/1865
f 2113/2485/1865 1213/3344/1040 1212/1371/1038 2117/2488/1868
f 2117/2493/1868 1212/3345/1038 1209/3346/1037 2110/2490/1870
f 2060/2432/1826 1277/3347/1102 1280/3348/1101 2070/2433/1827
f 2070/2433/1827 1280/3348/1101 1279/1465/1099 2062/2434/1815
f 2062/2415/1815 1279/3349/1099 1276/3350/1098 2057/2412/1812
f 1379/1625/1216 1529/3351/2532 1531/3352/2533 1386/1626/1217
f 1386/1626/1217 1531/3352/2533 1532/3353/2534 1381/1627/1209
f 1381/1617/1209 1532/3354/2534 1530/3355/2535 1377/1614/1206
f 1331/1554/1162 1507/3356/2536 1509/3357/2537 1338/1555/1163
f 1338/1555/1163 1509/3357/2537 1510/3358/2538 1333/1556/1154
f 1333/1543/1154 1510/3359/2538 1508/3360/2539 1329/1540/1151
f 1529/3351/2532 1331/3361/1162 1339/3362/1160 1531/3352/2533
f 1531/3352/2533 1339/3362/1160 1335/3363/1158 1532/3353/2534
f 1532/3354/2534 1335/1549/1158 1330/1548/1157 1530/3355/2535
f 2096/2477/1862 1390/1635/1224 1396/1638/1226 2106/2478/1863
f 2106/2481/1863 1396/1633/1222 1392/1630/1222 2098/2462/1851
f 2098/2462/1851 1392/1630/1219 1389/1629/1218 2093/2459/1848
f 1414/1673/1251 1518/3364/2540 1520/3365/2541 1419/1674/1252
f 1419/1675/1252 1520/3366/2541 1521/3367/2542 1423/1676/1253
f 1423/1676/1253 1521/3367/2542 1519/3368/2543 1415/1679/1255
f 1390/1635/1224 1533/3369/2544 1535/3370/2545 1395/1636/1225
f 1395/3371/1225 1535/3372/2545 1536/3373/2546 1399/3374/1227
f 1399/3374/1227 1536/3373/2546 1534/3375/2547 1391/3376/1229
f 1518/3364/2540 1389/1629/1218 1393/1632/1221 1520/3365/2541
f 1520/3366/2541 1393/1645/1221 1398/1644/1230 1521/3367/2542
f 1521/3367/2542 1398/1644/1230 1391/1643/1229 1519/3368/2543
f 2145/2533/1900 1426/1689/1263 1432/1692/1265 2149/2534/1901
f 2149/2537/1901 1432/1687/1261 1428/1684/1261 2153/2538/1904
f 2153/2538/1904 1428/1684/1258 1425/1683/1257 2146/2541/1906
f 1497/3377/2548 1378/1620/1212 1384/1618/1210 1499/3378/2549
f 1499/3378/2549 1384/1618/1210 1380/1615/1207 1498/3379/2550
f 1498/3379/2550 1380/1615/1207 1377/1614/1206 1496/3380/2551
f 1413/1667/1245 1537/3381/2552 1539/3382/2553 1416/1668/1246
f 1416/1668/1246 1539/3382/2553 1540/3383/2554 1420/1671/1249
f 1420/1671/1249 1540/3383/2554 1538/3384/2555 1414/1673/1251
f 1426/1689/1263 1538/3385/2555 1540/3386/2554 1431/1690/1264
f 1431/3387/1264 1540/3383/2554 1539/3382/2553 1435/3388/1266
f 1435/3388/1266 1539/3382/2553 1537/3381/2552 1427/3389/1268
f 1496/3390/2551 1425/1683/1257 1429/1686/1260 1498/3391/2550
f 1498/3379/2550 1429/1699/1260 1434/1698/1269 1499/3378/2549
f 1499/3378/2549 1434/1698/1269 1427/1697/1268 1497/3377/2548
f 1507/3356/2536 1461/1736/1298 1465/1739/1301 1509/3357/2537
f 1509/3357/2537 1465/1739/1301 1470/1750/1309 1510/3358/2538
f 1510/3358/2538 1470/1750/1309 1463/1749/1308 1508/3392/2539
f 1533/3393/2544 1473/1751/1310 1477/1754/1313 1535/3372/2545
f 1535/3372/2545 1477/1754/1313 1482/1765/1321 1536/3373/2546
f 1536/3373/2546 1482/1765/1321 1475/1764/1320 1534/3375/2547
f 1542/3394/2556 1463/1749/1308 1471/1747/1306 1544/3395/2557
f 1544/3395/2557 1471/1747/1306 1467/1746/1305 1543/3396/2558
f 1543/3397/2558 1467/1743/1305 1462/1742/1304 1541/3398/2559
f 1473/1751/1310 1485/3399/2560 1487/3400/2561 1476/1752/1311
f 1476/1752/1311 1487/3400/2561 1488/3401/2562 1480/1755/1314
f 1480/1760/1314 1488/3402/2562 1486/3403/2563 1474/1757/1316
f 1295/1501/1121 1486/3403/2563 1488/3402/2562 1302/1502/1122
f 1302/1505/1122 1488/3401/2562 1487/3400/2561 1297/1492/1113
f 1297/1492/1113 1487/3400/2561 1485/3399/2560 1293/1489/1110
f 1541/3398/2559 1295/3404/1121 1303/3405/1119 1543/3397/2558
f 1543/3396/2558 1303/1499/1119 1299/1496/1117 1544/3395/2557
f 1544/3395/2557 1299/1496/1117 1294/1495/1116 1542/3394/2556
f 1649/1937/1443 1970/2298/1722 1978/2296/1720 1652/1938/1444
f 1652/1938/1444 1978/2296/1720 1974/2293/1717 1656/1941/1447
f 1656/1941/1447 1974/2293/1717 1969/2292/1716 1650/1943/1449
f 1234/1417/1072 1501/1776/2564 1506/1775/2565 1244/1418/1073
f 1244/1418/1076 1506/1775/2566 1505/1774/2566 1236/1419/1076
f 1236/3406/1057 1505/3407/2567 1500/3408/2568 1231/3409/1054
f 1522/1787/2569 1234/3410/1072 1245/3411/1075 1527/1788/2570
f 1527/1788/2571 1245/3411/1070 1241/3412/1070 1528/1789/2571
f 1528/3413/2572 1241/1410/1067 1233/1409/1066 1523/3414/2573
f 1489/3415/2574 1233/3416/1066 1242/3417/1069 1494/3418/2575
f 1494/1767/2576 1242/1407/1064 1238/1406/1064 1495/1768/2576
f 1495/1768/2577 1238/1406/1061 1232/1405/1060 1490/1769/2578
f 1231/1397/1054 1512/3419/2579 1517/3420/2580 1235/1398/1055
f 1235/3421/1058 1517/1782/2581 1516/1781/2581 1239/3422/1058
f 1239/3422/1063 1516/1781/2582 1511/1780/2583 1232/3423/1060
f 1305/1507/1123 1214/1377/2584 1218/1380/2585 1308/1508/1124
f 1308/1508/1124 1218/1380/2585 1223/1390/2586 1312/1511/1128
f 1312/1511/1128 1223/1390/2586 1216/1389/2587 1306/1513/1130
f 1317/1522/1137 1264/1448/2588 1268/1451/2589 1320/1523/1138
f 1320/1526/1138 1268/1463/2589 1273/1462/2590 1324/1527/1142
f 1324/1527/1142 1273/1462/2590 1266/1461/2591 1318/1530/1144
f 1341/1559/1164 1281/1471/2592 1285/1473/2593 1344/1560/1165
f 1344/1563/1165 1285/1486/2593 1290/1483/2594 1348/1564/1169
f 1348/1564/1169 1290/1483/2594 1283/1482/2595 1342/1567/1171
f 1353/1577/1178 1247/1425/2596 1251/1427/2597 1356/1578/1179
f 1356/1581/1179 1251/1440/2597 1256/1439/2598 1360/1582/1183
f 1360/1582/1183 1256/1439/2598 1249/1438/2599 1354/1585/1185
f 1265/1456/2600 1365/1595/1192 1369/1598/1195 1270/1457/2601
f 1270/1458/2601 1369/1611/1195 1374/1610/1204 1274/1459/2602
f 1274/1459/2602 1374/1610/1204 1367/1609/1203 1266/1461/2591
f 1215/1383/2603 1401/1648/1231 1405/1651/1234 1220/1384/2604
f 1220/1382/2604 1405/1664/1234 1410/1663/1243 1224/1387/2605
f 1224/1387/2605 1410/1663/1243 1403/1662/1242 1216/1389/2587
f 1248/1430/2606 1437/1702/1270 1441/1705/1273 1253/1431/2607
f 1253/1434/2607 1441/1718/1273 1446/1717/1282 1257/1435/2608
f 1257/1435/2608 1446/1717/1282 1439/1716/1281 1249/1438/2599
f 1282/1478/2609 1449/1721/1284 1453/1724/1287 1287/1479/2610
f 1287/1479/2610 1453/1724/1287 1458/1735/1296 1291/1480/2611
f 1291/1480/2611 1458/1735/1296 1451/1734/1295 1283/3424/2595
f 1625/1909/1419 1725/3425/1520 1729/2045/1523 1628/1910/1420
f 1628/1910/1420 1729/2045/1523 1734/2042/1531 1632/1913/1423
f 1632/1913/1423 1734/2042/1531 1727/2041/1530 1626/1915/1425
f 1650/1943/1449 1637/3426/1431 1641/1935/1434 1655/1944/1450
f 1655/1944/1450 1641/1935/1434 1646/1934/1442 1659/1945/1451
f 1659/1945/1451 1646/1934/1442 1639/1933/1441 1651/1947/1453
f 1552/1834/1365 1282/1478/2609 1288/1475/2612 1574/1835/1366
f 1574/1835/1368 1288/1475/2613 1284/1474/2613 1554/1838/1369
f 1554/1797/1329 1284/1472/2614 1281/1471/2592 1545/1794/1326
f 1615/1904/1416 1402/1654/1237 1408/1657/2615 1622/1905/1417
f 1622/1907/2616 1408/1652/2616 1404/1649/2616 1617/1895/2616
f 1617/1895/2617 1404/1649/2617 1401/1648/1231 1613/1892/2618
f 1591/1872/2619 1305/1507/1123 1309/1510/2620 1598/1873/2620
f 1598/1873/2621 1309/1510/2621 1314/1521/2621 1593/1874/2621
f 1593/1861/1386 1314/1518/2622 1307/1517/1134 1589/1858/1383
f 1365/1595/1192 1577/1845/2623 1581/1848/2624 1368/1596/2624
f 1368/1596/2625 1581/1848/2625 1586/1853/2625 1372/1599/2625
f 1372/1604/2626 1586/1856/1381 1579/1855/1380 1366/1601/1198
f 1319/1534/1148 1601/1876/1395 1605/1877/1398 1326/1535/2615
f 1326/1538/2627 1605/1890/2627 1610/1889/2627 1321/1525/2627
f 1321/1525/2628 1610/1889/2628 1603/1888/2629 1317/1522/1137
f 1673/1965/1467 1661/3427/1455 1665/1963/1458 1676/1966/1468
f 1676/1966/1468 1665/1963/1458 1670/1962/1466 1680/1969/1471
f 1680/1969/1471 1670/1962/1466 1663/1961/1465 1674/1971/1473
f 1703/2014/1506 1685/1977/1479 1690/1980/1482 1710/2015/1507
f 1710/2015/1507 1690/1980/1482 1698/1999/1494 1705/2016/1499
f 1705/2005/1499 1698/1998/1494 1688/1997/1493 1701/2002/1496
f 1589/1858/1383 1450/1727/1290 1456/1730/2630 1592/1859/1384
f 1592/1862/2631 1456/1725/2631 1452/1722/2631 1596/1863/2631
f 1596/1863/2632 1452/1722/2632 1449/1721/1284 1590/1866/2633
f 1578/1851/2634 1341/1559/1164 1345/1562/2635 1583/1852/2635
f 1583/1852/2636 1345/1562/2636 1350/1575/2636 1587/1853/2636
f 1587/1857/1378 1350/1572/2637 1343/1571/1175 1579/1855/1380
f 1437/1702/1270 1602/1882/2638 1608/1879/2639 1440/1703/2639
f 1440/1703/2640 1608/1879/2640 1604/1878/2640 1444/1706/2640
f 1444/1711/2641 1604/1877/1396 1601/1876/1395 1438/1708/1276
f 1355/1589/1189 1615/1904/1416 1623/1906/1414 1362/1590/2642
f 1362/1593/2643 1623/1902/2643 1619/1899/2643 1357/1580/2643
f 1357/1580/2644 1619/1899/2644 1614/1898/2645 1353/1577/1178
f 1247/1425/2596 1549/1818/1348 1566/1815/1351 1250/1426/2646
f 1250/1426/1 1566/1815/1346 1562/1814/1346 1254/1428/1
f 1254/1433/2614 1562/1811/1344 1548/1810/1343 1248/1430/2606
f 1546/1800/1332 1265/1456/2600 1271/1453/2647 1556/1801/1333
f 1556/1801/1335 1271/1453/2648 1267/1452/2648 1560/1802/1335
f 1560/1807/1340 1267/1449/2649 1264/1448/2588 1547/1804/1337
f 1214/1377/2584 1551/1830/1359 1572/1827/1362 1217/1378/2650
f 1217/1378/2651 1572/1827/1357 1568/1826/1357 1221/1381/2651
f 1221/1386/2652 1568/1825/1355 1550/1824/1354 1215/1383/2603
f 1590/1866/2633 1552/1834/1365 1575/1837/1363 1595/1867/2653
f 1595/1868/2653 1575/1832/1363 1571/1831/1360 1599/1869/2654
f 1599/1869/2654 1571/1831/1360 1551/1830/1359 1591/1872/2619
f 1545/1794/1326 1578/1851/2634 1584/1849/2655 1553/1795/1327
f 1553/1795/1327 1584/1849/2655 1580/1846/2656 1557/1798/1330
f 1557/1798/1330 1580/1846/2656 1577/1845/2623 1546/1800/1332
f 1602/1882/2638 1548/1810/1343 1563/1813/1341 1607/1883/2657
f 1607/1884/2657 1563/1808/1341 1559/1805/1338 1611/1885/2658
f 1611/1885/2658 1559/1805/1338 1547/1804/1337 1603/1888/2629
f 1613/1892/2618 1550/1824/1354 1569/1821/1352 1616/1893/2659
f 1616/1893/2659 1569/1821/1352 1565/1820/1349 1620/1896/2660
f 1620/1901/2660 1565/1819/1349 1549/1818/1348 1614/1898/2645
f 1637/1921/1431 1627/1919/1429 1635/1917/1427 1640/1922/1432
f 1640/1922/1432 1635/1917/1427 1631/1916/1426 1644/1925/1435
f 1644/1925/1435 1631/1916/1426 1626/1915/1425 1638/1927/1437
f 1661/1949/1455 1649/1937/1443 1653/1940/1446 1664/1950/1456
f 1664/1950/1456 1653/1940/1446 1658/1948/1454 1668/1953/1459
f 1668/1953/1459 1658/1948/1454 1651/1947/1453 1662/1955/1461
f 1702/2008/1502 1675/1975/1477 1683/1973/1475 1707/2009/1503
f 1707/2009/1503 1683/1973/1475 1679/1972/1474 1711/2012/1504
f 1711/2012/1504 1679/1972/1474 1674/1971/1473 1703/2014/1506
f 1713/2019/1508 1702/3428/1502 1708/2006/1500 1716/2020/1509
f 1716/2020/1509 1708/2006/1500 1704/2003/1497 1720/2023/1512
f 1720/2023/1512 1704/2003/1497 1701/2002/1496 1714/2025/1514
f 1687/1989/1489 1727/2041/1530 1735/2044/1528 1695/1990/1490
f 1695/1993/1490 1735/2039/1528 1731/2038/1527 1699/1994/1491
f 1699/1994/1491 1731/2038/1527 1726/2037/1526 1688/1997/1493
f 1638/1927/1437 1687/1989/1489 1696/1992/1487 1643/1928/1438
f 1643/1929/1438 1696/1987/1487 1692/1984/1486 1647/1930/1439
f 1647/1930/1439 1692/1984/1486 1686/1983/1485 1639/1933/1441
f 1725/2031/1520 1715/2029/1518 1723/2027/1516 1728/2032/1521
f 1728/2032/1521 1723/2027/1516 1719/2026/1515 1732/2035/1524
f 1732/2035/1524 1719/2026/1515 1714/2025/1514 1726/2037/1526
f 1662/1955/1461 1686/1983/1485 1693/1986/1483 1667/1956/1462
f 1667/1957/1462 1693/1981/1483 1689/1978/1480 1671/1958/1463
f 1671/1958/1463 1689/1978/1480 1685/1977/1479 1663/1961/1465
f 1989/2317/1736 1625/1909/1419 1629/1912/1422 1994/2318/1737
f 1994/2318/1737 1629/1912/1422 1634/1920/1430 1998/2321/1740
f 1998/2321/1740 1634/1920/1430 1627/1919/1429 1990/2323/1742
f 2045/2393/1798 1929/2242/1676 1935/2245/1679 2048/2394/1799
f 2048/3429/1799 1935/2264/1679 1946/2263/1695 2052/3430/1803
f 2052/3430/1803 1946/2263/1695 1933/2262/1694 2046/3431/1805
f 1931/2252/1686 2009/2342/1756 2013/2345/1759 1940/2253/1687
f 1940/2254/1687 2013/2356/1759 2018/2355/1768 1944/2255/1688
f 1944/2255/1688 2018/2355/1768 2011/2354/1767 1932/2258/1690
f 1715/2029/1518 1933/2262/1694 1947/2260/1692 1722/2030/1519
f 1722/2030/1519 1947/2260/1692 1943/2259/1691 1717/2022/1511
f 1717/2022/1511 1943/2259/1691 1932/2258/1690 1713/2019/1508
f 2010/2348/1762 1949/2267/1696 1955/2270/1699 2015/2349/1763
f 2015/3432/1763 1955/2289/1699 1966/2288/1715 2019/3433/1765
f 2019/3433/1765 1966/2288/1715 1953/2287/1714 2011/3434/1767
f 1951/2277/1706 2021/2359/1770 2025/2362/1773 1960/2278/1707
f 1960/2279/1707 2025/2373/1773 2030/2372/1782 1964/2280/1708
f 1964/2280/1708 2030/2372/1782 2023/2371/1781 1952/2283/1710
f 1675/1975/1477 1953/2287/1714 1967/2285/1712 1682/1976/1478
f 1682/1976/1478 1967/2285/1712 1963/2284/1711 1677/1968/1470
f 1677/1968/1470 1963/2284/1711 1952/2283/1710 1673/1965/1467
f 2022/2365/1776 1971/2302/1726 1981/2305/1724 2027/2366/1777
f 2027/3435/1777 1981/2300/1724 1977/2299/1723 2031/3436/1779
f 2031/3436/1779 1977/2299/1723 1970/2298/1722 2023/3437/1781
f 1973/2312/1734 2033/2376/1784 2037/2379/1787 1986/2313/1735
f 1986/2314/1735 2037/2390/1787 2042/2389/1796 1975/2295/1719
f 1975/2295/1719 2042/2389/1796 2035/2388/1795 1969/2292/1716
f 2034/2382/1790 1991/2327/1746 2001/2330/1744 2039/2383/1791
f 2039/3438/1791 2001/2325/1744 1997/2324/1743 2043/3439/1793
f 2043/3439/1793 1997/2324/1743 1990/2323/1742 2035/3440/1795
f 1993/2337/1754 2047/2405/1809 2055/2408/1811 2006/2338/1755
f 2006/2339/1755 2055/2403/1811 2051/2402/1806 1995/2320/1739
f 1995/2320/1739 2051/2402/1806 2046/2401/1805 1989/2317/1736
f 1814/3441/2661 1737/2048/1532 1741/2051/1535 1816/3442/2662
f 1816/3442/2662 1741/2051/1535 1746/2061/1543 1815/3443/2663
f 1815/3443/2663 1746/2061/1543 1739/2060/1542 1813/3444/2664
f 1738/2056/1538 1761/3445/1556 1765/3446/1559 1743/2057/1539
f 1743/2057/1539 1765/3446/1559 1770/3447/1567 1747/2058/1540
f 1747/2063/1540 1770/2096/1567 1763/2095/1566 1739/2060/1542
f 1762/2091/1562 1817/3448/2665 1819/3449/2666 1767/2092/1563
f 1767/2092/1563 1819/3449/2666 1820/3450/2667 1771/2093/1564
f 1771/2093/1564 1820/3450/2667 1818/3451/2668 1763/2095/1566
f 1761/2083/1556 1749/3452/1544 1753/3453/1547 1764/2084/1557
f 1764/2087/1557 1753/3454/1547 1758/2080/1555 1768/2088/1560
f 1768/2088/1560 1758/2080/1555 1751/2079/1554 1762/2091/1562
f 1750/2073/1550 1809/3455/2669 1811/3456/2670 1755/2074/1551
f 1755/2074/1551 1811/3456/2670 1812/3457/2671 1759/2077/1552
f 1759/2077/1552 1812/3457/2671 1810/3458/2672 1751/2079/1554
f 1930/2248/1682 1821/3459/2673 1823/3460/2674 1937/2249/1683
f 1937/2249/1683 1823/3460/2674 1824/3461/2675 1941/2250/1684
f 1941/2250/1684 1824/3461/2675 1822/3462/2676 1931/2252/1686
f 1830/3463/2677 2010/2348/1762 2016/2346/2678 1832/3464/2679
f 1832/3464/2679 2016/2346/2678 2012/2343/2680 1831/3465/2681
f 1831/3465/2681 2012/2343/2680 2009/2342/1756 1829/3466/2682
f 1826/3467/2683 1950/2273/1702 1958/2271/1700 1828/3468/2684
f 1828/3468/2684 1958/2271/1700 1954/2268/1697 1827/3469/2685
f 1827/3469/2685 1954/2268/1697 1949/2267/1696 1825/3470/2686
f 1797/2129/1592 1785/2114/1580 1789/2117/1583 1800/2130/1593
f 1800/2130/1593 1789/2117/1583 1794/2128/1591 1804/3471/1596
f 1804/3472/1596 1794/2125/1591 1787/2124/1590 1798/3473/1598
f 1773/2098/1568 1799/2141/1602 1807/2144/1600 1776/2099/1569
f 1776/2102/1569 1807/2139/1600 1803/2138/1599 1780/2103/1572
f 1780/2103/1572 1803/2138/1599 1798/2137/1598 1774/2106/1574
f 1775/2110/1578 1826/3467/2683 1828/3468/2684 1782/2111/1579
f 1782/2111/1579 1828/3468/2684 1827/3469/2685 1777/2101/1571
f 1777/2101/1571 1827/3469/2685 1825/3470/2686 1773/2098/1568
f 1829/3466/2682 1797/2129/1592 1801/2132/1595 1831/3465/2681
f 1831/3465/2681 1801/2132/1595 1806/2142/1603 1832/3464/2679
f 1832/3464/2679 1806/2142/1603 1799/2141/1602 1830/3463/2677
f 1821/3459/2673 1786/2120/1586 1792/2118/1584 1823/3460/2674
f 1823/3460/2674 1792/2118/1584 1788/2115/1581 1824/3461/2675
f 1824/3461/2675 1788/2115/1581 1785/2114/1580 1822/3462/2676
f 1809/3455/2669 1992/2333/1750 2004/2331/1748 1811/3456/2670
f 1811/3456/2670 2004/2331/1748 2000/2328/1747 1812/3457/2671
f 1812/3457/2671 2000/2328/1747 1991/2327/1746 1810/3458/2672
f 2033/2376/1784 1818/3451/2668 1820/3450/2667 2036/2377/2687
f 2036/2377/2687 1820/3450/2667 1819/3449/2666 2040/2380/2688
f 2040/2380/2688 1819/3449/2666 1817/3448/2665 2034/2382/1790
f 1972/2308/1730 1814/3441/2661 1816/3442/2662 1983/2309/1731
f 1983/2309/1731 1816/3442/2662 1815/3443/2663 1987/2310/1732
f 1987/2310/1732 1815/3443/2663 1813/3444/2664 1973/2312/1734
f 1910/3474/2689 1972/2308/1730 1984/2306/1728 1912/3475/2690
f 1912/3475/2690 1984/2306/1728 1980/2303/1727 1911/3476/2691
f 1911/3476/2691 1980/2303/1727 1971/2302/1726 1909/3477/2692
f 2021/2359/1770 1913/3478/2693 1915/3479/2694 2024/2360/2695
f 2024/2360/2695 1915/3479/2694 1916/3480/2696 2028/2363/2697
f 2028/2363/2697 1916/3480/2696 1914/3481/2698 2022/2365/1776
f 1950/2273/1702 1905/3482/2699 1907/3483/2700 1957/2274/1703
f 1957/2274/1703 1907/3483/2700 1908/3484/2701 1961/2275/1704
f 1961/2275/1704 1908/3484/2701 1906/3485/2702 1951/2277/1706
f 1922/3486/2703 1833/2146/1604 1837/2149/1607 1924/3487/2704
f 1924/3487/2704 1837/2149/1607 1842/2160/1615 1923/3488/2705
f 1923/3488/2705 1842/2160/1615 1835/2159/1614 1921/3489/2706
f 1834/2152/1610 1857/3490/1628 1861/3491/1631 1839/2153/1611
f 1839/2156/1611 1861/3492/1631 1866/2192/1639 1843/2157/1612
f 1843/2157/1612 1866/2192/1639 1859/2191/1638 1835/2159/1614
f 1858/2185/1634 1925/3493/2707 1927/3494/2708 1863/2186/1635
f 1863/2186/1635 1927/3494/2708 1928/3495/2709 1867/2189/1636
f 1867/2189/1636 1928/3495/2709 1926/3496/2710 1859/2191/1638
f 1857/2179/1628 1845/3497/1616 1849/3498/1619 1860/2180/1629
f 1860/2180/1629 1849/3498/1619 1854/3499/1627 1864/2183/1632
f 1864/2188/1632 1854/2177/1627 1847/2176/1626 1858/2185/1634
f 1846/2172/1622 1917/3500/2711 1919/3501/2712 1851/2173/1623
f 1851/2173/1623 1919/3501/2712 1920/3502/2713 1855/2174/1624
f 1855/2174/1624 1920/3502/2713 1918/3503/2714 1847/2176/1626
f 1992/2333/1750 1922/3486/2703 1924/3487/2704 2003/2334/1751
f 2003/2334/1751 1924/3487/2704 1923/3488/2705 2007/2335/1752
f 2007/2335/1752 1923/3488/2705 1921/3489/2706 1993/2337/1754
f 1925/3493/2707 2045/2393/1798 2049/2396/2715 1927/3494/2708
f 1927/3494/2708 2049/2396/2715 2054/2406/2716 1928/3495/2709
f 1928/3495/2709 2054/2406/2716 2047/2405/1809 1926/3496/2710
f 1917/3500/2711 1930/2248/1682 1938/2246/1680 1919/3501/2712
f 1919/3501/2712 1938/2246/1680 1934/2243/1677 1920/3502/2713
f 1920/3502/2713 1934/2243/1677 1929/2242/1676 1918/3503/2714
f 1895/2237/1674 1881/3504/1652 1885/3505/1655 1902/2238/1675
f 1902/2241/1675 1885/3506/1655 1890/2224/1663 1897/2230/1667
f 1897/2230/1667 1890/2224/1663 1883/2223/1662 1893/2227/1664
f 1882/2217/1658 1910/3474/2689 1912/3475/2690 1887/2218/1659
f 1887/2218/1659 1912/3475/2690 1911/3476/2691 1891/2221/1660
f 1891/2221/1660 1911/3476/2691 1909/3477/2692 1883/2223/1662
f 1913/3478/2693 1894/2233/1670 1900/2231/1668 1915/3479/2694
f 1915/3479/2694 1900/2231/1668 1896/2228/1665 1916/3480/2696
f 1916/3480/2696 1896/2228/1665 1893/2227/1664 1914/3481/2698
f 1871/2207/1650 1895/3507/1674 1903/3508/1672 1878/2208/1651
f 1878/2208/1651 1903/3508/1672 1899/3509/1671 1873/2209/1643
f 1873/2198/1643 1899/2234/1671 1894/2233/1670 1869/2195/1640
f 1905/3482/2699 1870/2201/1646 1876/2199/1644 1907/3483/2700
f 1907/3483/2700 1876/2199/1644 1872/2196/1641 1908/3484/2701
f 1908/3484/2701 1872/2196/1641 1869/2195/1640 1906/3485/2702
f 1450/1727/1290 1750/2073/1550 1756/2076/1548 1455/1728/1291
f 1455/1731/1291 1756/2071/1548 1752/2068/1545 1459/1732/1293
f 1459/1732/1293 1752/2068/1545 1749/2067/1544 1451/1734/1295
f 1737/2048/1532 1343/1571/1175 1351/1574/1177 1740/2049/1533
f 1740/3510/1533 1351/1569/1177 1347/1568/1172 1744/3511/1536
f 1744/3511/1536 1347/1568/1172 1342/1567/1171 1738/3512/1538
f 1438/1708/1276 1775/2110/1578 1783/2113/1576 1443/1709/1277
f 1443/1712/1277 1783/2108/1576 1779/2107/1575 1447/1713/1279
f 1447/1713/1279 1779/2107/1575 1774/2106/1574 1439/1716/1281
f 1786/2120/1586 1355/1589/1189 1363/1592/1191 1791/2121/1587
f 1791/3513/1587 1363/1587/1191 1359/1586/1186 1795/3514/1588
f 1795/3514/1588 1359/1586/1186 1354/1585/1185 1787/3515/1590
f 1402/1654/1237 1846/2172/1622 1852/2169/1620 1407/1655/1238
f 1407/1655/1238 1852/2169/1620 1848/2168/1617 1411/3516/1240
f 1411/3517/1240 1848/2165/1617 1845/2164/1616 1403/3518/1242
f 1833/2146/1604 1307/1517/1134 1315/1520/1136 1836/2147/1605
f 1836/3519/1605 1315/1515/1136 1311/1514/1131 1840/3520/1608
f 1840/3520/1608 1311/1514/1131 1306/1513/1130 1834/3521/1610
f 1366/1601/1198 1882/2217/1658 1888/2220/1656 1371/1602/1199
f 1371/1605/1199 1888/2215/1656 1884/2212/1653 1375/1606/1201
f 1375/1606/1201 1884/2212/1653 1881/2211/1652 1367/1609/1203
f 1870/2201/1646 1319/1534/1148 1327/1537/1150 1875/2202/1647
f 1875/2203/1647 1327/1532/1150 1323/1531/1145 1879/2204/1648
f 1879/2204/1648 1323/1531/1145 1318/1530/1144 1871/2207/1650
f 1329/1540/1151 2059/2424/1822 2068/2427/1820 1332/1541/1152
f 1332/1544/1155 2068/2422/1820 2064/2421/1819 1336/1545/1155
f 1336/1545/1159 2064/2421/1819 2058/2420/1818 1330/1548/1157
f 2059/2424/1822 2074/3522/1832 2077/3523/1831 2067/2425/1823
f 2067/2428/1823 2077/3524/1831 2076/3525/1829 2071/2429/1824
f 2071/2429/1824 2076/3525/1829 2073/3526/1828 2060/2432/1826
f 2078/2442/1833 2058/2420/1818 2065/2417/1816 2081/3527/1834
f 2081/3527/1834 2065/2417/1816 2061/2416/1813 2082/2443/1836
f 2082/3528/1836 2061/2413/1813 2057/2412/1812 2079/3529/1837
f 1226/3530/1049 2095/2473/1858 2104/2470/1856 1229/3531/1050
f 1229/3531/1050 2104/2470/1856 2100/2469/1855 1230/3532/1052
f 1230/1391/1052 2100/2466/1855 2094/2465/1854 1227/1396/1053
f 2083/3533/1838 2096/2477/1862 2107/2480/1860 2086/3534/1839
f 2086/2449/1839 2107/2475/1860 2103/2474/1859 2087/2451/1841
f 2087/2451/1841 2103/2474/1859 2095/2473/1858 2084/3535/1842
f 2093/2459/1848 2089/3536/1847 2092/3537/1846 2097/2460/1849
f 2097/2460/1849 2092/3537/1846 2091/3538/1844 2101/2463/1852
f 2101/2468/1852 2091/3539/1844 2088/3540/1843 2094/2465/1854
f 1293/1489/1110 2112/2504/1878 2123/2501/1876 1296/1490/1111
f 1296/1490/1114 2123/2501/1876 2119/2500/1875 1300/1493/1114
f 1300/1498/1118 2119/2499/1875 2111/2498/1874 1294/1495/1116
f 2125/2509/1880 2111/2498/1874 2120/2495/1872 2128/3541/1881
f 2128/3541/1881 2120/2495/1872 2116/2494/1871 2129/2510/1883
f 2129/3542/1883 2116/2491/1871 2110/2490/1870 2126/3543/1884
f 2112/2504/1878 2131/3544/1889 2134/3545/1888 2122/2505/1879
f 2122/2506/1879 2134/3546/1888 2133/3547/1886 2114/2487/1867
f 2114/2487/1867 2133/3547/1886 2130/3548/1885 2109/2484/1864
f 1259/3549/1086 2148/2551/1914 2159/2554/1912 1262/3550/1087
f 1262/1442/1087 2159/2549/1912 2155/2548/1911 1263/3551/1089
f 1263/3551/1089 2155/2548/1911 2147/2547/1910 1260/3552/1090
f 2146/2541/1906 2141/3553/1899 2144/3554/1898 2152/2542/1907
f 2152/2543/1907 2144/3555/1898 2143/3556/1896 2156/2544/1908
f 2156/2544/1908 2143/3556/1896 2140/2527/1895 2147/2547/1910
f 2135/3557/1890 2145/2533/1900 2150/2536/1903 2138/3558/1891
f 2138/2522/1891 2150/2555/1903 2158/2552/1915 2139/2524/1893
f 2139/2524/1893 2158/2552/1915 2148/2551/1914 2136/3559/1894
f 1474/1757/1316 2161/3560/2340 2163/3561/2717 1479/1758/1317
f 1479/1761/1317 2163/3562/2717 2164/3563/2718 1483/1762/1318
f 1483/1762/1318 2164/3563/2718 2162/3564/2345 1475/1764/1320
f 2161/3560/2340 2166/3147/2340 2168/3148/2342 2163/3561/2717
f 2163/3562/2717 2168/3149/2342 2167/3150/2344 2164/3563/2718
f 2164/3563/2718 2167/3150/2344 2165/3151/2345 2162/3564/2345
f 1107/1274/2527 2169/3565/2346 2171/3566/2719 1114/1275/2720
f 1114/1278/2720 2171/3567/2719 2172/3568/2721 1109/1267/2722
f 1109/1267/2722 2172/3568/2721 2170/3569/2349 1105/1264/960
f 2169/3565/2346 2174/3152/2346 2176/3153/2347 2171/3566/2719
f 2171/3567/2719 2176/3154/2347 2175/3155/2348 2172/3568/2721
f 2172/3568/2721 2175/3155/2348 2173/3156/2349 2170/3569/2349
f 2185/2559/1916 2197/2577/1930 2201/2580/1933 2188/2560/1917
f 2188/2563/1917 2201/2593/1933 2206/2592/1942 2192/2564/1921
f 2192/2564/1921 2206/2592/1942 2199/2591/1941 2186/2567/1923
f 2211/2609/1955 2222/2621/1965 2228/2618/1963 2218/2610/1956
f 2218/2610/1956 2228/2618/1963 2224/2617/1959 2213/2611/1947
f 2213/2598/1947 2224/2614/1959 2221/2613/1958 2209/2595/1944
f 2233/2631/1972 2245/2649/1986 2249/2652/1989 2236/2632/1973
f 2236/2635/1973 2249/2665/1989 2254/2664/1998 2240/2636/1977
f 2240/2636/1977 2254/2664/1998 2247/2663/1997 2234/2639/1979
f 2259/2682/2011 2270/2695/2021 2276/2692/2019 2266/2683/2012
f 2266/2683/2012 2276/2692/2019 2272/2691/2015 2261/2684/2003
f 2261/2671/2003 2272/2688/2015 2269/2687/2014 2257/2668/2000
f 1461/1736/1298 2281/3570/2504 2283/3571/2723 1464/1737/1299
f 1464/1737/1299 2283/3571/2723 2284/3572/2724 1468/1740/1302
f 1468/1745/1302 2284/3573/2724 2282/3574/2509 1462/1742/1304
f 2281/3570/2504 2286/3323/2504 2288/3324/2506 2283/3571/2723
f 2283/3571/2723 2288/3324/2506 2287/3325/2508 2284/3572/2724
f 2284/3573/2724 2287/3326/2508 2285/3327/2509 2282/3574/2509
f 2209/2595/1944 2450/2897/2170 2456/2894/2168 2212/2596/1945
f 2212/2596/1945 2456/2894/2168 2452/2893/2165 2216/2599/2725
f 2216/2604/2725 2452/2890/2165 2449/2889/2164 2210/2601/1950
f 1378/1620/1212 2297/3575/2517 2299/3576/2726 1383/1621/1213
f 1383/1622/1213 2299/3577/2726 2300/3578/2727 1387/1623/1214
f 1387/1623/1214 2300/3578/2727 2298/3579/2523 1379/1625/1216
f 2297/3575/2517 2302/3334/2517 2304/3335/2520 2299/3576/2726
f 2299/3577/2726 2304/3336/2520 2303/3337/2522 2300/3578/2727
f 2300/3578/2727 2303/3337/2522 2301/3338/2523 2298/3579/2523
f 2305/2705/2028 2317/2723/2042 2321/2726/2045 2308/2706/2029
f 2308/2709/2029 2321/2739/2045 2326/2738/2054 2312/2710/2033
f 2312/2710/2033 2326/2738/2054 2319/2737/2053 2306/2713/2035
f 2331/2756/2067 2342/2769/2077 2348/2766/2075 2338/2757/2068
f 2338/2757/2068 2348/2766/2075 2344/2765/2071 2333/2758/2059
f 2333/2745/2059 2344/2762/2071 2341/2761/2070 2329/2742/2056
f 2363/2793/2095 2374/2806/2105 2380/2803/2103 2370/2794/2096
f 2370/2794/2096 2380/2803/2103 2376/2802/2099 2365/2795/2087
f 2365/2782/2087 2376/2799/2099 2373/2798/2098 2361/2779/2084
f 2385/2816/2112 2397/2834/2126 2401/2837/2129 2388/2817/2113
f 2388/2820/2113 2401/2850/2129 2406/2849/2138 2392/2821/2117
f 2392/2821/2117 2406/2849/2138 2399/2848/2137 2386/2824/2119
f 2197/2577/1930 2438/2877/2158 2444/2880/2156 2200/2578/1931
f 2200/2581/1931 2444/2875/2156 2440/2872/2153 2204/2582/2728
f 2204/2582/2728 2440/2872/2153 2437/2871/2152 2198/2585/1936
f 2362/2787/2090 2293/3580/2729 2295/3581/2730 2367/2788/2091
f 2367/2789/2091 2295/3582/2730 2296/3583/2731 2371/2790/2093
f 2371/2790/2093 2296/3583/2731 2294/3584/2732 2363/2793/2095
f 2374/2806/2105 2289/3585/2733 2291/3586/2734 2379/2807/2106
f 2379/2807/2106 2291/3586/2734 2292/3587/2735 2383/2808/2111
f 2383/2813/2111 2292/3588/2735 2290/3589/2736 2375/2810/2109
f 2293/3590/2729 2387/2828/2123 2395/2831/2125 2295/3591/2730
f 2295/3592/2730 2395/2826/2125 2391/2825/2120 2296/3593/2731
f 2296/3593/2731 2391/2825/2120 2386/2824/2119 2294/3594/2732
f 2289/3595/2733 2399/2848/2137 2407/2845/2135 2291/3596/2734
f 2291/3596/2734 2407/2845/2135 2403/2844/2133 2292/3597/2735
f 2292/3598/2735 2403/2843/2133 2398/2842/2132 2290/3599/2736
f 2410/3600/2737 2271/2699/2025 2279/2702/2027 2412/3601/2738
f 2412/3602/2738 2279/2697/2027 2275/2696/2022 2411/3603/2739
f 2411/3603/2739 2275/2696/2022 2270/2695/2021 2409/3604/2740
f 2414/3605/2741 2259/2682/2011 2267/2679/2009 2416/3606/2742
f 2416/3606/2742 2267/2679/2009 2263/2678/2007 2415/3607/2743
f 2415/3608/2743 2263/2677/2007 2258/2676/2006 2413/3609/2744
f 2354/3610/2745 2223/2625/1969 2231/2628/1971 2356/3611/2746
f 2356/3612/2746 2231/2623/1971 2227/2622/1966 2355/3613/2747
f 2355/3613/2747 2227/2622/1966 2222/2621/1965 2353/3614/2748
f 2358/3615/2749 2211/2609/1955 2219/2606/1953 2360/3616/2750
f 2360/3616/2750 2219/2606/1953 2215/2605/1951 2359/3617/2751
f 2359/3618/2751 2215/2602/1951 2210/2601/1950 2357/3619/2752
f 2246/2657/1992 2410/3620/2737 2412/3621/2738 2251/2658/1993
f 2251/2659/1993 2412/3622/2738 2411/3623/2739 2255/2660/1995
f 2255/2660/1995 2411/3623/2739 2409/3624/2740 2247/2663/1997
f 2234/2639/1979 2414/3625/2741 2416/3626/2742 2239/2640/1980
f 2239/2640/1980 2416/3626/2742 2415/3627/2743 2243/2641/1985
f 2243/2646/1985 2415/3628/2743 2413/3629/2744 2235/2643/1983
f 2330/2748/2062 2354/3630/2745 2356/3631/2746 2335/2749/2063
f 2335/2752/2063 2356/3632/2746 2355/3633/2747 2339/2753/2065
f 2339/2753/2065 2355/3633/2747 2353/3634/2748 2331/2756/2067
f 2342/2769/2077 2358/3635/2749 2360/3636/2750 2347/2770/2078
f 2347/2770/2078 2360/3636/2750 2359/3637/2751 2351/2771/2083
f 2351/2776/2083 2359/3638/2751 2357/3639/2752 2343/2773/2081
f 2198/2585/1936 2181/3640/2753 2183/3641/2754 2203/2586/1937
f 2203/2587/1937 2183/3642/2754 2184/3643/2755 2207/2588/1939
f 2207/2588/1939 2184/3643/2755 2182/3644/2756 2199/2591/1941
f 2186/2567/1923 2177/3645/2757 2179/3646/2758 2191/2568/1924
f 2191/2568/1924 2179/3646/2758 2180/3647/2759 2195/2569/1929
f 2195/2574/1929 2180/3648/2759 2178/3649/2760 2187/2571/1927
f 2181/3650/2753 2307/2717/2039 2315/2720/2041 2183/3651/2754
f 2183/3652/2754 2315/2715/2041 2311/2714/2036 2184/3653/2755
f 2184/3653/2755 2311/2714/2036 2306/2713/2035 2182/3654/2756
f 2177/3655/2757 2319/2737/2053 2327/2734/2051 2179/3656/2758
f 2179/3656/2758 2327/2734/2051 2323/2733/2049 2180/3657/2759
f 2180/3658/2759 2323/2732/2049 2318/2731/2048 2178/3659/2760
f 2427/2865/2150 2439/2885/2162 2447/2882/2160 2434/2866/2151
f 2434/2866/2151 2447/2882/2160 2443/2881/2159 2429/2869/2143
f 2429/2856/2143 2443/2878/2159 2438/2877/2158 2425/2853/2140
f 2450/2897/2170 2461/2907/2176 2465/2910/2179 2455/2898/2171
f 2455/2898/2171 2465/2910/2179 2470/2923/2187 2459/2899/2172
f 2459/2904/2172 2470/2922/2187 2463/2921/2186 2451/2901/2174
f 2475/2939/2198 2486/2952/2206 2492/2949/2204 2482/2940/2199
f 2482/2940/2199 2492/2949/2204 2488/2948/2201 2477/2941/2191
f 2477/2928/2191 2488/2945/2201 2485/2944/2200 2473/2925/2188
f 2497/2963/2212 2509/2981/2224 2513/2984/2227 2500/2964/2213
f 2500/2967/2213 2513/2997/2227 2518/2996/2235 2504/2968/2216
f 2504/2968/2216 2518/2996/2235 2511/2995/2234 2498/2971/2218
f 2531/3014/2246 2542/3027/2254 2548/3024/2252 2538/3015/2247
f 2538/3015/2247 2548/3024/2252 2544/3023/2249 2533/3016/2239
f 2533/3003/2239 2544/3020/2249 2541/3019/2248 2529/3000/2236
f 2553/3037/2260 2565/3055/2272 2569/3058/2275 2556/3038/2261
f 2556/3038/2261 2569/3058/2275 2574/3071/2283 2560/3041/2264
f 2560/3046/2264 2574/3070/2283 2567/3069/2282 2554/3043/2266
f 2585/3073/2284 2597/3091/2296 2601/3094/2299 2588/3074/2285
f 2588/3077/2285 2601/3107/2299 2606/3106/2307 2592/3078/2288
f 2592/3078/2288 2606/3106/2307 2599/3105/2306 2586/3081/2290
f 2611/3122/2318 2622/3136/2326 2628/3133/2324 2618/3123/2319
f 2618/3123/2319 2628/3133/2324 2624/3132/2321 2613/3126/2311
f 2613/3113/2311 2624/3129/2321 2621/3128/2320 2609/3110/2308
f 2586/3081/2290 2525/3660/2761 2527/3661/2762 2591/3082/2291
f 2591/3082/2291 2527/3661/2762 2528/3662/2763 2595/3083/2292
f 2595/3088/2292 2528/3663/2763 2526/3664/2764 2587/3085/2294
f 2598/3097/2302 2521/3665/2765 2523/3666/2766 2603/3098/2303
f 2603/3101/2303 2523/3667/2766 2524/3668/2767 2607/3102/2304
f 2607/3102/2304 2524/3668/2767 2522/3669/2768 2599/3105/2306
f 2525/3670/2761 2611/3122/2318 2619/3125/2316 2527/3671/2762
f 2527/3672/2762 2619/3120/2316 2615/3119/2315 2528/3673/2763
f 2528/3673/2763 2615/3119/2315 2610/3118/2314 2526/3674/2764
f 2521/3675/2765 2623/3142/2330 2631/3139/2328 2523/3676/2766
f 2523/3676/2766 2631/3139/2328 2627/3138/2327 2524/3677/2767
f 2524/3678/2767 2627/3137/2327 2622/3136/2326 2522/3679/2768
f 2634/3680/2769 2511/2995/2234 2519/2992/2232 2636/3681/2770
f 2636/3681/2770 2519/2992/2232 2515/2991/2231 2635/3682/2771
f 2635/3683/2771 2515/2990/2231 2510/2989/2230 2633/3684/2772
f 2638/3685/2773 2499/2975/2222 2507/2978/2220 2640/3686/2774
f 2640/3687/2774 2507/2973/2220 2503/2972/2219 2639/3688/2775
f 2639/3688/2775 2503/2972/2219 2498/2971/2218 2637/3689/2776
f 2578/3690/2777 2463/2921/2186 2471/2918/2184 2580/3691/2778
f 2580/3691/2778 2471/2918/2184 2467/2917/2183 2579/3692/2779
f 2579/3693/2779 2467/2914/2183 2462/2913/2182 2577/3694/2780
f 2582/3695/2781 2449/2889/2164 2453/2892/2167 2584/3696/2782
f 2584/3696/2782 2453/2892/2167 2458/2905/2175 2583/3697/2783
f 2583/3698/2783 2458/2902/2175 2451/2901/2174 2581/3699/2784
f 2486/2952/2206 2634/3700/2769 2636/3701/2770 2491/2953/2207
f 2491/2954/2207 2636/3702/2770 2635/3703/2771 2495/2955/2208
f 2495/2955/2208 2635/3703/2771 2633/3704/2772 2487/2958/2210
f 2474/2933/2194 2638/3705/2773 2640/3706/2774 2479/2934/2195
f 2479/2935/2195 2640/3707/2774 2639/3708/2775 2483/2936/2196
f 2483/2936/2196 2639/3708/2775 2637/3709/2776 2475/2939/2198
f 2554/3043/2266 2578/3710/2777 2580/3711/2778 2559/3044/2267
f 2559/3044/2267 2580/3711/2778 2579/3712/2779 2563/3047/2268
f 2563/3052/2268 2579/3713/2779 2577/3714/2780 2555/3049/2270
f 2566/3061/2278 2582/3715/2781 2584/3716/2782 2571/3062/2279
f 2571/3065/2279 2584/3717/2782 2583/3718/2783 2575/3066/2280
f 2575/3066/2280 2583/3718/2783 2581/3719/2784 2567/3069/2282
f 2439/2885/2162 2421/3720/2785 2423/3721/2786 2446/2886/2163
f 2446/2887/2163 2423/3722/2786 2424/3723/2787 2441/2874/2155
f 2441/2874/2155 2424/3723/2787 2422/3724/2788 2437/2871/2152
f 2426/2861/2146 2417/3725/2789 2419/3726/2790 2431/2862/2147
f 2431/2862/2147 2419/3726/2790 2420/3727/2791 2435/2863/2148
f 2435/2868/2148 2420/3728/2791 2418/3729/2792 2427/2865/2150
f 2421/3730/2785 2531/3014/2246 2539/3011/2244 2423/3731/2786
f 2423/3731/2786 2539/3011/2244 2535/3010/2243 2424/3732/2787
f 2424/3733/2787 2535/3009/2243 2530/3008/2242 2422/3734/2788
f 2417/3735/2789 2543/3031/2258 2551/3034/2256 2419/3736/2790
f 2419/3737/2790 2551/3029/2256 2547/3028/2255 2420/3738/2791
f 2420/3738/2791 2547/3028/2255 2542/3027/2254 2418/3739/2792
f 2343/2773/2081 2566/3061/2278 2572/3064/2276 2350/2774/2793
f 2350/2777/2793 2572/3059/2276 2568/3056/2273 2345/2764/2073
f 2345/2764/2073 2568/3056/2273 2565/3055/2272 2341/2761/2070
f 2555/3049/2270 2330/2748/2062 2336/2751/2794 2562/3050/2271
f 2562/3053/2271 2336/2746/2794 2332/2743/2057 2557/3040/2263
f 2557/3040/2263 2332/2743/2057 2329/2742/2056 2553/3037/2260
f 2609/3110/2308 2385/2816/2112 2389/2819/2115 2612/3111/2309
f 2612/3114/2309 2389/2832/2115 2394/2829/2795 2616/3115/2312
f 2616/3115/2312 2394/2829/2795 2387/2828/2123 2610/3118/2314
f 2425/2853/2140 2185/2559/1916 2189/2562/1919 2428/2854/2141
f 2428/2857/2141 2189/2575/1919 2194/2572/2796 2432/2858/2144
f 2432/2858/2144 2194/2572/2796 2187/2571/1927 2426/2861/2146
f 2245/2649/1986 2485/2944/2200 2489/2947/2203 2248/2650/1987
f 2248/2653/1987 2489/2960/2203 2494/2959/2211 2252/2654/2797
f 2252/2654/2797 2494/2959/2211 2487/2958/2210 2246/2657/1992
f 2223/2625/1969 2462/2913/2182 2468/2916/2180 2230/2626/2798
f 2230/2629/2798 2468/2911/2180 2464/2908/2177 2225/2616/1961
f 2225/2616/1961 2464/2908/2177 2461/2907/2176 2221/2613/1958
f 2397/2834/2126 2621/3128/2320 2625/3131/2323 2400/2835/2127
f 2400/2838/2127 2625/3144/2323 2630/3143/2331 2404/2839/2799
f 2404/2839/2799 2630/3143/2331 2623/3142/2330 2398/2842/2132
f 2473/2925/2188 2233/2631/1972 2237/2634/1975 2476/2926/2189
f 2476/2929/2189 2237/2647/1975 2242/2644/2800 2480/2930/2192
f 2480/2930/2192 2242/2644/2800 2235/2643/1983 2474/2933/2194
f 2509/2981/2224 2269/2687/2014 2273/2690/2017 2512/2982/2225
f 2512/2985/2225 2273/2703/2017 2278/2700/2801 2516/2986/2228
f 2516/2986/2228 2278/2700/2801 2271/2699/2025 2510/2989/2230
f 2257/2668/2000 2497/2963/2212 2501/2966/2215 2260/2669/2001
f 2260/2672/2001 2501/2979/2215 2506/2976/2223 2264/2673/2802
f 2264/2673/2802 2506/2976/2223 2499/2975/2222 2258/2676/2006
f 2529/3000/2236 2305/2705/2028 2309/2708/2031 2532/3001/2237
f 2532/3004/2237 2309/2721/2031 2314/2718/2803 2536/3005/2240
f 2536/3005/2240 2314/2718/2803 2307/2717/2039 2530/3008/2242
f 2361/2779/2084 2585/3073/2284 2589/3076/2287 2364/2780/2085
f 2364/2783/2085 2589/3089/2287 2594/3086/2295 2368/2784/2804
f 2368/2784/2804 2594/3086/2295 2587/3085/2294 2362/2787/2090
f 2375/2810/2109 2598/3097/2302 2604/3100/2300 2382/2811/2805
f 2382/2814/2805 2604/3095/2300 2600/3092/2297 2377/2801/2101
f 2377/2801/2101 2600/3092/2297 2597/3091/2296 2373/2798/2098
f 2317/2723/2042 2541/3019/2248 2545/3022/2251 2320/2724/2043
f 2320/2727/2043 2545/3035/2251 2550/3032/2259 2324/2728/2806
f 2324/2728/2806 2550/3032/2259 2543/3031/2258 2318/2731/2048
f 57/37/2 165/158/110 953/3270/2457 950/3257/2441
f 1070/3262/2425 1085/3308/2479 166/164/116 59/49/9
f 19/30/1 1069/3266/2432 58/45/2453 949/3261/2448
f 154/152/104 71/63/24 942/3241/2440 945/3252/2436
f 1095/1259/957 941/3244/2437 70/59/20 1061/3248/2393
f 1089/3312/2483 1062/3245/2390 69/53/14 153/146/98
f 81/65/26 177/170/122 1077/3288/2471 1074/3280/2398
f 1017/3275/2441 1021/3279/2457 178/176/128 83/78/33
f 20/29/1 1018/3271/2458 82/71/2515 1073/3284/2406
f 190/188/140 93/80/38 1066/3253/2394 1081/3300/2475
f 1009/3236/2436 1013/3240/2440 94/86/44 189/182/134
f 1065/3256/2397 95/90/48 1014/3237/2437 1106/1270/967
f 105/92/50 225/218/170 1177/3304/2479 1166/3224/2425
f 934/3219/2407 937/3232/2418 226/224/176 107/105/57
f 24/35/1 933/3223/2424 106/98/2423 1165/3228/2432
f 237/230/182 119/117/72 1154/3189/2390 1181/3316/2483
f 925/3188/2389 1187/1346/1020 1153/3192/2393 118/113/68
f 930/3184/2385 926/3185/2386 117/107/62 239/240/192
f 129/119/74 201/194/146 1005/3218/2418 1002/3210/2407
f 1162/3205/2398 1169/3292/2471 202/200/152 131/132/81
f 25/33/1 1161/3209/2406 130/125/2405 1001/3214/2414
f 214/212/164 143/144/96 994/3193/2386 997/3204/2385
f 142/140/92 1157/3200/2397 1198/1360/1030 993/3196/2389
f 1173/3296/2475 1158/3197/2394 141/134/86 213/206/158
f 155/156/108 946/3249/2433 954/3267/2454 167/168/120
f 1090/3309/2480 155/156/108 167/168/120 1086/3305/2476
f 191/192/144 1082/3297/2472 1078/3285/2468 179/180/132
f 1010/3233/2433 191/192/144 179/180/132 1022/3276/2454
f 215/216/168 998/3201/2382 1006/3215/2415 203/204/156
f 1174/3293/2472 215/216/168 203/204/156 1170/3289/2468
f 238/236/188 1182/3313/2480 1178/3301/2476 227/228/180
f 929/3181/2382 238/236/188 227/228/180 938/3229/2415
f 553/643/498 251/254/2336 366/406/314 522/609/472
f 250/3322/2368 355/392/304 16/6/1 17/5/1
f 18/31/1 367/412/318 250/250/2368 17/32/1
f 540/641/496 353/380/294 249/242/2339 556/659/512
f 457/519/402 261/261/2332 315/342/267 426/485/376
f 313/328/256 263/273/2353 23/16/1 22/15/1
f 444/517/400 301/310/242 262/269/2335 460/535/416
f 23/36/1 263/3158/2353 303/322/252 21/34/1
f 1130/1304/991 297/3164/2358 275/289/228 1141/1316/997
f 297/3164/2358 411/471/364 396/457/352 275/289/228
f 997/3204/2385 994/3193/2386 273/277/218 395/451/348
f 993/3196/2389 1198/1360/1030 1142/1322/1003 274/283/224
f 1117/1280/973 286/302/236 298/3168/2361 1129/1298/985
f 286/302/236 380/433/336 412/477/368 298/3168/2361
f 287/306/240 1119/1294/983 1187/1346/1020 925/3188/2389
f 377/417/322 285/294/230 926/3185/2386 930/3184/2385
f 302/316/248 443/511/396 937/3232/2418 934/3219/2407
f 21/34/1 303/322/252 933/3223/2424 24/35/1
f 1002/3210/2407 1005/3218/2418 427/489/380 314/336/263
f 22/15/1 25/33/1 1001/3214/2414 313/328/256
f 327/359/280 1025/1195/906 1037/1211/919 349/3159/2354
f 349/3159/2354 507/595/460 492/581/448 327/359/280
f 945/3252/2436 942/3241/2440 325/347/270 491/575/444
f 1026/1201/912 326/353/276 941/3244/2437 1095/1259/957
f 350/3163/2357 1039/1225/932 1049/1230/934 338/372/288
f 338/372/288 476/557/432 508/601/464 350/3163/2357
f 1106/1270/967 1014/3237/2437 339/376/292 1051/1243/945
f 473/541/418 337/364/282 1013/3240/2440 1009/3236/2436
f 354/386/300 539/635/492 1021/3279/2457 1017/3275/2441
f 16/6/1 355/392/304 1018/3271/2458 20/29/1
f 950/3257/2441 953/3270/2457 523/613/476 365/398/308
f 18/31/1 19/30/1 949/3261/2448 367/412/318
f 379/429/332 441/499/386 459/531/412 409/459/354
f 378/423/328 929/3181/2382 938/3229/2415 442/505/392
f 410/465/360 458/525/408 425/479/370 393/439/338
f 998/3201/2382 394/445/344 428/495/384 1006/3215/2415
f 475/553/428 537/623/482 555/655/508 505/583/450
f 474/547/424 1010/3233/2433 1022/3276/2454 538/629/488
f 506/589/456 554/649/504 521/603/466 489/563/434
f 946/3249/2433 490/569/440 524/619/480 954/3267/2454
f 569/665/514 835/1020/788 1169/3292/2471 1162/3205/2398
f 836/1026/792 571/679/526 891/1095/2377 849/1028/794
f 14/27/1 889/3174/2373 570/671/520 15/28/1
f 15/28/1 570/671/520 1161/3209/2406 25/33/1
f 1074/3280/2398 1077/3288/2471 819/998/772 583/698/540
f 14/26/1 13/25/1 582/690/534 889/1083/2373
f 13/25/1 20/29/1 1073/3284/2406 582/690/534
f 850/1034/800 890/1089/2493 581/684/528 818/994/768
f 595/714/552 957/1136/870 969/1155/882 617/3169/2369
f 594/708/548 1065/3256/2397 1106/1270/967 958/1142/876
f 617/3169/2369 803/980/756 788/966/744 595/714/552
f 1081/3300/2475 1066/3253/2394 593/702/542 787/960/740
f 618/3173/2372 971/1167/892 982/1184/900 606/727/560
f 606/727/560 772/942/728 804/986/760 618/3173/2372
f 1157/3200/2397 607/731/564 981/1176/894 1198/1360/1030
f 769/926/714 605/719/554 1158/3197/2394 1173/3296/2475
f 621/735/566 739/898/692 1085/3308/2479 1070/3262/2425
f 740/904/696 623/747/578 866/1056/2492 753/906/698
f 10/23/1 867/3317/2484 622/743/572 11/24/1
f 11/24/1 622/743/572 1069/3266/2432 19/30/1
f 1166/3224/2425 1177/3304/2479 723/876/676 635/767/592
f 12/21/1 634/759/586 867/1059/2484 10/22/1
f 12/21/1 24/35/1 1165/3228/2432 634/759/586
f 754/912/704 865/1048/2488 633/753/580 722/872/672
f 878/1070/828 669/3176/2378 647/783/604 915/1130/868
f 1187/1346/1020 913/1118/858 646/777/600 1153/3192/2393
f 669/3176/2378 707/858/660 692/844/648 647/783/604
f 1181/3316/2483 1154/3189/2390 645/771/594 691/838/644
f 901/1100/846 658/796/612 670/3180/2381 877/1064/822
f 658/796/612 676/820/632 708/864/664 670/3180/2381
f 903/1112/856 1095/1259/957 1061/3248/2393 659/800/616
f 673/804/618 657/788/606 1062/3245/2390 1089/3312/2483
f 675/816/628 737/886/682 756/924/712 705/846/650
f 674/810/624 1090/3309/2480 1086/3305/2476 738/892/688
f 706/852/656 755/918/708 721/866/666 689/826/634
f 1182/3313/2480 690/832/640 724/882/680 1178/3301/2476
f 771/938/724 833/1008/778 852/1046/808 801/968/746
f 770/932/720 1174/3293/2472 1170/3289/2468 834/1014/784
f 802/974/752 851/1040/804 817/988/762 785/948/730
f 1082/3297/2472 786/954/736 820/1004/776 1078/3285/2468
f 56/3740/2807 902/1108/852 879/1078/832
f 879/3330/832 914/1126/864 56/3741/2807
f 1093/1247/947 902/1108/852 2306/2713/2035 2301/3338/2523
f 902/1108/852 56/3740/2807 2182/3654/2756 2306/2713/2035
f 56/3741/2807 914/1126/864 2199/2591/1941 2182/3644/2756
f 914/1126/864 1186/1342/1015 2286/3323/2504 2199/2591/1941
f 959/1150/880 1105/1264/960 2170/3569/2349 2331/2756/2067
f 54/3742/2808 959/1150/880 2331/2756/2067 2353/3634/2748
f 970/3331/888 959/1150/880 54/3742/2808
f 983/1190/904 970/1163/888 54/3743/2808
f 54/3743/2808 2353/3614/2748 2222/2621/1965 983/1190/904
f 1199/1366/1034 983/1190/904 2222/2621/1965 2165/3151/2345
f 1038/3339/925 1027/1208/916 2247/2663/1997 2409/3624/2740
f 1027/1208/916 1094/1253/2518 2302/3334/2517 2247/2663/1997
f 1050/1236/941 1038/1217/925 2409/3604/2740 2270/2695/2021
f 1107/1274/2527 1050/1236/941 2270/2695/2021 2169/3565/2346
f 55/3744/2809 1118/1286/979 1131/1310/995
f 1185/1334/1009 1118/1286/979 2386/2824/2119 2285/3327/2509
f 1118/1286/979 55/3744/2809 2294/3594/2732 2386/2824/2119
f 1131/3342/995 1143/1328/1007 55/3745/2809
f 1143/1328/1007 1197/1352/1023 2166/3147/2340 2363/2793/2095
f 55/3745/2809 1143/1328/1007 2363/2793/2095 2294/3584/2732
f 1210/3343/1041 2109/2484/1864 2130/3548/1885 1491/1770/2810 1490/1769/2578
f 1211/1373/1039 1210/3343/1041 1490/1769/2578 1232/1405/1060
f 1209/3346/1037 1211/3746/1039 1232/3423/1060 1511/1780/2583
f 1511/1780/2583 1515/1786/2811 2126/3543/1884 2110/2490/1870 1209/3346/1037
f 1214/1377/2584 1305/1507/1123 1591/1872/2619 1551/1830/1359
f 2083/2448/1838 2085/2450/1840 1216/1389/2587 1403/1662/1242 1533/3393/2544
f 2130/2515/1885 2132/2517/1887 1216/1389/2587 1492/3747/2812 1491/3748/2810
f 1215/1383/2603 1550/1824/1354 1613/1892/2618 1401/1648/1231
f 1216/1389/2587 2085/2450/1840 2084/3535/1842 1493/3749/2813 1492/3747/2812
f 1306/1513/1130 1216/1389/2587 2132/2517/1887 2131/3544/1889 1485/3399/2560
f 2084/3535/1842 2095/2473/1858 1226/3530/1049 1489/3415/2574 1493/3749/2813
f 1226/3530/1049 1228/3750/1051 1233/3416/1066 1489/3415/2574
f 1233/1409/1066 1228/1393/1051 1227/1396/1053 1523/3414/2573
f 2094/2465/1854 2088/3540/1843 1524/3751/2814 1523/3414/2573 1227/1396/1053
f 1234/1417/1072 1261/1444/1088 1260/3552/1090 1501/1776/2564
f 1231/1397/1054 1278/1467/1100 1277/3347/1102 1512/3419/2579
f 1500/3408/2568 1276/3350/1098 1278/3752/1100 1231/3409/1054
f 1259/3549/1086 1261/3753/1088 1234/3410/1072 1522/1787/2569
f 1247/1425/2596 1353/1577/1178 1614/1898/2645 1549/1818/1348
f 1249/1438/2599 1439/1716/1281 1538/3384/2555 2135/2521/1890 2137/2523/1892
f 2088/2454/1843 2090/2456/1845 1249/1438/2599 1525/1792/2815 1524/1791/2814
f 1248/1430/2606 1548/1810/1343 1602/1882/2638 1437/1702/1270
f 1354/1585/1185 1249/1438/2599 2090/2456/1845 2089/3536/1847 1518/3364/2540
f 2137/2523/1892 2136/3559/1894 1526/1793/2816 1525/1792/2815 1249/1438/2599
f 2136/3559/1894 2148/2551/1914 1259/3549/1086 1522/1787/2569 1526/1793/2816
f 2147/2547/1910 2140/2527/1895 1502/1777/2817 1501/1776/2564 1260/3552/1090
f 1264/1448/2588 1317/1522/1137 1603/1888/2629 1547/1804/1337
f 2078/2442/1833 2080/2444/1835 1266/1461/2591 1367/1609/1203 1530/3355/2535
f 2140/2527/1895 2142/2529/1897 1266/1461/2591 1503/1778/2818 1502/1777/2817
f 1365/1595/1192 1265/1456/2600 1546/1800/1332 1577/1845/2623
f 1266/1461/2591 2080/2444/1835 2079/2447/1837 1504/1779/2819 1503/1778/2818
f 1318/1530/1144 1266/1461/2591 2142/2529/1897 2141/2532/1899 1496/3380/2551
f 1277/3347/1102 2060/2432/1826 2073/3526/1828 1513/3754/2820 1512/3419/2579
f 1500/3408/2568 1504/3755/2819 2079/3529/1837 2057/2412/1812 1276/3350/1098
f 1341/1559/1164 1578/1851/2634 1545/1794/1326 1281/1471/2592
f 1283/3424/2595 1451/1734/1295 1542/3394/2556 2125/2509/1880 2127/2511/1882
f 2073/2437/1828 2075/2439/1830 1283/1482/2595 1514/3756/2821 1513/3757/2820
f 1282/1478/2609 1552/1834/1365 1590/1866/2633 1449/1721/1284
f 1342/1567/1171 1283/1482/2595 2075/2439/1830 2074/3522/1832 1508/3360/2539
f 2127/2511/1882 2126/2514/1884 1515/3758/2811 1514/3759/2821 1283/3424/2595
f 2131/3544/1889 2112/2504/1878 1293/1489/1110 1485/3399/2560
f 1541/3398/2559 27/3760/2809 1295/3404/1121
f 27/3761/2809 1486/3403/2563 1295/1501/1121
f 2111/2498/1874 2125/2509/1880 1542/3394/2556 1294/1495/1116
f 1922/3486/2703 1589/1858/1383 1307/1517/1134 1833/2146/1604
f 1834/3521/1610 1306/1513/1130 1485/3399/2560 37/3762/2822
f 1319/1534/1148 1870/2201/1646 1905/3482/2699 1601/1876/1395
f 1871/2207/1650 1318/1530/1144 1496/3380/2551 40/3763/2823
f 2074/3522/1832 2059/2424/1822 1329/1540/1151 1508/3360/2539
f 1529/3351/2532 26/3764/2807 1331/3361/1162
f 26/3765/2807 1507/3356/2536 1331/1554/1162
f 2058/2420/1818 2078/2442/1833 1530/3355/2535 1330/1548/1157
f 1814/3441/2661 1579/1855/1380 1343/1571/1175 1737/2048/1532
f 1738/3512/1538 1342/1567/1171 1508/3360/2539 31/3766/2824
f 1355/1589/1189 1786/2120/1586 1821/3459/2673 1615/1904/1416
f 1787/3515/1590 1354/1585/1185 1518/3364/2540 34/3767/2825
f 1882/2217/1658 1366/1601/1198 1579/1855/1380 1910/3474/2689
f 1367/1609/1203 1881/2211/1652 39/3768/2826 1530/3355/2535
f 1379/1625/1216 44/3769/2807 1529/3351/2532
f 2234/2639/1979 2297/3575/2517 1378/1620/1212 51/3770/2827
f 2298/3579/2523 2319/2737/2053 44/3769/2807 1379/1625/1216
f 1530/3355/2535 39/3768/2826 41/3771/2828 40/3763/2823 1496/3380/2551 1377/1614/1206
f 51/3770/2827 1378/1620/1212 1497/3377/2548
f 28/3772/2808 1519/3368/2543 1391/1643/1229
f 1390/1635/1224 2096/2477/1862 2083/3533/1838 1533/3369/2544
f 1534/3375/2547 28/3773/2808 1391/3376/1229
f 1518/3364/2540 2089/3536/1847 2093/2459/1848 1389/1629/1218
f 1615/1904/1416 1917/3500/2711 1846/2172/1622 1402/1654/1237
f 1403/3518/1242 1845/2164/1616 36/3774/2829 1533/3775/2544
f 2342/2769/2077 2173/3156/2349 1415/1679/1255 46/3776/2808
f 1413/1667/1245 53/3777/2827 1537/3381/2552
f 2174/3152/2346 2259/2682/2011 53/3777/2827 1413/1667/1245
f 46/3776/2808 1415/1679/1255 1519/3368/2543
f 1518/3364/2540 1414/1673/1251 1538/3384/2555 33/3778/2830 35/3779/2831 34/3767/2825
f 29/3780/2827 1497/3377/2548 1427/1697/1268
f 1426/1689/1263 2145/2533/1900 2135/3557/1890 1538/3385/2555
f 1537/3381/2552 29/3781/2827 1427/3389/1268
f 1496/3390/2551 2141/3553/1899 2146/2541/1906 1425/1683/1257
f 1775/2110/1578 1438/1708/1276 1601/1876/1395 1826/3467/2683
f 1439/1716/1281 1774/2106/1574 33/3778/2830 1538/3384/2555
f 1589/1858/1383 1809/3455/2669 1750/2073/1550 1450/1727/1290
f 1451/1734/1295 1749/2067/1544 30/3782/2832 1542/3394/2556
f 43/3783/2807 1461/1736/1298 1507/3356/2536
f 1542/3394/2556 30/3782/2832 32/3784/2833 31/3785/2824 1508/3392/2539 1463/1749/1308
f 2186/2567/1923 2281/3570/2504 1461/1736/1298 43/3783/2807
f 1462/1742/1304 49/3786/2809 1541/3398/2559
f 2282/3574/2509 2399/2848/2137 49/3786/2809 1462/1742/1304
f 1475/1764/1320 45/3787/2808 1534/3375/2547
f 2374/2806/2105 2161/3560/2340 1474/1757/1316 48/3788/2809
f 2162/3564/2345 2211/2609/1955 45/3787/2808 1475/1764/1320
f 1473/1751/1310 1533/3393/2544 36/3789/2829 38/3790/2834 37/3762/2822 1485/3399/2560
f 48/3788/2809 1474/1757/1316 1486/3403/2563
f 50/3791/2809 48/3788/2809 1486/3403/2563 27/3761/2809
f 52/3792/2827 51/3770/2827 1497/3377/2548 29/3780/2827
f 42/3793/2807 43/3783/2807 1507/3356/2536 26/3765/2807
f 47/3794/2808 46/3776/2808 1519/3368/2543 28/3772/2808
f 44/3769/2807 42/3795/2807 26/3764/2807 1529/3351/2532
f 45/3787/2808 47/3796/2808 28/3773/2808 1534/3375/2547
f 53/3777/2827 52/3797/2827 29/3781/2827 1537/3381/2552
f 49/3786/2809 50/3798/2809 27/3760/2809 1541/3398/2559
f 1910/3474/2689 1579/1855/1380 1814/3441/2661 1972/2308/1730
f 1992/2333/1750 1809/3455/2669 1589/1858/1383 1922/3486/2703
f 1601/1876/1395 1905/3482/2699 1950/2273/1702 1826/3467/2683
f 1821/3459/2673 1930/2248/1682 1917/3500/2711 1615/1904/1416
f 1727/2041/1530 1638/1927/1437 1626/1915/1425
f 2035/3440/1795 1990/2323/1742 1627/1919/1429 1637/1921/1431
f 1989/2317/1736 2046/2401/1805 1725/3425/1520 1625/1909/1419
f 1969/2292/1716 2035/2388/1795 1637/3426/1431 1650/1943/1449
f 1639/1933/1441 1686/1983/1485 1662/1955/1461
f 1639/1933/1441 1662/1955/1461 1651/1947/1453
f 1727/2041/1530 1687/1989/1489 1638/1927/1437
f 2023/3437/1781 1970/2298/1722 1649/1937/1443 1661/1949/1455
f 1952/2283/1710 2023/2371/1781 1661/3427/1455 1673/1965/1467
f 1663/1961/1465 1685/1977/1479 1703/2014/1506
f 1663/1961/1465 1703/2014/1506 1674/1971/1473
f 2011/3434/1767 1953/2287/1714 1675/1975/1477 1702/2008/1502
f 1701/2002/1496 1688/1997/1493 1726/2037/1526
f 1932/2258/1690 2011/2354/1767 1702/3428/1502 1713/2019/1508
f 1701/2002/1496 1726/2037/1526 1714/2025/1514
f 2046/3431/1805 1933/2262/1694 1715/2029/1518 1725/2031/1520
f 1813/3444/2664 1739/2060/1542 1763/2095/1566 1818/3451/2668
f 1738/2056/1538 31/3785/2824 32/3784/2833 1761/3445/1556
f 1761/2083/1556 32/3799/2833 30/3800/2832 1749/3452/1544
f 1817/3448/2665 1762/2091/1562 1751/2079/1554 1810/3458/2672
f 1773/2098/1568 1825/3470/2686 1830/3463/2677 1799/2141/1602
f 1798/2137/1598 35/3779/2831 33/3778/2830 1774/2106/1574
f 1797/2129/1592 1829/3466/2682 1822/3462/2676 1785/2114/1580
f 1787/2124/1590 34/3801/2825 35/3802/2831 1798/3473/1598
f 1810/3458/2672 1991/2327/1746 2034/2382/1790 1817/3448/2665
f 1818/3451/2668 2033/2376/1784 1973/2312/1734 1813/3444/2664
f 1931/2252/1686 1822/3462/2676 1829/3466/2682 2009/2342/1756
f 2010/2348/1762 1830/3463/2677 1825/3470/2686 1949/2267/1696
f 1921/3489/2706 1835/2159/1614 1859/2191/1638 1926/3496/2710
f 1834/2152/1610 37/3803/2822 38/3804/2834 1857/3490/1628
f 1857/2179/1628 38/3790/2834 36/3789/2829 1845/3497/1616
f 1925/3493/2707 1858/2185/1634 1847/2176/1626 1918/3503/2714
f 1871/2207/1650 40/3763/2823 41/3771/2828 1895/3507/1674
f 1894/2233/1670 1913/3478/2693 1906/3485/2702 1869/2195/1640
f 1895/2237/1674 41/3805/2828 39/3806/2826 1881/3504/1652
f 1883/2223/1662 1909/3477/2692 1914/3481/2698 1893/2227/1664
f 1913/3478/2693 2021/2359/1770 1951/2277/1706 1906/3485/2702
f 1909/3477/2692 1971/2302/1726 2022/2365/1776 1914/3481/2698
f 2045/2393/1798 1925/3493/2707 1918/3503/2714 1929/2242/1676
f 1993/2337/1754 1921/3489/2706 1926/3496/2710 2047/2405/1809
f 2363/2793/2095 2166/3147/2340 2161/3560/2340 2374/2806/2105
f 2165/3151/2345 2222/2621/1965 2211/2609/1955 2162/3564/2345
f 2331/2756/2067 2170/3569/2349 2173/3156/2349 2342/2769/2077
f 2169/3565/2346 2270/2695/2021 2259/2682/2011 2174/3152/2346
f 2177/3645/2757 2186/2567/1923 43/3783/2807 42/3793/2807
f 2178/3659/2760 2318/2731/2048 2543/3031/2258 2417/3735/2789
f 2187/2571/1927 2178/3649/2760 2417/3725/2789 2426/2861/2146
f 2319/2737/2053 2177/3655/2757 42/3795/2807 44/3769/2807
f 2307/2717/2039 2181/3650/2753 2422/3734/2788 2530/3008/2242
f 2181/3640/2753 2198/2585/1936 2437/2871/2152 2422/3724/2788
f 2197/2577/1930 2185/2559/1916 2425/2853/2140 2438/2877/2158
f 2199/2591/1941 2286/3323/2504 2281/3570/2504 2186/2567/1923
f 2211/2609/1955 2358/3615/2749 47/3796/2808 45/3787/2808
f 2209/2595/1944 2221/2613/1958 2461/2907/2176 2450/2897/2170
f 2357/3619/2752 2210/2601/1950 2449/2889/2164 2582/3695/2781
f 2223/2625/1969 2354/3610/2745 2577/3694/2780 2462/2913/2182
f 2235/2643/1983 2413/3629/2744 2638/3705/2773 2474/2933/2194
f 2245/2649/1986 2233/2631/1972 2473/2925/2188 2485/2944/2200
f 2414/3625/2741 2234/2639/1979 51/3770/2827 52/3792/2827
f 2247/2663/1997 2302/3334/2517 2297/3575/2517 2234/2639/1979
f 2410/3620/2737 2246/2657/1992 2487/2958/2210 2633/3704/2772
f 2259/2682/2011 2414/3605/2741 52/3797/2827 53/3777/2827
f 2413/3609/2744 2258/2676/2006 2499/2975/2222 2638/3685/2773
f 2257/2668/2000 2269/2687/2014 2509/2981/2224 2497/2963/2212
f 2271/2699/2025 2410/3600/2737 2633/3684/2772 2510/2989/2230
f 2285/3327/2509 2386/2824/2119 2399/2848/2137 2282/3574/2509
f 2289/3585/2733 2374/2806/2105 48/3788/2809 50/3791/2809
f 2290/3599/2736 2398/2842/2132 2623/3142/2330 2521/3675/2765
f 2375/2810/2109 2290/3589/2736 2521/3665/2765 2598/3097/2302
f 2399/2848/2137 2289/3595/2733 50/3798/2809 49/3786/2809
f 2293/3580/2729 2362/2787/2090 2587/3085/2294 2526/3664/2764
f 2387/2828/2123 2293/3590/2729 2526/3674/2764 2610/3118/2314
f 2301/3338/2523 2306/2713/2035 2319/2737/2053 2298/3579/2523
f 2317/2723/2042 2305/2705/2028 2529/3000/2236 2541/3019/2248
f 2354/3630/2745 2330/2748/2062 2555/3049/2270 2577/3714/2780
f 2329/2742/2056 2341/2761/2070 2565/3055/2272 2553/3037/2260
f 2358/3635/2749 2342/2769/2077 46/3776/2808 47/3794/2808
f 2343/2773/2081 2357/3639/2752 2582/3715/2781 2566/3061/2278
f 2361/2779/2084 2373/2798/2098 2597/3091/2296 2585/3073/2284
f 2397/2834/2126 2385/2816/2112 2609/3110/2308 2621/3128/2320
f 2531/3014/2246 2421/3730/2785 2418/3739/2792 2542/3027/2254
f 2421/3720/2785 2439/2885/2162 2427/2865/2150 2418/3729/2792
f 2463/2921/2186 2578/3690/2777 2581/3699/2784 2451/2901/2174
f 2634/3700/2769 2486/2952/2206 2475/2939/2198 2637/3709/2776
f 2511/2995/2234 2634/3680/2769 2637/3689/2776 2498/2971/2218
f 2611/3122/2318 2525/3670/2761 2522/3679/2768 2622/3136/2326
f 2525/3660/2761 2586/3081/2290 2599/3105/2306 2522/3669/2768
f 2578/3710/2777 2554/3043/2266 2567/3069/2282 2581/3719/2784
